anio,provincia,provincia_id,departamento,departamento_id,localidad,localidad_id,quintales
2012,Buenos Aires,06,Coronel Suárez,06203,Villa La Arcadia,06203100,765.1
2012,Buenos Aires,06,General Pueyrredón,06357,Chapadmalal,06357080,670.84
2012,Buenos Aires,06,Tornquist,06819,Saldungaray,06819020,244.31
2012,Buenos Aires,06,Tornquist,06819,Villa Ventana,06819070,40.95
2012,Buenos Aires,06,Villarino,06875,Médanos,06875060,392.85
2012,Catamarca,10,Andalgalá,10021,Andalgalá,10021020,214.4
2012,Catamarca,10,Belén,10035,Belén,10035020,160
2012,Catamarca,10,Belén,10035,Hualfín,10035070,12881.5
2012,Catamarca,10,Belén,10035,Los Nacimientos,10035120,64.2
2012,Catamarca,10,Belén,10035,Puerta de Corral Quemado,10035130,473.6
2012,Catamarca,10,Pomán,10084,San Miguel,10084090,407.6
2012,Catamarca,10,Pomán,10084,Siján,10084110,1164.24
2012,Catamarca,10,Santa María,10091,Andalhualá,10091010,204.8
2012,Catamarca,10,Santa María,10091,Lampacito,10091030,4962.1
2012,Catamarca,10,Santa María,10091,Lampacito,10091030,2021.9
2012,Catamarca,10,Santa María,10091,Chañar Punco,10091030,39049.43
2012,Catamarca,10,Santa María,10091,Famatanca,10091070,194.8
2012,Catamarca,10,Santa María,10091,Fuerte Quemado,10091080,609.7
2012,Catamarca,10,Santa María,10091,La Loma,10091100,36.8
2012,Catamarca,10,Santa María,10091,El Cerrito,10091110,162.6
2012,Catamarca,10,Santa María,10091,Las Mojarras,10091110,4139.2
2012,Catamarca,10,Santa María,10091,Loro Huasi,10091120,49.8
2012,Catamarca,10,Santa María,10091,San José,10091140,912.6
2012,Catamarca,10,Santa María,10091,Santa María,10091150,7037.3
2012,Catamarca,10,Santa María,10091,Santa María,10091150,7721.9
2012,Catamarca,10,Santa María,10091,Yapes,10091160,84
2012,Catamarca,10,Tinogasta,10105,Anillaco,10105010,307
2012,Catamarca,10,Tinogasta,10105,Copacabana,10105050,8220.64
2012,Catamarca,10,Tinogasta,10105,El Puesto,10105090,910.2
2012,Catamarca,10,Tinogasta,10105,El Salado,10105100,241.3
2012,Catamarca,10,Tinogasta,10105,Fiambalá,10105110,7697.38
2012,Catamarca,10,Tinogasta,10105,Medanitos,10105130,28018.47
2012,Catamarca,10,Tinogasta,10105,Palo Blanco,10105140,1449.2
2012,Catamarca,10,Tinogasta,10105,Tinogasta,10105180,16104.99
2012,Catamarca,10,Tinogasta,10105,Tinogasta,10105180,3146.15
2012,Catamarca,10,Tinogasta,10105,Tinogasta,10105180,5860.8
2012,Catamarca,10,Tinogasta,10105,Tinogasta,10105180,1320
2012,Catamarca,10,Tinogasta,10105,San José Norte,10105A27,15261.1
2012,Córdoba,14,Calamuchita,14007,Atos Pampa,14007A01,16.03
2012,Córdoba,14,Colón,14021,Colonia Caroya,14021050,8910.28
2012,Córdoba,14,Colón,14021,Colonia Vicente Agüero,14021070,1255.03
2012,Córdoba,14,Colón,14021,Santa Teresa,14021A20,361.6
2012,Córdoba,14,Cruz del Eje,14028,Cruz del Eje,14028050,555
2012,Córdoba,14,Cruz del Eje,14028,San Marcos Sierra,14028170,83.5
2012,Córdoba,14,Ischilín,14049,Quilino,14049100,753.6
2012,Córdoba,14,Ischilín,14049,Ischilín,14049A07,409.45
2012,Córdoba,14,Santa María,14147,Potrero de Garay,14147230,80.4
2012,Córdoba,14,Totoral,14168,Sinsacate,14168110,70.5
2012,Córdoba,14,Tulumba,14175,San Pedro Norte,14175100,14.5
2012,Chubut,26,Cushamen,26014,Cushamen Centro,26014030,130
2012,Entre Ríos,30,Colón,30008,Colón,30008020,451.47
2012,Entre Ríos,30,Concordia,30015,Estación Yeruá,30015080,147.9
2012,Entre Ríos,30,Concordia,30015,Estación Yeruá,30015080,93.05
2012,Entre Ríos,30,Victoria,30105,Victoria,30105060,25
2012,Jujuy,38,Tilcara,38094,Huacalera,38094020,52
2012,Jujuy,38,Tilcara,38094,Maimará,38094040,208.69
2012,La Pampa,42,Puelén,42112,25 de Mayo,42112020,15943.71
2012,La Rioja,46,Castro Barros,46021,Aminga,46021010,31888.5
2012,La Rioja,46,Castro Barros,46021,Anillaco,46021020,5096.19
2012,La Rioja,46,General Felipe Varela,46028,Guandacol,46028020,18601.4
2012,La Rioja,46,General Felipe Varela,46028,Santa Clara,46028020,1374.7
2012,La Rioja,46,General Felipe Varela,46028,Los Palacios,46028030,8238.1
2012,La Rioja,46,General Felipe Varela,46028,Pagancillo,46028040,3343.5
2012,La Rioja,46,General Felipe Varela,46028,Villa Unión,46028050,13290.3
2012,La Rioja,46,General Felipe Varela,46028,Banda Florida,46028050,2754.1
2012,La Rioja,46,General Felipe Varela,46028,Villa Unión,46028050,377.3
2012,La Rioja,46,General Felipe Varela,46028,Paso San Isidro,46028A14,233.4
2012,La Rioja,46,General Felipe Varela,46028,Paso San Isidro,46028A14,233.4
2012,La Rioja,46,Chilecito,46042,Los Sarmientos,46042010,199.4
2012,La Rioja,46,Chilecito,46042,La Puntilla,46042010,18.2
2012,La Rioja,46,Chilecito,46042,Anguinán,46042010,135102.74
2012,La Rioja,46,Chilecito,46042,San Miguel,46042010,206.4
2012,La Rioja,46,Chilecito,46042,Chilecito,46042010,609.2
2012,La Rioja,46,Chilecito,46042,Colonia Catinzaco,46042030,7007.8
2012,La Rioja,46,Chilecito,46042,Malligasta,46042070,173050.6
2012,La Rioja,46,Chilecito,46042,Miranda,46042080,213
2012,La Rioja,46,Chilecito,46042,Nonogasta,46042090,139117.48
2012,La Rioja,46,Chilecito,46042,San Nicolás,46042100,2819.69
2012,La Rioja,46,Chilecito,46042,Sañogasta,46042120,1385.3
2012,La Rioja,46,Chilecito,46042,Tilimuqui,46042130,92900.61
2012,La Rioja,46,Chilecito,46042,Vichigasta,46042140,216152.3
2012,La Rioja,46,Famatina,46049,Bajo Carrizal,46049040,24.8
2012,La Rioja,46,Famatina,46049,Campanas,46049050,88
2012,La Rioja,46,Famatina,46049,Chañarmuyo,46049060,5831
2012,La Rioja,46,Famatina,46049,Famatina,46049070,2471.2
2012,La Rioja,46,Famatina,46049,Famatina,46049070,1440.5
2012,La Rioja,46,Famatina,46049,Famatina,46049070,37
2012,La Rioja,46,Famatina,46049,Pituil,46049090,7013.36
2012,La Rioja,46,Famatina,46049,Plaza Vieja,46049100,2235.4
2012,La Rioja,46,General Lamadrid,46077,Villa Castelli,46077010,6878.3
2012,La Rioja,46,General Lamadrid,46077,Villa Castelli,46077010,448
2012,La Rioja,46,Vinchina,46098,Villa San José de Vinchina,46098020,2652.1
2012,La Rioja,46,San Blas de Los Sauces,46119,Chaupihuasi,46119010,832.2
2012,La Rioja,46,San Blas de Los Sauces,46119,Alpasinche,46119010,1335.5
2012,La Rioja,46,San Blas de Los Sauces,46119,San Blas,46119010,676.2
2012,La Rioja,46,Sanagasta,46126,Villa Sanagasta,46126010,239.1
2012,Mendoza,50,General Alvear,50014,Bowen,50014010,77448.7
2012,Mendoza,50,General Alvear,50014,Bowen,50014010,1986.05
2012,Mendoza,50,General Alvear,50014,Carmensa,50014020,22698.6
2012,Mendoza,50,General Alvear,50014,Carmensa,50014020,549.9
2012,Mendoza,50,General Alvear,50014,General Alvear,50014030,26390.7
2012,Mendoza,50,General Alvear,50014,General Alvear,50014030,25462.32
2012,Mendoza,50,General Alvear,50014,General Alvear,50014030,19052.69
2012,Mendoza,50,General Alvear,50014,General Alvear,50014030,2467.8
2012,Mendoza,50,General Alvear,50014,General Alvear,50014030,4568
2012,Mendoza,50,General Alvear,50014,Los Compartos,50014040,44199.75
2012,Mendoza,50,General Alvear,50014,Colonia San Pedro del Atuel,50014A04,633.3
2012,Mendoza,50,General Alvear,50014,El Ceibo,50014A08,943.4
2012,Mendoza,50,General Alvear,50014,El Ceibo,50014A08,8757
2012,Mendoza,50,General Alvear,50014,La California,50014A12,5351.7
2012,Mendoza,50,General Alvear,50014,La Escandinava,50014A14,14534.9
2012,Mendoza,50,General Alvear,50014,La Marsolina,50014A16,34820.01
2012,Mendoza,50,General Alvear,50014,La Marsolina,50014A16,581.6
2012,Mendoza,50,General Alvear,50014,La Montilla,50014A17,289.7
2012,Mendoza,50,General Alvear,50014,Los Campamentos,50014A19,6414
2012,Mendoza,50,General Alvear,50014,Poste de Fierro,50014A24,13617
2012,Mendoza,50,Godoy Cruz,50021,Gobernador Benegas,50021010,34.2
2012,Mendoza,50,Guaymallén,50028,Colonia Segovia,50028010,15459.2
2012,Mendoza,50,Guaymallén,50028,San José,50028020,93.2
2012,Mendoza,50,Guaymallén,50028,Dorrego,50028020,2751.1
2012,Mendoza,50,Guaymallén,50028,Buena Nueva,50028020,7074.8
2012,Mendoza,50,Guaymallén,50028,El Sauce,50028020,14668.6
2012,Mendoza,50,Guaymallén,50028,Bermejo,50028020,8287.35
2012,Mendoza,50,Guaymallén,50028,Rodeo de la Cruz,50028020,7804.8
2012,Mendoza,50,Guaymallén,50028,San Francisco del Monte,50028020,29.2
2012,Mendoza,50,Guaymallén,50028,Villa Nueva,50028020,4022
2012,Mendoza,50,Guaymallén,50028,La Primavera,50028030,4872.1
2012,Mendoza,50,Guaymallén,50028,La Primavera,50028030,1031.4
2012,Mendoza,50,Guaymallén,50028,La Primavera,50028030,522.5
2012,Mendoza,50,Guaymallén,50028,Los Corralitos,50028040,12436.62
2012,Mendoza,50,Guaymallén,50028,Puente de Hierro,50028050,69.9
2012,Mendoza,50,Junín,50035,Ingeniero Giagnoni,50035010,2305.9
2012,Mendoza,50,Junín,50035,Junín,50035020,2814.8
2012,Mendoza,50,Junín,50035,Junín,50035020,7883.85
2012,Mendoza,50,Junín,50035,Junín,50035020,113749.22
2012,Mendoza,50,Junín,50035,Junín,50035020,2946.6
2012,Mendoza,50,Junín,50035,La Colonia,50035030,86081.84
2012,Mendoza,50,Junín,50035,Los Barriales,50035040,609.2
2012,Mendoza,50,Junín,50035,Los Barriales,50035040,69108.11
2012,Mendoza,50,Junín,50035,Los Barriales,50035040,2495.56
2012,Mendoza,50,Junín,50035,Medrano,50035050,1386.2
2012,Mendoza,50,Junín,50035,Medrano,50035050,6062.4
2012,Mendoza,50,Junín,50035,Medrano,50035050,3697.1
2012,Mendoza,50,Junín,50035,Medrano,50035050,159401.32
2012,Mendoza,50,Junín,50035,Phillips,50035060,210897.9
2012,Mendoza,50,Junín,50035,Phillips,50035060,686
2012,Mendoza,50,Junín,50035,Rodríguez Peña,50035070,61184.04
2012,Mendoza,50,Junín,50035,Algarrobo Grande,50035A00,10161.8
2012,Mendoza,50,Junín,50035,Algarrobo Grande,50035A00,8136.8
2012,Mendoza,50,Junín,50035,Algarrobo Grande,50035A00,184259.2
2012,Mendoza,50,Junín,50035,Alto Verde,50035A01,25991.7
2012,Mendoza,50,Junín,50035,Alto Verde,50035A01,59227.62
2012,Mendoza,50,Junín,50035,Tres Esquinas,50035A02,6569.77
2012,Mendoza,50,La Paz,50042,La Paz,50042020,15604.95
2012,Mendoza,50,La Paz,50042,La Paz,50042020,4523.02
2012,Mendoza,50,La Paz,50042,Villa Antigua,50042030,3815.8
2012,Mendoza,50,La Paz,50042,Las Chacritas,50042A07,1496.6
2012,Mendoza,50,Las Heras,50049,Jocolí,50049030,10229.2
2012,Mendoza,50,Las Heras,50049,El Algarrobal,50049050,57040.77
2012,Mendoza,50,Las Heras,50049,El Plumerillo,50049050,6491.6
2012,Mendoza,50,Las Heras,50049,Panquehuá,50049050,3247.86
2012,Mendoza,50,Las Heras,50049,Las Heras,50049050,1900.7
2012,Mendoza,50,Las Heras,50049,Las Heras,50049050,2743.2
2012,Mendoza,50,Las Heras,50049,El Challao,50049050,52.83
2012,Mendoza,50,Las Heras,50049,Capdevila,50049050,23014
2012,Mendoza,50,Las Heras,50049,El Borbollón,50049050,19789.2
2012,Mendoza,50,Las Heras,50049,Las Heras,50049050,420.6
2012,Mendoza,50,Las Heras,50049,Polvaredas,50049080,1296.2
2012,Mendoza,50,Las Heras,50049,El Pastal,50049A04,21909.3
2012,Mendoza,50,Las Heras,50049,El Pastal,50049A04,3351.6
2012,Mendoza,50,Lavalle,50056,Barrio Alto del Olvido,50056010,2929.4
2012,Mendoza,50,Lavalle,50056,Barrio La Palmera,50056030,42826
2012,Mendoza,50,Lavalle,50056,Barrio La Pega,50056040,31345.4
2012,Mendoza,50,Lavalle,50056,Costa de Araujo,50056080,816.8
2012,Mendoza,50,Lavalle,50056,Costa de Araujo,50056080,527098.01
2012,Mendoza,50,Lavalle,50056,Costa de Araujo,50056080,242.6
2012,Mendoza,50,Lavalle,50056,El Paramillo,50056090,74338.58
2012,Mendoza,50,Lavalle,50056,El Vergel,50056100,32838.2
2012,Mendoza,50,Lavalle,50056,El Vergel,50056100,253.8
2012,Mendoza,50,Lavalle,50056,Ingeniero Gustavo André,50056110,4707.4
2012,Mendoza,50,Lavalle,50056,Ingeniero Gustavo André,50056110,247126.3
2012,Mendoza,50,Lavalle,50056,Jocolí,50056120,175801.8
2012,Mendoza,50,Lavalle,50056,Jocolí Viejo,50056130,18294.1
2012,Mendoza,50,Lavalle,50056,Las Violetas,50056140,7188.9
2012,Mendoza,50,Lavalle,50056,3 de Mayo,50056150,7110.85
2012,Mendoza,50,Lavalle,50056,3 de Mayo,50056150,88641.18
2012,Mendoza,50,Lavalle,50056,Villa Tulumaya,50056160,2416.4
2012,Mendoza,50,Lavalle,50056,Villa Tulumaya,50056160,52204.86
2012,Mendoza,50,Lavalle,50056,El Carmen,50056A05,12039.5
2012,Mendoza,50,Lavalle,50056,El Chilcal,50056A06,26595
2012,Mendoza,50,Lavalle,50056,El Chilcal,50056A06,704.6
2012,Mendoza,50,Lavalle,50056,El Plumero,50056A09,1388.7
2012,Mendoza,50,Lavalle,50056,El Plumero,50056A09,85718.66
2012,Mendoza,50,Lavalle,50056,El Retiro,50056A12,6739.4
2012,Mendoza,50,Lavalle,50056,La Asunción,50056A15,5373.7
2012,Mendoza,50,Lavalle,50056,La Holanda,50056A17,168.8
2012,Mendoza,50,Lavalle,50056,Resurrección,50056A23,335.4
2012,Mendoza,50,Lavalle,50056,San Francisco,50056A24,17135.1
2012,Mendoza,50,Lavalle,50056,San José,50056A26,863.6
2012,Mendoza,50,Lavalle,50056,San José,50056A26,199.6
2012,Mendoza,50,Luján de Cuyo,50063,Agrelo,50063010,327089.31
2012,Mendoza,50,Luján de Cuyo,50063,El Carrizal,50063050,107571.82
2012,Mendoza,50,Luján de Cuyo,50063,Las Compuertas,50063070,25386.5
2012,Mendoza,50,Luján de Cuyo,50063,Mayor Drummond,50063090,36359.27
2012,Mendoza,50,Luján de Cuyo,50063,Luján de Cuyo,50063090,7111.21
2012,Mendoza,50,Luján de Cuyo,50063,Chacras de Coria,50063090,5935.44
2012,Mendoza,50,Luján de Cuyo,50063,La Puntilla,50063090,102.2
2012,Mendoza,50,Luján de Cuyo,50063,Vistalba,50063090,26325.95
2012,Mendoza,50,Luján de Cuyo,50063,Carrodilla,50063090,16136.9
2012,Mendoza,50,Luján de Cuyo,50063,Perdriel,50063100,84.6
2012,Mendoza,50,Luján de Cuyo,50063,Perdriel,50063100,97689.05
2012,Mendoza,50,Luján de Cuyo,50063,Ugarteche,50063120,322642.08
2012,Mendoza,50,Luján de Cuyo,50063,Anchoris,50063A01,9380.02
2012,Mendoza,50,Luján de Cuyo,50063,Baños Lunlunta,50063A02,1486.67
2012,Mendoza,50,Maipú,50070,Barrancas,50070010,252880.67
2012,Mendoza,50,Maipú,50070,Barrancas,50070010,156.4
2012,Mendoza,50,Maipú,50070,Barrio Jesús de Nazaret,50070020,1009.85
2012,Mendoza,50,Maipú,50070,Cruz de Piedra,50070030,49038.91
2012,Mendoza,50,Maipú,50070,Cruz de Piedra,50070030,73405.52
2012,Mendoza,50,Maipú,50070,El Pedregal,50070040,9244.5
2012,Mendoza,50,Maipú,50070,Fray Luis Beltrán,50070050,633732.47
2012,Mendoza,50,Maipú,50070,Fray Luis Beltrán,50070050,33603.14
2012,Mendoza,50,Maipú,50070,Fray Luis Beltrán,50070050,26599.1
2012,Mendoza,50,Maipú,50070,Maipú,50070060,3748.73
2012,Mendoza,50,Maipú,50070,General Gutiérrez,50070060,2985.65
2012,Mendoza,50,Maipú,50070,Coquimbito,50070060,31395.78
2012,Mendoza,50,Maipú,50070,Maipú,50070060,386.4
2012,Mendoza,50,Maipú,50070,Rodeo del Medio,50070070,1036.22
2012,Mendoza,50,Maipú,50070,Rodeo del Medio,50070070,67643.75
2012,Mendoza,50,Maipú,50070,Rodeo del Medio,50070070,15912.8
2012,Mendoza,50,Maipú,50070,Rodeo del Medio,50070070,391.2
2012,Mendoza,50,Maipú,50070,Russell,50070080,51568.01
2012,Mendoza,50,Maipú,50070,San Roque,50070090,46470.38
2012,Mendoza,50,Maipú,50070,San Roque,50070090,19366.4
2012,Mendoza,50,Maipú,50070,El Paraíso,50070A01,2747.2
2012,Mendoza,50,Maipú,50070,Los Álamos,50070A02,17369.86
2012,Mendoza,50,Rivadavia,50084,Andrade,50084010,133206.01
2012,Mendoza,50,Rivadavia,50084,El Mirador,50084040,14779.15
2012,Mendoza,50,Rivadavia,50084,El Mirador,50084040,255626.29
2012,Mendoza,50,Rivadavia,50084,La Central,50084050,345826.29
2012,Mendoza,50,Rivadavia,50084,La Libertad,50084080,90900.39
2012,Mendoza,50,Rivadavia,50084,Los Árboles,50084090,83726.97
2012,Mendoza,50,Rivadavia,50084,Los Campamentos,50084100,526722.4
2012,Mendoza,50,Rivadavia,50084,Los Campamentos,50084100,537.6
2012,Mendoza,50,Rivadavia,50084,Medrano,50084110,88041.59
2012,Mendoza,50,Rivadavia,50084,Mundo Nuevo,50084120,11555.8
2012,Mendoza,50,Rivadavia,50084,Reducción de Abajo,50084130,85346.11
2012,Mendoza,50,Rivadavia,50084,Rivadavia,50084140,90187.06
2012,Mendoza,50,Rivadavia,50084,Santa María de Oro,50084150,52306.5
2012,Mendoza,50,Rivadavia,50084,San Isidro,50084A03,19
2012,Mendoza,50,San Carlos,50091,Barrio El Cepillo,50091010,24358.97
2012,Mendoza,50,San Carlos,50091,Chilecito,50091020,519.2
2012,Mendoza,50,San Carlos,50091,Chilecito,50091020,45844.85
2012,Mendoza,50,San Carlos,50091,Eugenio Bustos,50091030,159599.2
2012,Mendoza,50,San Carlos,50091,La Consulta,50091040,2939.2
2012,Mendoza,50,San Carlos,50091,La Consulta,50091040,308400.59
2012,Mendoza,50,San Carlos,50091,Pareditas,50091050,20193.86
2012,Mendoza,50,San Carlos,50091,San Carlos,50091060,28107.06
2012,Mendoza,50,San Carlos,50091,San Carlos,50091060,8173.8
2012,Mendoza,50,San Carlos,50091,Casas Viejas,50091A01,5191.3
2012,Mendoza,50,San Carlos,50091,El Capacho,50091A03,806.4
2012,Mendoza,50,San Carlos,50091,Tres Esquinas,50091A17,1091.8
2012,Mendoza,50,San Martín,50098,Alto Verde,50098020,332545.77
2012,Mendoza,50,San Martín,50098,Chapanay,50098060,782123.92
2012,Mendoza,50,San Martín,50098,Chivilcoy,50098070,81517.9
2012,Mendoza,50,San Martín,50098,El Espino,50098073,59471.6
2012,Mendoza,50,San Martín,50098,El Ramblón,50098077,170704.42
2012,Mendoza,50,San Martín,50098,El Ramblón,50098077,61493.76
2012,Mendoza,50,San Martín,50098,Montecaseros,50098080,695856.67
2012,Mendoza,50,San Martín,50098,Nueva California,50098090,337147.92
2012,Mendoza,50,San Martín,50098,San Martín,50098100,5376.6
2012,Mendoza,50,San Martín,50098,San Martín,50098100,65287.02
2012,Mendoza,50,San Martín,50098,San Martín,50098100,681.8
2012,Mendoza,50,San Martín,50098,Palmira,50098100,165501.1
2012,Mendoza,50,San Martín,50098,Tres Porteñas,50098110,260371.19
2012,Mendoza,50,San Martín,50098,Alto Chapanay,50098A00,7092.2
2012,Mendoza,50,San Martín,50098,Alto Salvador,50098A01,149937.28
2012,Mendoza,50,San Martín,50098,Buen Orden,50098A03,75756.5
2012,Mendoza,50,San Martín,50098,El Central,50098A06,197691
2012,Mendoza,50,San Martín,50098,El Divisadero,50098A07,166567.18
2012,Mendoza,50,San Martín,50098,Las Chimbas,50098A09,23238.1
2012,Mendoza,50,San Rafael,50105,Barrio Campos El Toledano,50105010,1076
2012,Mendoza,50,San Rafael,50105,Capitán Montoya,50105050,1382.6
2012,Mendoza,50,San Rafael,50105,Cuadro Benegas,50105060,53753.14
2012,Mendoza,50,San Rafael,50105,El Tropezón,50105090,1095
2012,Mendoza,50,San Rafael,50105,Goudge,50105100,86421.09
2012,Mendoza,50,San Rafael,50105,Jaime Prats,50105110,55274.48
2012,Mendoza,50,San Rafael,50105,La Llave Nueva,50105120,31528.9
2012,Mendoza,50,San Rafael,50105,La Llave Nueva,50105120,2512.9
2012,Mendoza,50,San Rafael,50105,Las Malvinas,50105130,752
2012,Mendoza,50,San Rafael,50105,Monte Comán,50105150,7096.8
2012,Mendoza,50,San Rafael,50105,Rama Caída,50105180,2652.5
2012,Mendoza,50,San Rafael,50105,Rama Caída,50105180,45082.78
2012,Mendoza,50,San Rafael,50105,Real del Padre,50105190,167306.03
2012,Mendoza,50,San Rafael,50105,Salto de las Rosas,50105200,4766.07
2012,Mendoza,50,San Rafael,50105,Cuadro Nacional,50105210,92434.41
2012,Mendoza,50,San Rafael,50105,San Rafael,50105210,200.6
2012,Mendoza,50,San Rafael,50105,San Rafael,50105210,7345.34
2012,Mendoza,50,San Rafael,50105,Cuadro Nacional,50105210,7430.4
2012,Mendoza,50,San Rafael,50105,25 de Mayo,50105220,89.8
2012,Mendoza,50,San Rafael,50105,25 de Mayo,50105220,2064.63
2012,Mendoza,50,San Rafael,50105,Villa Atuel,50105230,56542.54
2012,Mendoza,50,San Rafael,50105,Villa Atuel,50105230,52273.7
2012,Mendoza,50,San Rafael,50105,Villa Atuel,50105230,2231.2
2012,Mendoza,50,San Rafael,50105,Cañada Seca,50105A04,181022.34
2012,Mendoza,50,San Rafael,50105,Colonia Bombal y Tabanera,50105A06,11629.1
2012,Mendoza,50,San Rafael,50105,Colonia Colomer,50105A07,417.6
2012,Mendoza,50,San Rafael,50105,Colonia El Usillal,50105A08,14916.85
2012,Mendoza,50,San Rafael,50105,Colonia Elena,50105A09,10065.2
2012,Mendoza,50,San Rafael,50105,Colonia Española,50105A10,1919.6
2012,Mendoza,50,San Rafael,50105,Colonia Gelman,50105A11,4213.7
2012,Mendoza,50,San Rafael,50105,Colonia Jáuregui,50105A12,639.3
2012,Mendoza,50,San Rafael,50105,Colonia López,50105A13,24497.58
2012,Mendoza,50,San Rafael,50105,El Algarrobal,50105A20,179
2012,Mendoza,50,San Rafael,50105,El Cerrito,50105A22,15505.91
2012,Mendoza,50,San Rafael,50105,La Guevarina,50105A32,1931.3
2012,Mendoza,50,San Rafael,50105,La Llave Vieja,50105A35,2265.6
2012,Mendoza,50,San Rafael,50105,Las Paredes,50105A44,91242.07
2012,Mendoza,50,San Rafael,50105,Las Paredes,50105A44,927
2012,Mendoza,50,San Rafael,50105,Los Claveles,50105A46,2490.2
2012,Mendoza,50,San Rafael,50105,Los Sifones,50105A51,885.4
2012,Mendoza,50,San Rafael,50105,Rincón del Atuel,50105A60,328.6
2012,Mendoza,50,San Rafael,50105,Soitué,50105A64,4056.2
2012,Mendoza,50,Santa Rosa,50112,Barrio 12 de Octubre,50112010,92296.04
2012,Mendoza,50,Santa Rosa,50112,Barrio 12 de Octubre,50112010,19730.6
2012,Mendoza,50,Santa Rosa,50112,Barrio Molina Cabrera,50112030,3153.6
2012,Mendoza,50,Santa Rosa,50112,La Dormida,50112040,101657.28
2012,Mendoza,50,Santa Rosa,50112,La Dormida,50112040,23932.6
2012,Mendoza,50,Santa Rosa,50112,Las Catitas,50112050,151821.52
2012,Mendoza,50,Santa Rosa,50112,Santa Rosa,50112060,15170.2
2012,Mendoza,50,Santa Rosa,50112,Santa Rosa,50112060,310917.93
2012,Mendoza,50,Santa Rosa,50112,Santa Rosa,50112060,89999.44
2012,Mendoza,50,Santa Rosa,50112,Gobernador Civit,50112A05,1713.2
2012,Mendoza,50,Santa Rosa,50112,Los Yoles,50112A10,13080.48
2012,Mendoza,50,Tunuyán,50119,Campo Los Andes,50119020,11233.8
2012,Mendoza,50,Tunuyán,50119,Colonia Las Rosas,50119030,1447.8
2012,Mendoza,50,Tunuyán,50119,El Manzano,50119040,522.34
2012,Mendoza,50,Tunuyán,50119,Los Sauces,50119050,48819.25
2012,Mendoza,50,Tunuyán,50119,Tunuyán,50119060,59715.36
2012,Mendoza,50,Tunuyán,50119,Tunuyán,50119060,13858.65
2012,Mendoza,50,Tunuyán,50119,Tunuyán,50119060,18821.18
2012,Mendoza,50,Tunuyán,50119,Vista Flores,50119070,186740.62
2012,Mendoza,50,Tunuyán,50119,El Totoral,50119A02,60803.08
2012,Mendoza,50,Tunuyán,50119,El Totoral,50119A02,6858.37
2012,Mendoza,50,Tunuyán,50119,La Primavera,50119A04,12744.68
2012,Mendoza,50,Tunuyán,50119,Las Pintadas,50119A07,28415.62
2012,Mendoza,50,Tunuyán,50119,Los Árboles,50119A08,113585.25
2012,Mendoza,50,Tunuyán,50119,Los Árboles,50119A08,14181.66
2012,Mendoza,50,Tunuyán,50119,Los Chacales,50119A09,28499.31
2012,Mendoza,50,Tunuyán,50119,Villa Seca,50119A14,108417.25
2012,Mendoza,50,Tupungato,50126,Cordón del Plata,50126020,4971.34
2012,Mendoza,50,Tupungato,50126,Cordón del Plata,50126020,73844.05
2012,Mendoza,50,Tupungato,50126,Cordón del Plata,50126020,139856.62
2012,Mendoza,50,Tupungato,50126,El Peral,50126030,63256.65
2012,Mendoza,50,Tupungato,50126,El Zampal,50126035,88934.08
2012,Mendoza,50,Tupungato,50126,La Arboleda,50126040,169911.4
2012,Mendoza,50,Tupungato,50126,San José,50126050,23423.79
2012,Mendoza,50,Tupungato,50126,Tupungato,50126060,456.83
2012,Mendoza,50,Tupungato,50126,Tupungato,50126060,14361.04
2012,Mendoza,50,Tupungato,50126,Tupungato,50126060,61427.19
2012,Mendoza,50,Tupungato,50126,Villa Bastias,50126060,26812.91
2012,Mendoza,50,Tupungato,50126,Anchoris,50126A01,23683.1
2012,Mendoza,50,Tupungato,50126,Gualtallary,50126A05,141762.77
2012,Mendoza,50,Tupungato,50126,Zapata,50126A12,8995.44
2012,Misiones,54,Leandro N. Alem,54070,Leandro N. Alem,54070070,15.2
2012,Neuquén,58,Añelo,58014,Añelo,58014010,7258.2
2012,Neuquén,58,Añelo,58014,San Patricio del Chañar,58014020,161078.64
2012,Neuquén,58,Collón Curá,58028,Piedra del Águila,58028010,607.8
2012,Neuquén,58,Confluencia,58035,Plottier,58035100,388.9
2012,Neuquén,58,Confluencia,58035,Senillosa,58035110,512.03
2012,Neuquén,58,Picún Leufú,58098,Picún Leufú,58098020,19.7
2012,Neuquén,58,Picunches,58105,Bajada del Agrio,58105010,32
2012,Río Negro,62,Adolfo Alsina,62007,San Javier,62007080,1189.85
2012,Río Negro,62,Adolfo Alsina,62007,Viedma,62007090,299
2012,Río Negro,62,Avellaneda,62014,Darwin,62014060,3298.07
2012,Río Negro,62,Avellaneda,62014,Luis Beltrán,62014080,2754.96
2012,Río Negro,62,Avellaneda,62014,Pomona,62014090,2444.1
2012,Río Negro,62,Conesa,62028,Colonia San Juan,62028A02,40.2
2012,Río Negro,62,El Cuy,62035,El Cuy,62035030,1106.7
2012,Río Negro,62,El Cuy,62035,Valle Azul,62035080,3190.1
2012,Río Negro,62,General Roca,62042,Allen,62042010,12200.49
2012,Río Negro,62,General Roca,62042,Barda del Medio,62042030,428
2012,Río Negro,62,General Roca,62042,Barrio Guerrico,62042160,288.8
2012,Río Negro,62,General Roca,62042,Barrio Pinar,62042297,590.28
2012,Río Negro,62,General Roca,62042,Cervantes,62042370,885.8
2012,Río Negro,62,General Roca,62042,Chichinales,62042380,735.8
2012,Río Negro,62,General Roca,62042,Cipolletti,62042400,1865.4
2012,Río Negro,62,General Roca,62042,General Enrique Godoy,62042430,1899.5
2012,Río Negro,62,General Roca,62042,General Fernández Oro,62042440,4895.85
2012,Río Negro,62,General Roca,62042,General Roca,62042450,1295
2012,Río Negro,62,General Roca,62042,General Roca,62042450,9754.7
2012,Río Negro,62,General Roca,62042,Ingeniero Luis A. Huergo,62042460,10461.34
2012,Río Negro,62,General Roca,62042,Mainqué,62042480,11527.76
2012,Río Negro,62,General Roca,62042,Villa Manzano,62042550,1363.75
2012,Río Negro,62,General Roca,62042,Villa Regina,62042560,153.6
2012,Salta,66,Cachi,66014,Cachi,66014010,648.3
2012,Salta,66,Cachi,66014,Payogasta,66014020,1872.7
2012,Salta,66,Cafayate,66021,Cafayate,66021010,146778.82
2012,Salta,66,Cafayate,66021,Cafayate,66021010,9301.91
2012,Salta,66,Cafayate,66021,Cafayate,66021010,2618.86
2012,Salta,66,Cafayate,66021,Tolombón,66021020,27697.51
2012,Salta,66,Cafayate,66021,Las Conchas,66021A04,146.58
2012,Salta,66,Cafayate,66021,Yacochuya Norte,66021A05,4351.4
2012,Salta,66,La Viña,66098,Las Curtiembres,66098A08,289.76
2012,Salta,66,Molinos,66119,Molinos,66119020,1552.54
2012,Salta,66,Molinos,66119,Colomé,66119A06,3978.9
2012,Salta,66,San Carlos,66154,Angastaco,66154010,1593.52
2012,Salta,66,San Carlos,66154,Animaná,66154020,33098.21
2012,Salta,66,San Carlos,66154,El Barrial,66154030,10.2
2012,Salta,66,San Carlos,66154,San Carlos,66154040,4128.9
2012,Salta,66,San Carlos,66154,Corralito,66154A01,1578.51
2012,Salta,66,San Carlos,66154,Santa Rosa,66154A26,170.46
2012,San Juan,70,Albardón,70007,El Rincón,70007010,13728.08
2012,San Juan,70,Albardón,70007,El Rincón,70007010,130990.93
2012,San Juan,70,Albardón,70007,Villa General San Martín - Campo Afuera,70007020,15583.19
2012,San Juan,70,Albardón,70007,Villa General San Martín - Campo Afuera,70007020,35114.54
2012,San Juan,70,Albardón,70007,Villa General San Martín - Campo Afuera,70007020,1614
2012,San Juan,70,Albardón,70007,Villa General San Martín - Campo Afuera,70007020,5204.68
2012,San Juan,70,Albardón,70007,Villa General San Martín - Campo Afuera,70007020,15106.22
2012,San Juan,70,Albardón,70007,Baños La Laja,70007A02,1108.6
2012,San Juan,70,Albardón,70007,El Salado,70007A03,12168
2012,San Juan,70,Albardón,70007,Las Tapias,70007A04,6449.5
2012,San Juan,70,Albardón,70007,Las Tapias,70007A04,3586.57
2012,San Juan,70,Angaco,70014,Las Tapias,70014010,48829.32
2012,San Juan,70,Angaco,70014,Las Tapias,70014010,2267
2012,San Juan,70,Angaco,70014,Villa El Salvador,70014020,16122.5
2012,San Juan,70,Angaco,70014,Villa El Salvador,70014020,75884.77
2012,San Juan,70,Angaco,70014,Villa Sefair,70014020,45420.5
2012,San Juan,70,Angaco,70014,Villa El Salvador,70014020,14845.9
2012,San Juan,70,Angaco,70014,El Alamito,70014A01,4299.8
2012,San Juan,70,Angaco,70014,El Bosque,70014A02,48743.1
2012,San Juan,70,Angaco,70014,Punta del Monte,70014A05,60218.17
2012,San Juan,70,Calingasta,70021,Barreal - Villa Pituil,70021010,176.58
2012,San Juan,70,Calingasta,70021,Calingasta,70021020,65.9
2012,San Juan,70,Calingasta,70021,Tamberías,70021030,5057
2012,San Juan,70,Calingasta,70021,Hilario,70021A10,3159
2012,San Juan,70,Calingasta,70021,Sorocayense,70021A30,61.2
2012,San Juan,70,Calingasta,70021,Villa Corral,70021A31,752.8
2012,San Juan,70,Capital,70028,San Juan,70028010,120.45
2012,San Juan,70,Capital,70028,San Juan,70028010,48.2
2012,San Juan,70,Caucete,70035,Caucete,70035020,80.8
2012,San Juan,70,Caucete,70035,Caucete,70035020,689.5
2012,San Juan,70,Caucete,70035,Caucete,70035020,250.4
2012,San Juan,70,Caucete,70035,Caucete,70035020,408433.39
2012,San Juan,70,Caucete,70035,Caucete,70035020,5170.06
2012,San Juan,70,Caucete,70035,El Rincón,70035030,99064.86
2012,San Juan,70,Caucete,70035,Las Talas - Los Médanos,70035040,55111.02
2012,San Juan,70,Caucete,70035,Pie de Palo,70035060,20919.3
2012,San Juan,70,Caucete,70035,Villa Independencia,70035080,96524.72
2012,San Juan,70,Caucete,70035,La Puntilla,70035A02,183529.31
2012,San Juan,70,Caucete,70035,Pozo de los Algarrobos,70035A07,192282.63
2012,San Juan,70,Chimbas,70042,Chimbas,70042010,862
2012,San Juan,70,Chimbas,70042,Chimbas,70042010,42934.37
2012,San Juan,70,Chimbas,70042,Chimbas,70042010,126322.05
2012,San Juan,70,Iglesia,70049,Angualasto,70049010,57.6
2012,San Juan,70,Jáchal,70056,Pampa Vieja,70056060,339
2012,San Juan,70,9 de Julio,70063,Alto de Sierra,70063010,3150.9
2012,San Juan,70,9 de Julio,70063,Las Chacritas,70063030,7163.7
2012,San Juan,70,9 de Julio,70063,Las Chacritas,70063030,1090.2
2012,San Juan,70,9 de Julio,70063,Las Chacritas,70063030,154611.89
2012,San Juan,70,9 de Julio,70063,9 de Julio,70063040,195248.4
2012,San Juan,70,9 de Julio,70063,La Majadita,70063A00,42059.06
2012,San Juan,70,9 de Julio,70063,Rincón Cercado,70063A02,26207.56
2012,San Juan,70,Pocito,70070,Carpintería,70070020,228155.44
2012,San Juan,70,Pocito,70070,Las Piedritas,70070025,107.8
2012,San Juan,70,Pocito,70070,Las Piedritas,70070025,1017.2
2012,San Juan,70,Pocito,70070,Quinto Cuartel,70070030,12969.3
2012,San Juan,70,Pocito,70070,La Rinconada,70070040,82348.92
2012,San Juan,70,Pocito,70070,Villa Aberastain,70070040,29489.22
2012,San Juan,70,Pocito,70070,Villa Aberastain,70070040,4372.2
2012,San Juan,70,Pocito,70070,Villa Aberastain,70070040,114461.59
2012,San Juan,70,Pocito,70070,Villa Nacusi,70070050,14724.76
2012,San Juan,70,Pocito,70070,Villa Nacusi,70070050,1827.2
2012,San Juan,70,Pocito,70070,Villa Nacusi,70070050,123.4
2012,San Juan,70,Rawson,70077,El Medanito,70077010,29009.61
2012,San Juan,70,Rawson,70077,Rawson,70077010,5940.8
2012,San Juan,70,Rawson,70077,Rawson,70077010,929.8
2012,San Juan,70,Rawson,70077,Rawson,70077010,91675.06
2012,San Juan,70,Rawson,70077,Rawson,70077010,7407.18
2012,San Juan,70,Rawson,70077,Colonia Médano de Oro,70077A00,87304.8
2012,San Juan,70,Rawson,70077,Colonia Rodas,70077A02,16687.12
2012,San Juan,70,Rawson,70077,Colonia Rodas,70077A02,10906.42
2012,San Juan,70,Rivadavia,70084,Rivadavia,70084010,13589.91
2012,San Juan,70,Rivadavia,70084,Rivadavia,70084010,13813.93
2012,San Juan,70,Rivadavia,70084,Rivadavia,70084010,21700.68
2012,San Juan,70,San Martín,70091,Dos Acequias,70091020,125256.84
2012,San Juan,70,San Martín,70091,San Isidro,70091030,96051.38
2012,San Juan,70,San Martín,70091,Villa San Martín,70091070,128521.22
2012,San Juan,70,San Martín,70091,Villa San Martín,70091070,511
2012,San Juan,70,San Martín,70091,Coll,70091A00,1207.2
2012,San Juan,70,San Martín,70091,Los Compartos,70091A01,23894.72
2012,San Juan,70,San Martín,70091,Los Compartos,70091A01,9637.4
2012,San Juan,70,San Martín,70091,Los Compartos,70091A01,122571.3
2012,San Juan,70,San Martín,70091,Villa Lugano,70091A02,5853.6
2012,San Juan,70,San Martín,70091,Villa Lugano,70091A02,10167.6
2012,San Juan,70,Santa Lucía,70098,Santa Lucía,70098010,9142.66
2012,San Juan,70,Santa Lucía,70098,Colonia Gutiérrez,70098010,6290.94
2012,San Juan,70,Santa Lucía,70098,Santa Lucía,70098010,15902.25
2012,San Juan,70,Santa Lucía,70098,Santa Lucía,70098010,81407.62
2012,San Juan,70,Santa Lucía,70098,Colonia Gutiérrez,70098010,28376.4
2012,San Juan,70,Santa Lucía,70098,Santa Lucía,70098010,15101.58
2012,San Juan,70,Santa Lucía,70098,Santa Lucía,70098010,18217.73
2012,San Juan,70,Santa Lucía,70098,Colonia Gutiérrez,70098010,74844.04
2012,San Juan,70,Sarmiento,70105,Cañada Honda,70105010,76339.62
2012,San Juan,70,Sarmiento,70105,Colonia Fiscal,70105030,124628.4
2012,San Juan,70,Sarmiento,70105,Guanacache,70105050,39743.96
2012,San Juan,70,Sarmiento,70105,Las Lagunas,70105060,79409.38
2012,San Juan,70,Sarmiento,70105,Los Berros,70105070,803.8
2012,San Juan,70,Sarmiento,70105,Los Berros,70105070,10259
2012,San Juan,70,Sarmiento,70105,Pedernal,70105080,35026.73
2012,San Juan,70,Sarmiento,70105,Punta del Médano,70105090,36648.59
2012,San Juan,70,Sarmiento,70105,Villa Media Agua,70105100,165257.25
2012,San Juan,70,Sarmiento,70105,Villa Media Agua,70105100,34220.74
2012,San Juan,70,Sarmiento,70105,Cochagual,70105A01,293109.55
2012,San Juan,70,Sarmiento,70105,San Carlos,70105A07,11075.35
2012,San Juan,70,Sarmiento,70105,Tres Esquinas,70105A08,48016.98
2012,San Juan,70,Ullum,70112,Villa Ibáñez,70112010,3442.7
2012,San Juan,70,Ullum,70112,La Banderita,70112A04,1274.6
2012,San Juan,70,Ullum,70112,Talacasto,70112A08,128231.84
2012,San Juan,70,25 de Mayo,70126,Tupelí,70126020,53739.54
2012,San Juan,70,25 de Mayo,70126,Tupelí,70126020,4329.82
2012,San Juan,70,25 de Mayo,70126,Villa Borjas - La Chimbera,70126030,187098.58
2012,San Juan,70,25 de Mayo,70126,Villa Santa Rosa,70126050,70753.49
2012,San Juan,70,25 de Mayo,70126,Villa Santa Rosa,70126050,185175.14
2012,San Juan,70,25 de Mayo,70126,Villa Santa Rosa,70126050,233763.26
2012,San Juan,70,25 de Mayo,70126,Villa Santa Rosa,70126050,1537.5
2012,San Juan,70,25 de Mayo,70126,Villa Santa Rosa,70126050,22820.18
2012,San Juan,70,25 de Mayo,70126,Cuatro Esquinas,70126A04,2613.2
2012,San Juan,70,25 de Mayo,70126,Las Casuarinas,70126A06,182070.19
2012,San Juan,70,25 de Mayo,70126,Punta del Médano,70126A09,16691.84
2012,San Juan,70,Zonda,70133,Villa Basilio Nievas,70133010,22981.55
2012,San Juan,70,Zonda,70133,Villa Basilio Nievas,70133010,48430.04
2012,San Juan,70,Zonda,70133,Villa Basilio Nievas,70133010,113799.17
2012,San Luis,74,Junín,74049,Santa Rosa del Conlara,74049070,281
2012,San Luis,74,Juan Martín de Pueyrredón,74056,Beazley,74056040,781.45
2012,Tucumán,90,Tafí del Valle,90098,Colalao del Valle,90098020,3042.78
2012,Tucumán,90,Tafí del Valle,90098,El Bañado,90098A12,267.5
2012,Tucumán,90,Tafí del Valle,90098,El Paso,90098A18,245.19
2013,Buenos Aires,06,Benito Juárez,06084,Benito Juárez,06084020,5.85
2013,Buenos Aires,06,Coronel Dorrego,06189,Coronel Dorrego,06189030,3.33
2013,Buenos Aires,06,Coronel Pringles,06196,Coronel Pringles,06196010,53.71
2013,Buenos Aires,06,Coronel Suárez,06203,Coronel Suárez,06203020,378
2013,Buenos Aires,06,General Pueyrredón,06357,Barrio El Boquerón,06357020,545.55
2013,Buenos Aires,06,Saavedra,06700,Saavedra,06700070,260
2013,Buenos Aires,06,Tornquist,06819,Tornquist,06819040,62.04
2013,Buenos Aires,06,Tornquist,06819,Tornquist,06819040,573.14
2013,Buenos Aires,06,Villarino,06875,Argerich,06875010,574.08
2013,Catamarca,10,Andalgalá,10021,Andalgalá,10021020,329.8
2013,Catamarca,10,Belén,10035,Belén,10035020,325.4
2013,Catamarca,10,Belén,10035,Belén,10035020,158.8
2013,Catamarca,10,Belén,10035,Belén,10035020,10651.2
2013,Catamarca,10,Belén,10035,Belén,10035020,70.6
2013,Catamarca,10,Belén,10035,Belén,10035020,149.8
2013,Catamarca,10,Pomán,10084,Pomán,10084070,1079.22
2013,Catamarca,10,Pomán,10084,Pomán,10084070,801.2
2013,Catamarca,10,Santa María,10091,Santa María,10091150,5269.6
2013,Catamarca,10,Santa María,10091,Santa María,10091150,6544.5
2013,Catamarca,10,Santa María,10091,Santa María,10091150,93
2013,Catamarca,10,Santa María,10091,Santa María,10091150,257.8
2013,Catamarca,10,Santa María,10091,Santa María,10091150,1954.4
2013,Catamarca,10,Santa María,10091,Santa María,10091150,115
2013,Catamarca,10,Santa María,10091,Santa María,10091150,35232.6
2013,Catamarca,10,Santa María,10091,Santa María,10091150,704
2013,Catamarca,10,Santa María,10091,Santa María,10091150,7981.91
2013,Catamarca,10,Santa María,10091,Santa María,10091150,18.6
2013,Catamarca,10,Santa María,10091,Santa María,10091150,1512.68
2013,Catamarca,10,Santa María,10091,Santa María,10091150,34
2013,Catamarca,10,Santa María,10091,Santa María,10091150,201.6
2013,Catamarca,10,Santa María,10091,Santa María,10091150,3168.8
2013,Catamarca,10,Tinogasta,10105,Tinogasta,10105180,2186.6
2013,Catamarca,10,Tinogasta,10105,Tinogasta,10105180,935.7
2013,Catamarca,10,Tinogasta,10105,Tinogasta,10105180,14326.87
2013,Catamarca,10,Tinogasta,10105,Tinogasta,10105180,1064.1
2013,Catamarca,10,Tinogasta,10105,Tinogasta,10105180,2061.6
2013,Catamarca,10,Tinogasta,10105,Tinogasta,10105180,1109.3
2013,Catamarca,10,Tinogasta,10105,Tinogasta,10105180,568.8
2013,Catamarca,10,Tinogasta,10105,Tinogasta,10105180,13106.68
2013,Catamarca,10,Tinogasta,10105,Tinogasta,10105180,8223.4
2013,Catamarca,10,Tinogasta,10105,Tinogasta,10105180,235.4
2013,Catamarca,10,Tinogasta,10105,Tinogasta,10105180,4448.7
2013,Catamarca,10,Tinogasta,10105,Tinogasta,10105180,6761.4
2013,Catamarca,10,Tinogasta,10105,Tinogasta,10105180,28089.35
2013,Córdoba,14,Calamuchita,14007,Santa Rosa de Calamuchita,14007210,42.49
2013,Córdoba,14,Colón,14021,La Calera,14021150,8350.6
2013,Córdoba,14,Colón,14021,La Calera,14021150,99.2
2013,Córdoba,14,Colón,14021,La Calera,14021150,1464.4
2013,Córdoba,14,Cruz del Eje,14028,Cruz del Eje,14028050,624.4
2013,Córdoba,14,Cruz del Eje,14028,Cruz del Eje,14028050,49.1
2013,Córdoba,14,Ischilín,14049,Ischilín,14049A07,281.56
2013,Córdoba,14,Santa María,14147,Las Quintas,14147190,113.68
2013,Córdoba,14,Totoral,14168,Macha,14168A20,149.6
2013,Córdoba,14,Tulumba,14175,Villa Tulumba,14175110,16
2013,Entre Ríos,30,Colón,30008,Colón,30008020,90.96
2013,Entre Ríos,30,Concordia,30015,Concordia,30015060,111.44
2013,Entre Ríos,30,Concordia,30015,Concordia,30015060,116.98
2013,Jujuy,38,Tilcara,38094,Tilcara,38094050,9.8
2013,Jujuy,38,Tilcara,38094,Tilcara,38094050,216.25
2013,La Pampa,42,Puelén,42112,Puelén,42112010,16319.99
2013,La Rioja,46,Castro Barros,46021,Aminga,46021010,4442
2013,La Rioja,46,Castro Barros,46021,Aminga,46021010,29469.4
2013,La Rioja,46,General Felipe Varela,46028,Santa Clara,46028020,173.2
2013,La Rioja,46,General Felipe Varela,46028,Santa Clara,46028020,1828.3
2013,La Rioja,46,General Felipe Varela,46028,Santa Clara,46028020,14523.06
2013,La Rioja,46,General Felipe Varela,46028,Santa Clara,46028020,2095.3
2013,La Rioja,46,General Felipe Varela,46028,Santa Clara,46028020,19812.1
2013,La Rioja,46,General Felipe Varela,46028,Santa Clara,46028020,6157.4
2013,La Rioja,46,General Felipe Varela,46028,Santa Clara,46028020,1242.1
2013,La Rioja,46,General Felipe Varela,46028,Santa Clara,46028020,255.6
2013,La Rioja,46,Chilecito,46042,Chilecito,46042010,82
2013,La Rioja,46,Chilecito,46042,Chilecito,46042010,3018.5
2013,La Rioja,46,Chilecito,46042,Chilecito,46042010,87043.95
2013,La Rioja,46,Chilecito,46042,Chilecito,46042010,216
2013,La Rioja,46,Chilecito,46042,Chilecito,46042010,192220.28
2013,La Rioja,46,Chilecito,46042,Chilecito,46042010,1970.69
2013,La Rioja,46,Chilecito,46042,Chilecito,46042010,121555.01
2013,La Rioja,46,Chilecito,46042,Chilecito,46042010,6740.9
2013,La Rioja,46,Chilecito,46042,Chilecito,46042010,160269.3
2013,La Rioja,46,Chilecito,46042,Chilecito,46042010,72.6
2013,La Rioja,46,Chilecito,46042,Chilecito,46042010,218580.54
2013,La Rioja,46,Chilecito,46042,Chilecito,46042010,2126.5
2013,La Rioja,46,Chilecito,46042,Chilecito,46042010,13.6
2013,La Rioja,46,Famatina,46049,Famatina,46049070,1895.1
2013,La Rioja,46,Famatina,46049,Famatina,46049070,4842.5
2013,La Rioja,46,Famatina,46049,Famatina,46049070,7.5
2013,La Rioja,46,Famatina,46049,Famatina,46049070,54.2
2013,La Rioja,46,Famatina,46049,Famatina,46049070,19.4
2013,La Rioja,46,Famatina,46049,Famatina,46049070,1054.4
2013,La Rioja,46,Famatina,46049,Famatina,46049070,5192.2
2013,La Rioja,46,Famatina,46049,Famatina,46049070,2273.3
2013,La Rioja,46,General Lamadrid,46077,Batidero,46077A00,442.5
2013,La Rioja,46,General Lamadrid,46077,Batidero,46077A00,5305.9
2013,La Rioja,46,Vinchina,46098,Villa San José de Vinchina,46098020,1903.2
2013,La Rioja,46,San Blas de Los Sauces,46119,San Blas,46119010,2433.2
2013,La Rioja,46,San Blas de Los Sauces,46119,San Blas,46119010,123
2013,La Rioja,46,San Blas de Los Sauces,46119,San Blas,46119010,1506.4
2013,La Rioja,46,Sanagasta,46126,Villa Sanagasta,46126010,164
2013,Mendoza,50,General Alvear,50014,General Alvear,50014030,353.2
2013,Mendoza,50,General Alvear,50014,General Alvear,50014030,144635.33
2013,Mendoza,50,General Alvear,50014,General Alvear,50014030,24994.85
2013,Mendoza,50,General Alvear,50014,General Alvear,50014030,6982.6
2013,Mendoza,50,General Alvear,50014,General Alvear,50014030,35416.42
2013,Mendoza,50,General Alvear,50014,General Alvear,50014030,3446.2
2013,Mendoza,50,General Alvear,50014,General Alvear,50014030,24995.4
2013,Mendoza,50,General Alvear,50014,General Alvear,50014030,230.6
2013,Mendoza,50,General Alvear,50014,General Alvear,50014030,634.8
2013,Mendoza,50,General Alvear,50014,General Alvear,50014030,46098.6
2013,Mendoza,50,General Alvear,50014,General Alvear,50014030,1185.8
2013,Mendoza,50,General Alvear,50014,General Alvear,50014030,8320.6
2013,Mendoza,50,General Alvear,50014,General Alvear,50014030,17449.6
2013,Mendoza,50,General Alvear,50014,General Alvear,50014030,65920.1
2013,Mendoza,50,General Alvear,50014,General Alvear,50014030,816.8
2013,Mendoza,50,General Alvear,50014,General Alvear,50014030,32841.1
2013,Mendoza,50,General Alvear,50014,General Alvear,50014030,33290.1
2013,Mendoza,50,General Alvear,50014,General Alvear,50014030,11842.9
2013,Mendoza,50,General Alvear,50014,General Alvear,50014030,11548.8
2013,Mendoza,50,General Alvear,50014,General Alvear,50014030,3723.8
2013,Mendoza,50,Godoy Cruz,50021,Godoy Cruz,50021010,45.6
2013,Mendoza,50,Guaymallén,50028,Guaymallén,50028020,453.4
2013,Mendoza,50,Guaymallén,50028,Guaymallén,50028020,2867.26
2013,Mendoza,50,Guaymallén,50028,Guaymallén,50028020,16342.36
2013,Mendoza,50,Guaymallén,50028,Guaymallén,50028020,15579.02
2013,Mendoza,50,Guaymallén,50028,Guaymallén,50028020,4801.2
2013,Mendoza,50,Guaymallén,50028,Guaymallén,50028020,21351.6
2013,Mendoza,50,Guaymallén,50028,Guaymallén,50028020,8512.33
2013,Mendoza,50,Guaymallén,50028,Guaymallén,50028020,11548.3
2013,Mendoza,50,Guaymallén,50028,Guaymallén,50028020,6769.26
2013,Mendoza,50,Guaymallén,50028,Guaymallén,50028020,388.2
2013,Mendoza,50,Guaymallén,50028,Guaymallén,50028020,5440.92
2013,Mendoza,50,Junín,50035,Junín,50035020,181459.03
2013,Mendoza,50,Junín,50035,Junín,50035020,255735.99
2013,Mendoza,50,Junín,50035,Junín,50035020,5433.67
2013,Mendoza,50,Junín,50035,Junín,50035020,18645.2
2013,Mendoza,50,Junín,50035,Junín,50035020,350928.46
2013,Mendoza,50,Junín,50035,Junín,50035020,147176.98
2013,Mendoza,50,Junín,50035,Junín,50035020,9338.35
2013,Mendoza,50,Junín,50035,Junín,50035020,15782.51
2013,Mendoza,50,Junín,50035,Junín,50035020,320561
2013,Mendoza,50,Junín,50035,Junín,50035020,109482.62
2013,Mendoza,50,Junín,50035,Junín,50035020,642.6
2013,Mendoza,50,Junín,50035,Junín,50035020,17211.8
2013,Mendoza,50,Junín,50035,Junín,50035020,1340
2013,Mendoza,50,Junín,50035,Junín,50035020,21579.56
2013,Mendoza,50,Junín,50035,Junín,50035020,3937.4
2013,Mendoza,50,Junín,50035,Junín,50035020,3718.7
2013,Mendoza,50,Junín,50035,Junín,50035020,190071.48
2013,Mendoza,50,Junín,50035,Junín,50035020,173618.43
2013,Mendoza,50,Junín,50035,Junín,50035020,2151.6
2013,Mendoza,50,La Paz,50042,La Paz,50042020,2027.4
2013,Mendoza,50,La Paz,50042,La Paz,50042020,7725.8
2013,Mendoza,50,La Paz,50042,La Paz,50042020,4777.2
2013,Mendoza,50,La Paz,50042,La Paz,50042020,17833.4
2013,Mendoza,50,Las Heras,50049,Las Heras,50049050,30183.1
2013,Mendoza,50,Las Heras,50049,Las Heras,50049050,12.32
2013,Mendoza,50,Las Heras,50049,Las Heras,50049050,536
2013,Mendoza,50,Las Heras,50049,Las Heras,50049050,1527.4
2013,Mendoza,50,Las Heras,50049,Las Heras,50049050,1182.1
2013,Mendoza,50,Las Heras,50049,Las Heras,50049050,3983.7
2013,Mendoza,50,Las Heras,50049,Las Heras,50049050,4386.9
2013,Mendoza,50,Las Heras,50049,Las Heras,50049050,9227.5
2013,Mendoza,50,Las Heras,50049,Las Heras,50049050,7613.8
2013,Mendoza,50,Las Heras,50049,Las Heras,50049050,1809.8
2013,Mendoza,50,Las Heras,50049,Las Heras,50049050,68.08
2013,Mendoza,50,Las Heras,50049,Las Heras,50049050,50447.8
2013,Mendoza,50,Las Heras,50049,Las Heras,50049050,21842.95
2013,Mendoza,50,Las Heras,50049,Las Heras,50049050,65438.85
2013,Mendoza,50,Lavalle,50056,Villa Tulumaya,50056160,53099.33
2013,Mendoza,50,Lavalle,50056,Villa Tulumaya,50056160,42691.1
2013,Mendoza,50,Lavalle,50056,Villa Tulumaya,50056160,1745.3
2013,Mendoza,50,Lavalle,50056,Villa Tulumaya,50056160,238.8
2013,Mendoza,50,Lavalle,50056,Villa Tulumaya,50056160,16983.1
2013,Mendoza,50,Lavalle,50056,Villa Tulumaya,50056160,387.6
2013,Mendoza,50,Lavalle,50056,Villa Tulumaya,50056160,439.2
2013,Mendoza,50,Lavalle,50056,Villa Tulumaya,50056160,127742.92
2013,Mendoza,50,Lavalle,50056,Villa Tulumaya,50056160,68482.3
2013,Mendoza,50,Lavalle,50056,Villa Tulumaya,50056160,157.2
2013,Mendoza,50,Lavalle,50056,Villa Tulumaya,50056160,121934.54
2013,Mendoza,50,Lavalle,50056,Villa Tulumaya,50056160,26836.7
2013,Mendoza,50,Lavalle,50056,Villa Tulumaya,50056160,171037.54
2013,Mendoza,50,Lavalle,50056,Villa Tulumaya,50056160,326204.04
2013,Mendoza,50,Lavalle,50056,Villa Tulumaya,50056160,29963
2013,Mendoza,50,Lavalle,50056,Villa Tulumaya,50056160,8301.7
2013,Mendoza,50,Lavalle,50056,Villa Tulumaya,50056160,1307.4
2013,Mendoza,50,Lavalle,50056,Villa Tulumaya,50056160,4337.8
2013,Mendoza,50,Lavalle,50056,Villa Tulumaya,50056160,6325.2
2013,Mendoza,50,Lavalle,50056,Villa Tulumaya,50056160,17716
2013,Mendoza,50,Lavalle,50056,Villa Tulumaya,50056160,778
2013,Mendoza,50,Lavalle,50056,Villa Tulumaya,50056160,5003.8
2013,Mendoza,50,Lavalle,50056,Villa Tulumaya,50056160,11837.73
2013,Mendoza,50,Lavalle,50056,Villa Tulumaya,50056160,685449.77
2013,Mendoza,50,Lavalle,50056,Villa Tulumaya,50056160,36689.5
2013,Mendoza,50,Lavalle,50056,Villa Tulumaya,50056160,86404.08
2013,Mendoza,50,Lavalle,50056,Villa Tulumaya,50056160,1663.6
2013,Mendoza,50,Lavalle,50056,Villa Tulumaya,50056160,105728.33
2013,Mendoza,50,Lavalle,50056,Villa Tulumaya,50056160,10533.2
2013,Mendoza,50,Lavalle,50056,Villa Tulumaya,50056160,3913.1
2013,Mendoza,50,Luján de Cuyo,50063,Luján de Cuyo,50063090,265534.51
2013,Mendoza,50,Luján de Cuyo,50063,Luján de Cuyo,50063090,282.9
2013,Mendoza,50,Luján de Cuyo,50063,Luján de Cuyo,50063090,42584.84
2013,Mendoza,50,Luján de Cuyo,50063,Luján de Cuyo,50063090,974.12
2013,Mendoza,50,Luján de Cuyo,50063,Luján de Cuyo,50063090,10181.09
2013,Mendoza,50,Luján de Cuyo,50063,Luján de Cuyo,50063090,32621.89
2013,Mendoza,50,Luján de Cuyo,50063,Luján de Cuyo,50063090,9996.4
2013,Mendoza,50,Luján de Cuyo,50063,Luján de Cuyo,50063090,36028.69
2013,Mendoza,50,Luján de Cuyo,50063,Luján de Cuyo,50063090,417270
2013,Mendoza,50,Luján de Cuyo,50063,Luján de Cuyo,50063090,451329.51
2013,Mendoza,50,Luján de Cuyo,50063,Luján de Cuyo,50063090,10719.2
2013,Mendoza,50,Luján de Cuyo,50063,Luján de Cuyo,50063090,122002.13
2013,Mendoza,50,Luján de Cuyo,50063,Luján de Cuyo,50063090,20176.37
2013,Mendoza,50,Luján de Cuyo,50063,Luján de Cuyo,50063090,90.8
2013,Mendoza,50,Maipú,50070,Maipú,50070060,4605.17
2013,Mendoza,50,Maipú,50070,Maipú,50070060,32214.04
2013,Mendoza,50,Maipú,50070,Maipú,50070060,5243
2013,Mendoza,50,Maipú,50070,Maipú,50070060,21237.9
2013,Mendoza,50,Maipú,50070,Maipú,50070060,58539.09
2013,Mendoza,50,Maipú,50070,Maipú,50070060,44271.72
2013,Mendoza,50,Maipú,50070,Maipú,50070060,57995.51
2013,Mendoza,50,Maipú,50070,Maipú,50070060,94331.53
2013,Mendoza,50,Maipú,50070,Maipú,50070060,1130.92
2013,Mendoza,50,Maipú,50070,Maipú,50070060,320006.05
2013,Mendoza,50,Maipú,50070,Maipú,50070060,1188.5
2013,Mendoza,50,Maipú,50070,Maipú,50070060,397.6
2013,Mendoza,50,Maipú,50070,Maipú,50070060,230.2
2013,Mendoza,50,Maipú,50070,Maipú,50070060,41432.08
2013,Mendoza,50,Maipú,50070,Maipú,50070060,91696.91
2013,Mendoza,50,Maipú,50070,Maipú,50070060,5085.6
2013,Mendoza,50,Maipú,50070,Maipú,50070060,6009.7
2013,Mendoza,50,Maipú,50070,Maipú,50070060,678515.44
2013,Mendoza,50,Maipú,50070,Maipú,50070060,3131.74
2013,Mendoza,50,Maipú,50070,Maipú,50070060,16100.4
2013,Mendoza,50,Maipú,50070,Maipú,50070060,41459.2
2013,Mendoza,50,Maipú,50070,Maipú,50070060,85975.78
2013,Mendoza,50,Rivadavia,50084,Rivadavia,50084140,96311.48
2013,Mendoza,50,Rivadavia,50084,Rivadavia,50084140,152517.17
2013,Mendoza,50,Rivadavia,50084,Rivadavia,50084140,267092.31
2013,Mendoza,50,Rivadavia,50084,Rivadavia,50084140,468
2013,Mendoza,50,Rivadavia,50084,Rivadavia,50084140,118984.02
2013,Mendoza,50,Rivadavia,50084,Rivadavia,50084140,634101.7
2013,Mendoza,50,Rivadavia,50084,Rivadavia,50084140,377.8
2013,Mendoza,50,Rivadavia,50084,Rivadavia,50084140,196881.09
2013,Mendoza,50,Rivadavia,50084,Rivadavia,50084140,135889.8
2013,Mendoza,50,Rivadavia,50084,Rivadavia,50084140,451862.45
2013,Mendoza,50,Rivadavia,50084,Rivadavia,50084140,141080.01
2013,Mendoza,50,Rivadavia,50084,Rivadavia,50084140,192.2
2013,Mendoza,50,Rivadavia,50084,Rivadavia,50084140,119664.53
2013,Mendoza,50,Rivadavia,50084,Rivadavia,50084140,18651.54
2013,Mendoza,50,San Carlos,50091,San Carlos,50091060,20302.63
2013,Mendoza,50,San Carlos,50091,San Carlos,50091060,3369.18
2013,Mendoza,50,San Carlos,50091,San Carlos,50091060,8107.6
2013,Mendoza,50,San Carlos,50091,San Carlos,50091060,52905.81
2013,Mendoza,50,San Carlos,50091,San Carlos,50091060,965.27
2013,Mendoza,50,San Carlos,50091,San Carlos,50091060,35183.38
2013,Mendoza,50,San Carlos,50091,San Carlos,50091060,197752.3
2013,Mendoza,50,San Carlos,50091,San Carlos,50091060,385242.29
2013,Mendoza,50,San Carlos,50091,San Carlos,50091060,37853.36
2013,Mendoza,50,San Carlos,50091,San Carlos,50091060,8150.5
2013,Mendoza,50,San Carlos,50091,San Carlos,50091060,1387.6
2013,Mendoza,50,San Martín,50098,San Martín,50098100,101473.6
2013,Mendoza,50,San Martín,50098,San Martín,50098100,260559.38
2013,Mendoza,50,San Martín,50098,San Martín,50098100,3534.2
2013,Mendoza,50,San Martín,50098,San Martín,50098100,46227.1
2013,Mendoza,50,San Martín,50098,San Martín,50098100,921536.76
2013,Mendoza,50,San Martín,50098,San Martín,50098100,1000.2
2013,Mendoza,50,San Martín,50098,San Martín,50098100,39680
2013,Mendoza,50,San Martín,50098,San Martín,50098100,206378.75
2013,Mendoza,50,San Martín,50098,San Martín,50098100,239970.32
2013,Mendoza,50,San Martín,50098,San Martín,50098100,93614.88
2013,Mendoza,50,San Martín,50098,San Martín,50098100,11529.8
2013,Mendoza,50,San Martín,50098,San Martín,50098100,182877.7
2013,Mendoza,50,San Martín,50098,San Martín,50098100,463013.43
2013,Mendoza,50,San Martín,50098,San Martín,50098100,371048.4
2013,Mendoza,50,San Martín,50098,San Martín,50098100,11851
2013,Mendoza,50,San Martín,50098,San Martín,50098100,1106234.78
2013,Mendoza,50,San Martín,50098,San Martín,50098100,195782.68
2013,Mendoza,50,San Martín,50098,San Martín,50098100,307492.12
2013,Mendoza,50,San Martín,50098,San Martín,50098100,67142.94
2013,Mendoza,50,San Martín,50098,San Martín,50098100,122898.31
2013,Mendoza,50,San Rafael,50105,San Rafael,50105210,886
2013,Mendoza,50,San Rafael,50105,San Rafael,50105210,2324.05
2013,Mendoza,50,San Rafael,50105,San Rafael,50105210,4787
2013,Mendoza,50,San Rafael,50105,San Rafael,50105210,11546.96
2013,Mendoza,50,San Rafael,50105,San Rafael,50105210,1010.4
2013,Mendoza,50,San Rafael,50105,San Rafael,50105210,15660.5
2013,Mendoza,50,San Rafael,50105,San Rafael,50105210,144524.08
2013,Mendoza,50,San Rafael,50105,San Rafael,50105210,3425
2013,Mendoza,50,San Rafael,50105,San Rafael,50105210,54083.1
2013,Mendoza,50,San Rafael,50105,San Rafael,50105210,10691.09
2013,Mendoza,50,San Rafael,50105,San Rafael,50105210,2437.9
2013,Mendoza,50,San Rafael,50105,San Rafael,50105210,2253.5
2013,Mendoza,50,San Rafael,50105,San Rafael,50105210,5541
2013,Mendoza,50,San Rafael,50105,San Rafael,50105210,49944.6
2013,Mendoza,50,San Rafael,50105,San Rafael,50105210,5928.2
2013,Mendoza,50,San Rafael,50105,San Rafael,50105210,3293.5
2013,Mendoza,50,San Rafael,50105,San Rafael,50105210,831.8
2013,Mendoza,50,San Rafael,50105,San Rafael,50105210,191.6
2013,Mendoza,50,San Rafael,50105,San Rafael,50105210,123100.06
2013,Mendoza,50,San Rafael,50105,San Rafael,50105210,9923.1
2013,Mendoza,50,San Rafael,50105,San Rafael,50105210,61838.94
2013,Mendoza,50,San Rafael,50105,San Rafael,50105210,237656.61
2013,Mendoza,50,San Rafael,50105,San Rafael,50105210,1501.6
2013,Mendoza,50,San Rafael,50105,San Rafael,50105210,36185.8
2013,Mendoza,50,San Rafael,50105,San Rafael,50105210,708.8
2013,Mendoza,50,San Rafael,50105,San Rafael,50105210,1953
2013,Mendoza,50,San Rafael,50105,San Rafael,50105210,10451.69
2013,Mendoza,50,San Rafael,50105,San Rafael,50105210,2284.6
2013,Mendoza,50,San Rafael,50105,San Rafael,50105210,6074.6
2013,Mendoza,50,San Rafael,50105,San Rafael,50105210,12520.55
2013,Mendoza,50,San Rafael,50105,San Rafael,50105210,41279.3
2013,Mendoza,50,San Rafael,50105,San Rafael,50105210,1835.2
2013,Mendoza,50,San Rafael,50105,San Rafael,50105210,59759.36
2013,Mendoza,50,San Rafael,50105,San Rafael,50105210,103724.67
2013,Mendoza,50,San Rafael,50105,San Rafael,50105210,2733
2013,Mendoza,50,San Rafael,50105,San Rafael,50105210,563.8
2013,Mendoza,50,San Rafael,50105,San Rafael,50105210,15357.5
2013,Mendoza,50,San Rafael,50105,San Rafael,50105210,169.4
2013,Mendoza,50,San Rafael,50105,San Rafael,50105210,485.1
2013,Mendoza,50,San Rafael,50105,San Rafael,50105210,66979.26
2013,Mendoza,50,San Rafael,50105,San Rafael,50105210,226289.42
2013,Mendoza,50,San Rafael,50105,San Rafael,50105210,460.8
2013,Mendoza,50,San Rafael,50105,San Rafael,50105210,448.4
2013,Mendoza,50,Santa Rosa,50112,Santa Rosa,50112060,95339.64
2013,Mendoza,50,Santa Rosa,50112,Santa Rosa,50112060,3557.6
2013,Mendoza,50,Santa Rosa,50112,Santa Rosa,50112060,92085.7
2013,Mendoza,50,Santa Rosa,50112,Santa Rosa,50112060,156212.32
2013,Mendoza,50,Santa Rosa,50112,Santa Rosa,50112060,19353.9
2013,Mendoza,50,Santa Rosa,50112,Santa Rosa,50112060,113128.7
2013,Mendoza,50,Santa Rosa,50112,Santa Rosa,50112060,404104.36
2013,Mendoza,50,Santa Rosa,50112,Santa Rosa,50112060,17811.54
2013,Mendoza,50,Santa Rosa,50112,Santa Rosa,50112060,21901.02
2013,Mendoza,50,Santa Rosa,50112,Santa Rosa,50112060,205775.32
2013,Mendoza,50,Santa Rosa,50112,Santa Rosa,50112060,26973.32
2013,Mendoza,50,Santa Rosa,50112,Santa Rosa,50112060,3669.1
2013,Mendoza,50,Santa Rosa,50112,Santa Rosa,50112060,27669.5
2013,Mendoza,50,Tunuyán,50119,Tunuyán,50119060,18287.9
2013,Mendoza,50,Tunuyán,50119,Tunuyán,50119060,108231.78
2013,Mendoza,50,Tunuyán,50119,Tunuyán,50119060,36782.8
2013,Mendoza,50,Tunuyán,50119,Tunuyán,50119060,1766.81
2013,Mendoza,50,Tunuyán,50119,Tunuyán,50119060,18166.28
2013,Mendoza,50,Tunuyán,50119,Tunuyán,50119060,60415.17
2013,Mendoza,50,Tunuyán,50119,Tunuyán,50119060,51835.45
2013,Mendoza,50,Tunuyán,50119,Tunuyán,50119060,2586.19
2013,Mendoza,50,Tunuyán,50119,Tunuyán,50119060,55915.02
2013,Mendoza,50,Tunuyán,50119,Tunuyán,50119060,16876.14
2013,Mendoza,50,Tunuyán,50119,Tunuyán,50119060,46161.66
2013,Mendoza,50,Tunuyán,50119,Tunuyán,50119060,9261.76
2013,Mendoza,50,Tunuyán,50119,Tunuyán,50119060,11930.16
2013,Mendoza,50,Tunuyán,50119,Tunuyán,50119060,124190.41
2013,Mendoza,50,Tunuyán,50119,Tunuyán,50119060,215278.86
2013,Mendoza,50,Tupungato,50126,Tupungato,50126060,187995.01
2013,Mendoza,50,Tupungato,50126,Tupungato,50126060,30506.03
2013,Mendoza,50,Tupungato,50126,Tupungato,50126060,80979.61
2013,Mendoza,50,Tupungato,50126,Tupungato,50126060,123.14
2013,Mendoza,50,Tupungato,50126,Tupungato,50126060,3370
2013,Mendoza,50,Tupungato,50126,Tupungato,50126060,94718.77
2013,Mendoza,50,Tupungato,50126,Tupungato,50126060,14284.8
2013,Mendoza,50,Tupungato,50126,Tupungato,50126060,186570.17
2013,Mendoza,50,Tupungato,50126,Tupungato,50126060,200884.96
2013,Mendoza,50,Tupungato,50126,Tupungato,50126060,38554.27
2013,Mendoza,50,Tupungato,50126,Tupungato,50126060,17850.79
2013,Mendoza,50,Tupungato,50126,Tupungato,50126060,66775.7
2013,Mendoza,50,Tupungato,50126,Tupungato,50126060,38502.59
2013,Mendoza,50,Tupungato,50126,Tupungato,50126060,122562.24
2013,Mendoza,50,Tupungato,50126,Tupungato,50126060,9533.9
2013,Misiones,54,Capital,54028,Posadas,54028030,22.4
2013,Neuquén,58,Añelo,58014,Añelo,58014010,8644.48
2013,Neuquén,58,Añelo,58014,Añelo,58014010,158408.47
2013,Neuquén,58,Confluencia,58035,Senillosa,58035110,726.06
2013,Neuquén,58,Confluencia,58035,Senillosa,58035110,334.62
2013,Neuquén,58,Picún Leufú,58098,Picún Leufú,58098020,173.7
2013,Neuquén,58,Picunches,58105,Las Lajas,58105030,45.4
2013,Río Negro,62,Adolfo Alsina,62007,El Juncal,62007030,1997.47
2013,Río Negro,62,Adolfo Alsina,62007,El Juncal,62007030,1221
2013,Río Negro,62,Avellaneda,62014,Pomona,62014090,1637.5
2013,Río Negro,62,Avellaneda,62014,Pomona,62014090,2573
2013,Río Negro,62,Avellaneda,62014,Pomona,62014090,3117.19
2013,Río Negro,62,El Cuy,62035,El Cuy,62035030,3054.6
2013,Río Negro,62,El Cuy,62035,El Cuy,62035030,457
2013,Río Negro,62,General Roca,62042,General Roca,62042450,11928.71
2013,Río Negro,62,General Roca,62042,General Roca,62042450,410
2013,Río Negro,62,General Roca,62042,General Roca,62042450,322
2013,Río Negro,62,General Roca,62042,General Roca,62042450,243.2
2013,Río Negro,62,General Roca,62042,General Roca,62042450,10791.35
2013,Río Negro,62,General Roca,62042,General Roca,62042450,13782.9
2013,Río Negro,62,General Roca,62042,General Roca,62042450,16657.95
2013,Río Negro,62,General Roca,62042,General Roca,62042450,4396.92
2013,Río Negro,62,General Roca,62042,General Roca,62042450,1458.7
2013,Río Negro,62,General Roca,62042,General Roca,62042450,1512
2013,Río Negro,62,General Roca,62042,General Roca,62042450,1842.88
2013,Río Negro,62,General Roca,62042,General Roca,62042450,1042.9
2013,Río Negro,62,General Roca,62042,General Roca,62042450,890.4
2013,Río Negro,62,General Roca,62042,General Roca,62042450,1386.21
2013,Río Negro,62,General Roca,62042,General Roca,62042450,108.04
2013,Salta,66,Cachi,66014,Cachi,66014010,610.58
2013,Salta,66,Cachi,66014,Cachi,66014010,2352.7
2013,Salta,66,Cafayate,66021,Cafayate,66021010,201.93
2013,Salta,66,Cafayate,66021,Cafayate,66021010,5033.14
2013,Salta,66,Cafayate,66021,Cafayate,66021010,193082.2
2013,Salta,66,Cafayate,66021,Cafayate,66021010,6008.46
2013,Salta,66,Cafayate,66021,Cafayate,66021010,34887.98
2013,Salta,66,Cafayate,66021,Cafayate,66021010,116.4
2013,Salta,66,Cafayate,66021,Cafayate,66021010,6606.26
2013,Salta,66,La Viña,66098,La Viña,66098040,205.72
2013,Salta,66,Molinos,66119,Molinos,66119020,1592.44
2013,Salta,66,Molinos,66119,Molinos,66119020,32
2013,Salta,66,Molinos,66119,Molinos,66119020,40
2013,Salta,66,Molinos,66119,Molinos,66119020,3028.6
2013,Salta,66,San Carlos,66154,San Carlos,66154040,1659.15
2013,Salta,66,San Carlos,66154,San Carlos,66154040,1332.55
2013,Salta,66,San Carlos,66154,San Carlos,66154040,6.03
2013,Salta,66,San Carlos,66154,San Carlos,66154040,3878.1
2013,Salta,66,San Carlos,66154,San Carlos,66154040,33398.04
2013,San Juan,70,Albardón,70007,El Rincón,70007010,13446.54
2013,San Juan,70,Albardón,70007,El Rincón,70007010,16054.12
2013,San Juan,70,Albardón,70007,El Rincón,70007010,36387.33
2013,San Juan,70,Albardón,70007,El Rincón,70007010,713.6
2013,San Juan,70,Albardón,70007,El Rincón,70007010,193541.21
2013,San Juan,70,Albardón,70007,El Rincón,70007010,7399.54
2013,San Juan,70,Albardón,70007,El Rincón,70007010,16271.39
2013,San Juan,70,Albardón,70007,El Rincón,70007010,1291.7
2013,San Juan,70,Albardón,70007,El Rincón,70007010,6996.75
2013,San Juan,70,Albardón,70007,El Rincón,70007010,2064.46
2013,San Juan,70,Albardón,70007,El Rincón,70007010,18554.58
2013,San Juan,70,Angaco,70014,Las Tapias,70014010,4516.1
2013,San Juan,70,Angaco,70014,Las Tapias,70014010,86915.99
2013,San Juan,70,Angaco,70014,Las Tapias,70014010,39763.73
2013,San Juan,70,Angaco,70014,Las Tapias,70014010,49377.79
2013,San Juan,70,Angaco,70014,Las Tapias,70014010,47576.61
2013,San Juan,70,Angaco,70014,Las Tapias,70014010,14009
2013,San Juan,70,Angaco,70014,Las Tapias,70014010,63230.69
2013,San Juan,70,Angaco,70014,Las Tapias,70014010,792
2013,San Juan,70,Angaco,70014,Las Tapias,70014010,20653.2
2013,San Juan,70,Calingasta,70021,Calingasta,70021020,69.5
2013,San Juan,70,Calingasta,70021,Calingasta,70021020,5689.2
2013,San Juan,70,Calingasta,70021,Calingasta,70021020,760.4
2013,San Juan,70,Calingasta,70021,Calingasta,70021020,2567.2
2013,San Juan,70,Calingasta,70021,Calingasta,70021020,74.6
2013,San Juan,70,Calingasta,70021,Calingasta,70021020,73
2013,San Juan,70,Calingasta,70021,Calingasta,70021020,236.67
2013,San Juan,70,Capital,70028,San Juan,70028010,15.3
2013,San Juan,70,Capital,70028,San Juan,70028010,774.2
2013,San Juan,70,Caucete,70035,Caucete,70035020,94
2013,San Juan,70,Caucete,70035,Caucete,70035020,119587.27
2013,San Juan,70,Caucete,70035,Caucete,70035020,167.2
2013,San Juan,70,Caucete,70035,Caucete,70035020,61964.9
2013,San Juan,70,Caucete,70035,Caucete,70035020,33550.6
2013,San Juan,70,Caucete,70035,Caucete,70035020,6345.97
2013,San Juan,70,Caucete,70035,Caucete,70035020,258999.14
2013,San Juan,70,Caucete,70035,Caucete,70035020,916.4
2013,San Juan,70,Caucete,70035,Caucete,70035020,504194.55
2013,San Juan,70,Caucete,70035,Caucete,70035020,120403.83
2013,San Juan,70,Caucete,70035,Caucete,70035020,209677.32
2013,San Juan,70,Chimbas,70042,Chimbas,70042010,41915.5
2013,San Juan,70,Chimbas,70042,Chimbas,70042010,1135.99
2013,San Juan,70,Chimbas,70042,Chimbas,70042010,141000.72
2013,San Juan,70,Iglesia,70049,Iglesia,70049030,71
2013,San Juan,70,9 de Julio,70063,9 de Julio,70063040,1562.8
2013,San Juan,70,9 de Julio,70063,9 de Julio,70063040,25520.42
2013,San Juan,70,9 de Julio,70063,9 de Julio,70063040,7211.56
2013,San Juan,70,9 de Julio,70063,9 de Julio,70063040,10023.1
2013,San Juan,70,9 de Julio,70063,9 de Julio,70063040,50054.72
2013,San Juan,70,9 de Julio,70063,9 de Julio,70063040,132014.69
2013,San Juan,70,9 de Julio,70063,9 de Julio,70063040,302317.5
2013,San Juan,70,Pocito,70070,Villa Aberastain,70070040,4307.8
2013,San Juan,70,Pocito,70070,Villa Aberastain,70070040,108375.47
2013,San Juan,70,Pocito,70070,Villa Aberastain,70070040,134314.61
2013,San Juan,70,Pocito,70070,Villa Aberastain,70070040,29796.95
2013,San Juan,70,Pocito,70070,Villa Aberastain,70070040,10826.74
2013,San Juan,70,Pocito,70070,Villa Aberastain,70070040,14807.3
2013,San Juan,70,Pocito,70070,Villa Aberastain,70070040,552
2013,San Juan,70,Pocito,70070,Villa Aberastain,70070040,335.8
2013,San Juan,70,Pocito,70070,Villa Aberastain,70070040,182.4
2013,San Juan,70,Pocito,70070,Villa Aberastain,70070040,249509.28
2013,San Juan,70,Pocito,70070,Villa Aberastain,70070040,1749.8
2013,San Juan,70,Rawson,70077,Rawson,70077010,10952.45
2013,San Juan,70,Rawson,70077,Rawson,70077010,6591.2
2013,San Juan,70,Rawson,70077,Rawson,70077010,28877.98
2013,San Juan,70,Rawson,70077,Rawson,70077010,85276.5
2013,San Juan,70,Rawson,70077,Rawson,70077010,129729.64
2013,San Juan,70,Rawson,70077,Rawson,70077010,410
2013,San Juan,70,Rawson,70077,Rawson,70077010,6392
2013,San Juan,70,Rivadavia,70084,Rivadavia,70084010,28004.66
2013,San Juan,70,Rivadavia,70084,Rivadavia,70084010,15326.73
2013,San Juan,70,Rivadavia,70084,Rivadavia,70084010,14568.26
2013,San Juan,70,San Martín,70091,Villa San Martín,70091070,8757.5
2013,San Juan,70,San Martín,70091,Villa San Martín,70091070,24752.71
2013,San Juan,70,San Martín,70091,Villa San Martín,70091070,11190.6
2013,San Juan,70,San Martín,70091,Villa San Martín,70091070,142940.68
2013,San Juan,70,San Martín,70091,Villa San Martín,70091070,96330.47
2013,San Juan,70,San Martín,70091,Villa San Martín,70091070,1327.1
2013,San Juan,70,San Martín,70091,Villa San Martín,70091070,146208.74
2013,San Juan,70,San Martín,70091,Villa San Martín,70091070,5130.96
2013,San Juan,70,San Martín,70091,Villa San Martín,70091070,111640.87
2013,San Juan,70,San Martín,70091,Villa San Martín,70091070,384
2013,San Juan,70,Santa Lucía,70098,Santa Lucía,70098010,14947.03
2013,San Juan,70,Santa Lucía,70098,Santa Lucía,70098010,83705.52
2013,San Juan,70,Santa Lucía,70098,Santa Lucía,70098010,19952.58
2013,San Juan,70,Santa Lucía,70098,Santa Lucía,70098010,26077.3
2013,San Juan,70,Santa Lucía,70098,Santa Lucía,70098010,5175.01
2013,San Juan,70,Santa Lucía,70098,Santa Lucía,70098010,81948.05
2013,San Juan,70,Santa Lucía,70098,Santa Lucía,70098010,13990.42
2013,San Juan,70,Santa Lucía,70098,Santa Lucía,70098010,8750.3
2013,San Juan,70,Sarmiento,70105,Villa Media Agua,70105100,48455.5
2013,San Juan,70,Sarmiento,70105,Villa Media Agua,70105100,429734.83
2013,San Juan,70,Sarmiento,70105,Villa Media Agua,70105100,156172.78
2013,San Juan,70,Sarmiento,70105,Villa Media Agua,70105100,45480.93
2013,San Juan,70,Sarmiento,70105,Villa Media Agua,70105100,81700.9
2013,San Juan,70,Sarmiento,70105,Villa Media Agua,70105100,9178.9
2013,San Juan,70,Sarmiento,70105,Villa Media Agua,70105100,1104.6
2013,San Juan,70,Sarmiento,70105,Villa Media Agua,70105100,42131.05
2013,San Juan,70,Sarmiento,70105,Villa Media Agua,70105100,10343.7
2013,San Juan,70,Sarmiento,70105,Villa Media Agua,70105100,34639.75
2013,San Juan,70,Sarmiento,70105,Villa Media Agua,70105100,52361
2013,San Juan,70,Sarmiento,70105,Villa Media Agua,70105100,200787.97
2013,San Juan,70,Sarmiento,70105,Villa Media Agua,70105100,75939.5
2013,San Juan,70,Ullum,70112,Talacasto,70112A08,2724.7
2013,San Juan,70,Ullum,70112,Talacasto,70112A08,155787
2013,San Juan,70,Ullum,70112,Talacasto,70112A08,2175
2013,San Juan,70,25 de Mayo,70126,Villa Santa Rosa,70126050,437.8
2013,San Juan,70,25 de Mayo,70126,Villa Santa Rosa,70126050,75238.9
2013,San Juan,70,25 de Mayo,70126,Villa Santa Rosa,70126050,18078.2
2013,San Juan,70,25 de Mayo,70126,Villa Santa Rosa,70126050,95757.12
2013,San Juan,70,25 de Mayo,70126,Villa Santa Rosa,70126050,283093.53
2013,San Juan,70,25 de Mayo,70126,Villa Santa Rosa,70126050,22775.32
2013,San Juan,70,25 de Mayo,70126,Villa Santa Rosa,70126050,3922.6
2013,San Juan,70,25 de Mayo,70126,Villa Santa Rosa,70126050,11780.26
2013,San Juan,70,25 de Mayo,70126,Villa Santa Rosa,70126050,204284.67
2013,San Juan,70,25 de Mayo,70126,Villa Santa Rosa,70126050,252383.08
2013,San Juan,70,25 de Mayo,70126,Villa Santa Rosa,70126050,329662.69
2013,San Juan,70,25 de Mayo,70126,Villa Santa Rosa,70126050,8670.18
2013,San Juan,70,Zonda,70133,Villa Basilio Nievas,70133010,49368.41
2013,San Juan,70,Zonda,70133,Villa Basilio Nievas,70133010,1038.8
2013,San Juan,70,Zonda,70133,Villa Basilio Nievas,70133010,111687.64
2013,San Juan,70,Zonda,70133,Villa Basilio Nievas,70133010,25129.88
2013,San Luis,74,Junín,74049,Merlo,74049060,407.36
2013,San Luis,74,Juan Martín de Pueyrredón,74056,San Luis,74056150,696
2013,Tucumán,90,Tafí del Valle,90098,Tafí del Valle,90098040,142.4
2013,Tucumán,90,Tafí del Valle,90098,Tafí del Valle,90098040,438.05
2013,Tucumán,90,Tafí del Valle,90098,Tafí del Valle,90098040,2409.75
2014,Buenos Aires,06,Coronel Dorrego,06189,Coronel Dorrego,06189030,1.06
2014,Buenos Aires,06,Coronel Pringles,06196,Coronel Pringles,06196010,27.82
2014,Buenos Aires,06,Coronel Suárez,06203,Coronel Suárez,06203020,1852.5
2014,Buenos Aires,06,General Pueyrredón,06357,Barrio El Boquerón,06357020,634.43
2014,Buenos Aires,06,Saavedra,06700,Saavedra,06700070,251.5
2014,Buenos Aires,06,Tandil,06791,Tandil,06791050,0.99
2014,Buenos Aires,06,Tornquist,06819,Tornquist,06819040,279.98
2014,Buenos Aires,06,Tornquist,06819,Tornquist,06819040,104.1
2014,Buenos Aires,06,Villarino,06875,Argerich,06875010,697.22
2014,Catamarca,10,Andalgalá,10021,Andalgalá,10021020,213.2
2014,Catamarca,10,Belén,10035,Belén,10035020,81.4
2014,Catamarca,10,Belén,10035,Belén,10035020,117
2014,Catamarca,10,Belén,10035,Belén,10035020,83.8
2014,Catamarca,10,Belén,10035,Belén,10035020,9901.6
2014,Catamarca,10,Pomán,10084,Pomán,10084070,616.8
2014,Catamarca,10,Pomán,10084,Pomán,10084070,956.5
2014,Catamarca,10,Santa María,10091,Santa María,10091150,772
2014,Catamarca,10,Santa María,10091,Santa María,10091150,40103.87
2014,Catamarca,10,Santa María,10091,Santa María,10091150,1424
2014,Catamarca,10,Santa María,10091,Santa María,10091150,225.6
2014,Catamarca,10,Santa María,10091,Santa María,10091150,1498.6
2014,Catamarca,10,Santa María,10091,Santa María,10091150,55.8
2014,Catamarca,10,Santa María,10091,Santa María,10091150,7789.6
2014,Catamarca,10,Santa María,10091,Santa María,10091150,5140.9
2014,Catamarca,10,Santa María,10091,Santa María,10091150,2397.8
2014,Catamarca,10,Santa María,10091,Santa María,10091150,124
2014,Catamarca,10,Santa María,10091,Santa María,10091150,5.8
2014,Catamarca,10,Santa María,10091,Santa María,10091150,38
2014,Catamarca,10,Santa María,10091,Santa María,10091150,6036.44
2014,Catamarca,10,Santa María,10091,Santa María,10091150,39.4
2014,Catamarca,10,Santa María,10091,Santa María,10091150,153.6
2014,Catamarca,10,Santa María,10091,Santa María,10091150,36.6
2014,Catamarca,10,Tinogasta,10105,Tinogasta,10105180,17619.29
2014,Catamarca,10,Tinogasta,10105,Tinogasta,10105180,480.3
2014,Catamarca,10,Tinogasta,10105,Tinogasta,10105180,1632.2
2014,Catamarca,10,Tinogasta,10105,Tinogasta,10105180,283.2
2014,Catamarca,10,Tinogasta,10105,Tinogasta,10105180,7772.19
2014,Catamarca,10,Tinogasta,10105,Tinogasta,10105180,5881.9
2014,Catamarca,10,Tinogasta,10105,Tinogasta,10105180,4714.7
2014,Catamarca,10,Tinogasta,10105,Tinogasta,10105180,868
2014,Catamarca,10,Tinogasta,10105,Tinogasta,10105180,2462
2014,Catamarca,10,Tinogasta,10105,Tinogasta,10105180,28545.13
2014,Catamarca,10,Tinogasta,10105,Tinogasta,10105180,1154.4
2014,Catamarca,10,Tinogasta,10105,Tinogasta,10105180,7037.9
2014,Córdoba,14,Calamuchita,14007,Santa Rosa de Calamuchita,14007210,56
2014,Córdoba,14,Colón,14021,La Calera,14021150,109.6
2014,Córdoba,14,Colón,14021,La Calera,14021150,814.1
2014,Córdoba,14,Colón,14021,La Calera,14021150,5874.54
2014,Córdoba,14,Ischilín,14049,Ischilín,14049A07,283.93
2014,Córdoba,14,Santa María,14147,Las Quintas,14147190,227
2014,Córdoba,14,Totoral,14168,Macha,14168A20,42.3
2014,Chubut,26,Cushamen,26014,Cushamen Centro,26014030,15
2014,Entre Ríos,30,Colón,30008,Colón,30008020,260.3
2014,Entre Ríos,30,Concordia,30015,Concordia,30015060,29.3
2014,Entre Ríos,30,Concordia,30015,Concordia,30015060,329.1
2014,Entre Ríos,30,Diamante,30021,Diamante,30021080,28
2014,Jujuy,38,Tilcara,38094,Tilcara,38094050,64.3
2014,Jujuy,38,Tilcara,38094,Tilcara,38094050,240.6
2014,La Pampa,42,Curacó,42042,Puelches,42042020,148.71
2014,La Pampa,42,Puelén,42112,Puelén,42112010,11883.33
2014,La Rioja,46,Castro Barros,46021,Aminga,46021010,4005
2014,La Rioja,46,Castro Barros,46021,Aminga,46021010,20022.4
2014,La Rioja,46,General Felipe Varela,46028,Santa Clara,46028020,36.8
2014,La Rioja,46,General Felipe Varela,46028,Santa Clara,46028020,2002.4
2014,La Rioja,46,General Felipe Varela,46028,Santa Clara,46028020,16061.9
2014,La Rioja,46,General Felipe Varela,46028,Santa Clara,46028020,6322.9
2014,La Rioja,46,General Felipe Varela,46028,Santa Clara,46028020,244.3
2014,La Rioja,46,General Felipe Varela,46028,Santa Clara,46028020,2936.2
2014,La Rioja,46,General Felipe Varela,46028,Santa Clara,46028020,25522.2
2014,La Rioja,46,General Felipe Varela,46028,Santa Clara,46028020,3760.6
2014,La Rioja,46,Chilecito,46042,Chilecito,46042010,3317.9
2014,La Rioja,46,Chilecito,46042,Chilecito,46042010,220724.8
2014,La Rioja,46,Chilecito,46042,Chilecito,46042010,67
2014,La Rioja,46,Chilecito,46042,Chilecito,46042010,228297.44
2014,La Rioja,46,Chilecito,46042,Chilecito,46042010,153283.6
2014,La Rioja,46,Chilecito,46042,Chilecito,46042010,6581.5
2014,La Rioja,46,Chilecito,46042,Chilecito,46042010,705.5
2014,La Rioja,46,Chilecito,46042,Chilecito,46042010,108760.5
2014,La Rioja,46,Chilecito,46042,Chilecito,46042010,161.9
2014,La Rioja,46,Chilecito,46042,Chilecito,46042010,2365.5
2014,La Rioja,46,Chilecito,46042,Chilecito,46042010,183422.3
2014,La Rioja,46,Chilecito,46042,Chilecito,46042010,82.4
2014,La Rioja,46,Famatina,46049,Famatina,46049070,940.5
2014,La Rioja,46,Famatina,46049,Famatina,46049070,21.2
2014,La Rioja,46,Famatina,46049,Famatina,46049070,2623.3
2014,La Rioja,46,Famatina,46049,Famatina,46049070,7680.9
2014,La Rioja,46,Famatina,46049,Famatina,46049070,2369.9
2014,La Rioja,46,Famatina,46049,Famatina,46049070,5.2
2014,La Rioja,46,Famatina,46049,Famatina,46049070,8018.24
2014,La Rioja,46,General Lamadrid,46077,Batidero,46077A00,6921.6
2014,La Rioja,46,General Lamadrid,46077,Batidero,46077A00,625.8
2014,La Rioja,46,Vinchina,46098,Villa San José de Vinchina,46098020,2841.1
2014,La Rioja,46,San Blas de Los Sauces,46119,San Blas,46119010,817.4
2014,La Rioja,46,San Blas de Los Sauces,46119,San Blas,46119010,3218.9
2014,La Rioja,46,San Blas de Los Sauces,46119,San Blas,46119010,727.7
2014,La Rioja,46,Sanagasta,46126,Villa Sanagasta,46126010,150
2014,Mendoza,50,General Alvear,50014,General Alvear,50014030,51205.5
2014,Mendoza,50,General Alvear,50014,General Alvear,50014030,2830.5
2014,Mendoza,50,General Alvear,50014,General Alvear,50014030,9829.5
2014,Mendoza,50,General Alvear,50014,General Alvear,50014030,9012.9
2014,Mendoza,50,General Alvear,50014,General Alvear,50014030,24952
2014,Mendoza,50,General Alvear,50014,General Alvear,50014030,26049
2014,Mendoza,50,General Alvear,50014,General Alvear,50014030,117556.58
2014,Mendoza,50,General Alvear,50014,General Alvear,50014030,6468
2014,Mendoza,50,General Alvear,50014,General Alvear,50014030,1186.8
2014,Mendoza,50,General Alvear,50014,General Alvear,50014030,191.4
2014,Mendoza,50,General Alvear,50014,General Alvear,50014030,17182.08
2014,Mendoza,50,General Alvear,50014,General Alvear,50014030,26241.6
2014,Mendoza,50,General Alvear,50014,General Alvear,50014030,3494.32
2014,Mendoza,50,General Alvear,50014,General Alvear,50014030,5659
2014,Mendoza,50,General Alvear,50014,General Alvear,50014030,18441.27
2014,Mendoza,50,General Alvear,50014,General Alvear,50014030,36230.23
2014,Mendoza,50,General Alvear,50014,General Alvear,50014030,575.6
2014,Mendoza,50,General Alvear,50014,General Alvear,50014030,95
2014,Mendoza,50,General Alvear,50014,General Alvear,50014030,567
2014,Mendoza,50,General Alvear,50014,General Alvear,50014030,14370.5
2014,Mendoza,50,Godoy Cruz,50021,Godoy Cruz,50021010,22.4
2014,Mendoza,50,Guaymallén,50028,Guaymallén,50028020,11734.76
2014,Mendoza,50,Guaymallén,50028,Guaymallén,50028020,3788.4
2014,Mendoza,50,Guaymallén,50028,Guaymallén,50028020,17450.8
2014,Mendoza,50,Guaymallén,50028,Guaymallén,50028020,6094.03
2014,Mendoza,50,Guaymallén,50028,Guaymallén,50028020,8274.8
2014,Mendoza,50,Guaymallén,50028,Guaymallén,50028020,4999.9
2014,Mendoza,50,Guaymallén,50028,Guaymallén,50028020,300.8
2014,Mendoza,50,Guaymallén,50028,Guaymallén,50028020,3598.32
2014,Mendoza,50,Guaymallén,50028,Guaymallén,50028020,250.8
2014,Mendoza,50,Guaymallén,50028,Guaymallén,50028020,14451.9
2014,Mendoza,50,Guaymallén,50028,Guaymallén,50028020,4923.8
2014,Mendoza,50,Junín,50035,Junín,50035020,1434.4
2014,Mendoza,50,Junín,50035,Junín,50035020,7926.2
2014,Mendoza,50,Junín,50035,Junín,50035020,139454.75
2014,Mendoza,50,Junín,50035,Junín,50035020,303533.09
2014,Mendoza,50,Junín,50035,Junín,50035020,991.4
2014,Mendoza,50,Junín,50035,Junín,50035020,17740
2014,Mendoza,50,Junín,50035,Junín,50035020,16589.4
2014,Mendoza,50,Junín,50035,Junín,50035020,3117.7
2014,Mendoza,50,Junín,50035,Junín,50035020,3050.1
2014,Mendoza,50,Junín,50035,Junín,50035020,159753.97
2014,Mendoza,50,Junín,50035,Junín,50035020,3374.48
2014,Mendoza,50,Junín,50035,Junín,50035020,215257.35
2014,Mendoza,50,Junín,50035,Junín,50035020,140270.19
2014,Mendoza,50,Junín,50035,Junín,50035020,212191.72
2014,Mendoza,50,Junín,50035,Junín,50035020,1328
2014,Mendoza,50,Junín,50035,Junín,50035020,277191.54
2014,Mendoza,50,Junín,50035,Junín,50035020,130286.2
2014,Mendoza,50,Junín,50035,Junín,50035020,11758.4
2014,Mendoza,50,La Paz,50042,La Paz,50042020,2090.58
2014,Mendoza,50,La Paz,50042,La Paz,50042020,3317
2014,Mendoza,50,La Paz,50042,La Paz,50042020,1676.6
2014,Mendoza,50,La Paz,50042,La Paz,50042020,7128.6
2014,Mendoza,50,Las Heras,50049,Las Heras,50049050,57615.6
2014,Mendoza,50,Las Heras,50049,Las Heras,50049050,2790.8
2014,Mendoza,50,Las Heras,50049,Las Heras,50049050,2948
2014,Mendoza,50,Las Heras,50049,Las Heras,50049050,82.01
2014,Mendoza,50,Las Heras,50049,Las Heras,50049050,1002.4
2014,Mendoza,50,Las Heras,50049,Las Heras,50049050,1964.4
2014,Mendoza,50,Las Heras,50049,Las Heras,50049050,28739.5
2014,Mendoza,50,Las Heras,50049,Las Heras,50049050,5690.2
2014,Mendoza,50,Las Heras,50049,Las Heras,50049050,9028.1
2014,Mendoza,50,Las Heras,50049,Las Heras,50049050,420.8
2014,Mendoza,50,Las Heras,50049,Las Heras,50049050,1750.3
2014,Mendoza,50,Las Heras,50049,Las Heras,50049050,26.1
2014,Mendoza,50,Las Heras,50049,Las Heras,50049050,48223.21
2014,Mendoza,50,Las Heras,50049,Las Heras,50049050,22334.6
2014,Mendoza,50,Lavalle,50056,Villa Tulumaya,50056160,148459.89
2014,Mendoza,50,Lavalle,50056,Villa Tulumaya,50056160,102189.8
2014,Mendoza,50,Lavalle,50056,Villa Tulumaya,50056160,65483.76
2014,Mendoza,50,Lavalle,50056,Villa Tulumaya,50056160,116796.51
2014,Mendoza,50,Lavalle,50056,Villa Tulumaya,50056160,564.8
2014,Mendoza,50,Lavalle,50056,Villa Tulumaya,50056160,464.4
2014,Mendoza,50,Lavalle,50056,Villa Tulumaya,50056160,15524.6
2014,Mendoza,50,Lavalle,50056,Villa Tulumaya,50056160,97
2014,Mendoza,50,Lavalle,50056,Villa Tulumaya,50056160,1662
2014,Mendoza,50,Lavalle,50056,Villa Tulumaya,50056160,3873.8
2014,Mendoza,50,Lavalle,50056,Villa Tulumaya,50056160,10356.47
2014,Mendoza,50,Lavalle,50056,Villa Tulumaya,50056160,1588.2
2014,Mendoza,50,Lavalle,50056,Villa Tulumaya,50056160,35555.9
2014,Mendoza,50,Lavalle,50056,Villa Tulumaya,50056160,3675.43
2014,Mendoza,50,Lavalle,50056,Villa Tulumaya,50056160,7216.4
2014,Mendoza,50,Lavalle,50056,Villa Tulumaya,50056160,22635.2
2014,Mendoza,50,Lavalle,50056,Villa Tulumaya,50056160,790.8
2014,Mendoza,50,Lavalle,50056,Villa Tulumaya,50056160,2401.4
2014,Mendoza,50,Lavalle,50056,Villa Tulumaya,50056160,12037.46
2014,Mendoza,50,Lavalle,50056,Villa Tulumaya,50056160,513620.58
2014,Mendoza,50,Lavalle,50056,Villa Tulumaya,50056160,32365.7
2014,Mendoza,50,Lavalle,50056,Villa Tulumaya,50056160,72082.19
2014,Mendoza,50,Lavalle,50056,Villa Tulumaya,50056160,1099.2
2014,Mendoza,50,Lavalle,50056,Villa Tulumaya,50056160,94415.7
2014,Mendoza,50,Lavalle,50056,Villa Tulumaya,50056160,9573.8
2014,Mendoza,50,Lavalle,50056,Villa Tulumaya,50056160,26649.6
2014,Mendoza,50,Lavalle,50056,Villa Tulumaya,50056160,338688.79
2014,Mendoza,50,Lavalle,50056,Villa Tulumaya,50056160,28693.8
2014,Mendoza,50,Lavalle,50056,Villa Tulumaya,50056160,1034.2
2014,Mendoza,50,Lavalle,50056,Villa Tulumaya,50056160,51240.27
2014,Mendoza,50,Luján de Cuyo,50063,Luján de Cuyo,50063090,30079.18
2014,Mendoza,50,Luján de Cuyo,50063,Luján de Cuyo,50063090,36564.63
2014,Mendoza,50,Luján de Cuyo,50063,Luján de Cuyo,50063090,1486.9
2014,Mendoza,50,Luján de Cuyo,50063,Luján de Cuyo,50063090,12612.84
2014,Mendoza,50,Luján de Cuyo,50063,Luján de Cuyo,50063090,28027.52
2014,Mendoza,50,Luján de Cuyo,50063,Luján de Cuyo,50063090,97.2
2014,Mendoza,50,Luján de Cuyo,50063,Luján de Cuyo,50063090,275943.32
2014,Mendoza,50,Luján de Cuyo,50063,Luján de Cuyo,50063090,7320.46
2014,Mendoza,50,Luján de Cuyo,50063,Luján de Cuyo,50063090,13746.58
2014,Mendoza,50,Luján de Cuyo,50063,Luján de Cuyo,50063090,1643.02
2014,Mendoza,50,Luján de Cuyo,50063,Luján de Cuyo,50063090,9580.17
2014,Mendoza,50,Luján de Cuyo,50063,Luján de Cuyo,50063090,394843.36
2014,Mendoza,50,Luján de Cuyo,50063,Luján de Cuyo,50063090,78.3
2014,Mendoza,50,Luján de Cuyo,50063,Luján de Cuyo,50063090,384997.76
2014,Mendoza,50,Luján de Cuyo,50063,Luján de Cuyo,50063090,110148.17
2014,Mendoza,50,Maipú,50070,Maipú,50070060,1096.8
2014,Mendoza,50,Maipú,50070,Maipú,50070060,415.6
2014,Mendoza,50,Maipú,50070,Maipú,50070060,251.4
2014,Mendoza,50,Maipú,50070,Maipú,50070060,32891.76
2014,Mendoza,50,Maipú,50070,Maipú,50070060,76572.44
2014,Mendoza,50,Maipú,50070,Maipú,50070060,16361.5
2014,Mendoza,50,Maipú,50070,Maipú,50070060,6976.1
2014,Mendoza,50,Maipú,50070,Maipú,50070060,572219.61
2014,Mendoza,50,Maipú,50070,Maipú,50070060,2427.35
2014,Mendoza,50,Maipú,50070,Maipú,50070060,9745.67
2014,Mendoza,50,Maipú,50070,Maipú,50070060,36805.89
2014,Mendoza,50,Maipú,50070,Maipú,50070060,36882.39
2014,Mendoza,50,Maipú,50070,Maipú,50070060,3703.3
2014,Mendoza,50,Maipú,50070,Maipú,50070060,17954.75
2014,Mendoza,50,Maipú,50070,Maipú,50070060,47699.47
2014,Mendoza,50,Maipú,50070,Maipú,50070060,2842.38
2014,Mendoza,50,Maipú,50070,Maipú,50070060,88663.04
2014,Mendoza,50,Maipú,50070,Maipú,50070060,46736.82
2014,Mendoza,50,Maipú,50070,Maipú,50070060,78848.59
2014,Mendoza,50,Maipú,50070,Maipú,50070060,36409.2
2014,Mendoza,50,Maipú,50070,Maipú,50070060,967.1
2014,Mendoza,50,Maipú,50070,Maipú,50070060,297348.46
2014,Mendoza,50,Rivadavia,50084,Rivadavia,50084140,89060.89
2014,Mendoza,50,Rivadavia,50084,Rivadavia,50084140,106464.18
2014,Mendoza,50,Rivadavia,50084,Rivadavia,50084140,138935.73
2014,Mendoza,50,Rivadavia,50084,Rivadavia,50084140,117251.12
2014,Mendoza,50,Rivadavia,50084,Rivadavia,50084140,1694
2014,Mendoza,50,Rivadavia,50084,Rivadavia,50084140,19914.76
2014,Mendoza,50,Rivadavia,50084,Rivadavia,50084140,103077.03
2014,Mendoza,50,Rivadavia,50084,Rivadavia,50084140,364.6
2014,Mendoza,50,Rivadavia,50084,Rivadavia,50084140,144835.38
2014,Mendoza,50,Rivadavia,50084,Rivadavia,50084140,477049.6
2014,Mendoza,50,Rivadavia,50084,Rivadavia,50084140,278706.82
2014,Mendoza,50,Rivadavia,50084,Rivadavia,50084140,640144.64
2014,Mendoza,50,Rivadavia,50084,Rivadavia,50084140,158465.15
2014,Mendoza,50,San Carlos,50091,San Carlos,50091060,5455
2014,Mendoza,50,San Carlos,50091,San Carlos,50091060,42218.16
2014,Mendoza,50,San Carlos,50091,San Carlos,50091060,360566.77
2014,Mendoza,50,San Carlos,50091,San Carlos,50091060,19545.14
2014,Mendoza,50,San Carlos,50091,San Carlos,50091060,25885.85
2014,Mendoza,50,San Carlos,50091,San Carlos,50091060,1128.8
2014,Mendoza,50,San Carlos,50091,San Carlos,50091060,195082.5
2014,Mendoza,50,San Carlos,50091,San Carlos,50091060,1215.12
2014,Mendoza,50,San Carlos,50091,San Carlos,50091060,48701.86
2014,Mendoza,50,San Carlos,50091,San Carlos,50091060,3016.8
2014,Mendoza,50,San Carlos,50091,San Carlos,50091060,7214.8
2014,Mendoza,50,San Carlos,50091,San Carlos,50091060,408.4
2014,Mendoza,50,San Martín,50098,San Martín,50098100,738801.8
2014,Mendoza,50,San Martín,50098,San Martín,50098100,6163.4
2014,Mendoza,50,San Martín,50098,San Martín,50098100,207000.33
2014,Mendoza,50,San Martín,50098,San Martín,50098100,9883.2
2014,Mendoza,50,San Martín,50098,San Martín,50098100,84574.5
2014,Mendoza,50,San Martín,50098,San Martín,50098100,99613.86
2014,Mendoza,50,San Martín,50098,San Martín,50098100,25295.11
2014,Mendoza,50,San Martín,50098,San Martín,50098100,3126.2
2014,Mendoza,50,San Martín,50098,San Martín,50098100,1022666.55
2014,Mendoza,50,San Martín,50098,San Martín,50098100,305462.52
2014,Mendoza,50,San Martín,50098,San Martín,50098100,219363.92
2014,Mendoza,50,San Martín,50098,San Martín,50098100,219493.75
2014,Mendoza,50,San Martín,50098,San Martín,50098100,263760.98
2014,Mendoza,50,San Martín,50098,San Martín,50098100,380299.15
2014,Mendoza,50,San Martín,50098,San Martín,50098100,103208.42
2014,Mendoza,50,San Martín,50098,San Martín,50098100,199817.09
2014,Mendoza,50,San Martín,50098,San Martín,50098100,52706.26
2014,Mendoza,50,San Martín,50098,San Martín,50098100,108066.95
2014,Mendoza,50,San Martín,50098,San Martín,50098100,176609.5
2014,Mendoza,50,San Rafael,50105,San Rafael,50105210,1325.2
2014,Mendoza,50,San Rafael,50105,San Rafael,50105210,4378.4
2014,Mendoza,50,San Rafael,50105,San Rafael,50105210,8623.58
2014,Mendoza,50,San Rafael,50105,San Rafael,50105210,4582.4
2014,Mendoza,50,San Rafael,50105,San Rafael,50105210,2127.93
2014,Mendoza,50,San Rafael,50105,San Rafael,50105210,47920.19
2014,Mendoza,50,San Rafael,50105,San Rafael,50105210,2737.5
2014,Mendoza,50,San Rafael,50105,San Rafael,50105210,7.4
2014,Mendoza,50,San Rafael,50105,San Rafael,50105210,50002.6
2014,Mendoza,50,San Rafael,50105,San Rafael,50105210,2326.2
2014,Mendoza,50,San Rafael,50105,San Rafael,50105210,89152.97
2014,Mendoza,50,San Rafael,50105,San Rafael,50105210,3837.8
2014,Mendoza,50,San Rafael,50105,San Rafael,50105210,2104
2014,Mendoza,50,San Rafael,50105,San Rafael,50105210,1222.2
2014,Mendoza,50,San Rafael,50105,San Rafael,50105210,190205.65
2014,Mendoza,50,San Rafael,50105,San Rafael,50105210,1776.6
2014,Mendoza,50,San Rafael,50105,San Rafael,50105210,51704.4
2014,Mendoza,50,San Rafael,50105,San Rafael,50105210,14410.94
2014,Mendoza,50,San Rafael,50105,San Rafael,50105210,3100.1
2014,Mendoza,50,San Rafael,50105,San Rafael,50105210,2581.8
2014,Mendoza,50,San Rafael,50105,San Rafael,50105210,8106.36
2014,Mendoza,50,San Rafael,50105,San Rafael,50105210,1816.95
2014,Mendoza,50,San Rafael,50105,San Rafael,50105210,795.4
2014,Mendoza,50,San Rafael,50105,San Rafael,50105210,27755.57
2014,Mendoza,50,San Rafael,50105,San Rafael,50105210,1461.8
2014,Mendoza,50,San Rafael,50105,San Rafael,50105210,59246.89
2014,Mendoza,50,San Rafael,50105,San Rafael,50105210,6528.32
2014,Mendoza,50,San Rafael,50105,San Rafael,50105210,102332.67
2014,Mendoza,50,San Rafael,50105,San Rafael,50105210,102.2
2014,Mendoza,50,San Rafael,50105,San Rafael,50105210,16561.47
2014,Mendoza,50,San Rafael,50105,San Rafael,50105210,865.4
2014,Mendoza,50,San Rafael,50105,San Rafael,50105210,14168.9
2014,Mendoza,50,San Rafael,50105,San Rafael,50105210,1281
2014,Mendoza,50,San Rafael,50105,San Rafael,50105210,95038.63
2014,Mendoza,50,San Rafael,50105,San Rafael,50105210,2600.4
2014,Mendoza,50,San Rafael,50105,San Rafael,50105210,720.2
2014,Mendoza,50,San Rafael,50105,San Rafael,50105210,36515.3
2014,Mendoza,50,San Rafael,50105,San Rafael,50105210,11639.5
2014,Mendoza,50,San Rafael,50105,San Rafael,50105210,196.4
2014,Mendoza,50,San Rafael,50105,San Rafael,50105210,469
2014,Mendoza,50,San Rafael,50105,San Rafael,50105210,53283.59
2014,Mendoza,50,San Rafael,50105,San Rafael,50105210,163643
2014,Mendoza,50,San Rafael,50105,San Rafael,50105210,422.2
2014,Mendoza,50,San Rafael,50105,San Rafael,50105210,273.4
2014,Mendoza,50,Santa Rosa,50112,Santa Rosa,50112060,98184.97
2014,Mendoza,50,Santa Rosa,50112,Santa Rosa,50112060,5063
2014,Mendoza,50,Santa Rosa,50112,Santa Rosa,50112060,74543.48
2014,Mendoza,50,Santa Rosa,50112,Santa Rosa,50112060,18778.1
2014,Mendoza,50,Santa Rosa,50112,Santa Rosa,50112060,313829.37
2014,Mendoza,50,Santa Rosa,50112,Santa Rosa,50112060,97916.1
2014,Mendoza,50,Santa Rosa,50112,Santa Rosa,50112060,2086.3
2014,Mendoza,50,Santa Rosa,50112,Santa Rosa,50112060,25329.7
2014,Mendoza,50,Santa Rosa,50112,Santa Rosa,50112060,106166.5
2014,Mendoza,50,Santa Rosa,50112,Santa Rosa,50112060,14421.48
2014,Mendoza,50,Santa Rosa,50112,Santa Rosa,50112060,17396.9
2014,Mendoza,50,Santa Rosa,50112,Santa Rosa,50112060,200314.93
2014,Mendoza,50,Santa Rosa,50112,Santa Rosa,50112060,142357.46
2014,Mendoza,50,Tunuyán,50119,Tunuyán,50119060,66708.56
2014,Mendoza,50,Tunuyán,50119,Tunuyán,50119060,9956.2
2014,Mendoza,50,Tunuyán,50119,Tunuyán,50119060,203986.35
2014,Mendoza,50,Tunuyán,50119,Tunuyán,50119060,106385.4
2014,Mendoza,50,Tunuyán,50119,Tunuyán,50119060,12206.16
2014,Mendoza,50,Tunuyán,50119,Tunuyán,50119060,12026.16
2014,Mendoza,50,Tunuyán,50119,Tunuyán,50119060,17933.9
2014,Mendoza,50,Tunuyán,50119,Tunuyán,50119060,2668.84
2014,Mendoza,50,Tunuyán,50119,Tunuyán,50119060,7951.11
2014,Mendoza,50,Tunuyán,50119,Tunuyán,50119060,83305.03
2014,Mendoza,50,Tunuyán,50119,Tunuyán,50119060,77525.35
2014,Mendoza,50,Tunuyán,50119,Tunuyán,50119060,19289.26
2014,Mendoza,50,Tunuyán,50119,Tunuyán,50119060,39594.1
2014,Mendoza,50,Tunuyán,50119,Tunuyán,50119060,161113.25
2014,Mendoza,50,Tunuyán,50119,Tunuyán,50119060,46899.5
2014,Mendoza,50,Tupungato,50126,Tupungato,50126060,192032.3
2014,Mendoza,50,Tupungato,50126,Tupungato,50126060,34657.85
2014,Mendoza,50,Tupungato,50126,Tupungato,50126060,12534.1
2014,Mendoza,50,Tupungato,50126,Tupungato,50126060,80167.61
2014,Mendoza,50,Tupungato,50126,Tupungato,50126060,79291.86
2014,Mendoza,50,Tupungato,50126,Tupungato,50126060,5964.05
2014,Mendoza,50,Tupungato,50126,Tupungato,50126060,107202.88
2014,Mendoza,50,Tupungato,50126,Tupungato,50126060,40146.43
2014,Mendoza,50,Tupungato,50126,Tupungato,50126060,57038.39
2014,Mendoza,50,Tupungato,50126,Tupungato,50126060,16344
2014,Mendoza,50,Tupungato,50126,Tupungato,50126060,4940.03
2014,Mendoza,50,Tupungato,50126,Tupungato,50126060,121
2014,Mendoza,50,Tupungato,50126,Tupungato,50126060,196138.78
2014,Mendoza,50,Tupungato,50126,Tupungato,50126060,31054.96
2014,Mendoza,50,Tupungato,50126,Tupungato,50126060,189929.8
2014,Neuquén,58,Añelo,58014,Añelo,58014010,4935.1
2014,Neuquén,58,Añelo,58014,Añelo,58014010,108832.83
2014,Neuquén,58,Confluencia,58035,Senillosa,58035110,809.27
2014,Neuquén,58,Confluencia,58035,Senillosa,58035110,256.49
2014,Neuquén,58,Picún Leufú,58098,Picún Leufú,58098020,318.7
2014,Neuquén,58,Picunches,58105,Las Lajas,58105030,51.1
2014,Río Negro,62,Adolfo Alsina,62007,El Juncal,62007030,2154.86
2014,Río Negro,62,Adolfo Alsina,62007,El Juncal,62007030,1077
2014,Río Negro,62,Avellaneda,62014,Pomona,62014090,219.28
2014,Río Negro,62,Avellaneda,62014,Pomona,62014090,2878.4
2014,Río Negro,62,Avellaneda,62014,Pomona,62014090,1189.6
2014,Río Negro,62,Avellaneda,62014,Pomona,62014090,1555.8
2014,Río Negro,62,El Cuy,62035,El Cuy,62035030,937.92
2014,Río Negro,62,El Cuy,62035,El Cuy,62035030,2125.5
2014,Río Negro,62,General Roca,62042,General Roca,62042450,2121.76
2014,Río Negro,62,General Roca,62042,General Roca,62042450,989.88
2014,Río Negro,62,General Roca,62042,General Roca,62042450,429.1
2014,Río Negro,62,General Roca,62042,General Roca,62042450,1007.3
2014,Río Negro,62,General Roca,62042,General Roca,62042450,1368.1
2014,Río Negro,62,General Roca,62042,General Roca,62042450,973
2014,Río Negro,62,General Roca,62042,General Roca,62042450,16963.04
2014,Río Negro,62,General Roca,62042,General Roca,62042450,202.2
2014,Río Negro,62,General Roca,62042,General Roca,62042450,3315.86
2014,Río Negro,62,General Roca,62042,General Roca,62042450,12106.76
2014,Río Negro,62,General Roca,62042,General Roca,62042450,5201.7
2014,Río Negro,62,General Roca,62042,General Roca,62042450,223.6
2014,Río Negro,62,General Roca,62042,General Roca,62042450,303.1
2014,Río Negro,62,General Roca,62042,General Roca,62042450,6380.21
2014,Salta,66,Cachi,66014,Cachi,66014010,807.03
2014,Salta,66,Cachi,66014,Cachi,66014010,2071
2014,Salta,66,Cafayate,66021,Cafayate,66021010,5347.76
2014,Salta,66,Cafayate,66021,Cafayate,66021010,6849.71
2014,Salta,66,Cafayate,66021,Cafayate,66021010,41305.56
2014,Salta,66,Cafayate,66021,Cafayate,66021010,205056.34
2014,Salta,66,Cafayate,66021,Cafayate,66021010,48.8
2014,Salta,66,Cafayate,66021,Cafayate,66021010,5708.64
2014,Salta,66,La Viña,66098,La Viña,66098040,176.19
2014,Salta,66,Molinos,66119,Molinos,66119020,70
2014,Salta,66,Molinos,66119,Molinos,66119020,1721.35
2014,Salta,66,Molinos,66119,Molinos,66119020,4320.15
2014,Salta,66,Molinos,66119,Molinos,66119020,52
2014,Salta,66,San Carlos,66154,San Carlos,66154040,2944.79
2014,Salta,66,San Carlos,66154,San Carlos,66154040,19.17
2014,Salta,66,San Carlos,66154,San Carlos,66154040,4836.5
2014,Salta,66,San Carlos,66154,San Carlos,66154040,115.7
2014,Salta,66,San Carlos,66154,San Carlos,66154040,41340.21
2014,Salta,66,San Carlos,66154,San Carlos,66154040,1175.19
2014,San Juan,70,Albardón,70007,El Rincón,70007010,110888.66
2014,San Juan,70,Albardón,70007,El Rincón,70007010,9130.69
2014,San Juan,70,Albardón,70007,El Rincón,70007010,708.7
2014,San Juan,70,Albardón,70007,El Rincón,70007010,1112.1
2014,San Juan,70,Albardón,70007,El Rincón,70007010,14854
2014,San Juan,70,Albardón,70007,El Rincón,70007010,10163.66
2014,San Juan,70,Albardón,70007,El Rincón,70007010,27379.93
2014,San Juan,70,Albardón,70007,El Rincón,70007010,2146.8
2014,San Juan,70,Albardón,70007,El Rincón,70007010,7902.95
2014,San Juan,70,Albardón,70007,El Rincón,70007010,6017.72
2014,San Juan,70,Angaco,70014,Las Tapias,70014010,85324.94
2014,San Juan,70,Angaco,70014,Las Tapias,70014010,51549.53
2014,San Juan,70,Angaco,70014,Las Tapias,70014010,17595
2014,San Juan,70,Angaco,70014,Las Tapias,70014010,1255.4
2014,San Juan,70,Angaco,70014,Las Tapias,70014010,5177.8
2014,San Juan,70,Angaco,70014,Las Tapias,70014010,49856.2
2014,San Juan,70,Angaco,70014,Las Tapias,70014010,16002.3
2014,San Juan,70,Angaco,70014,Las Tapias,70014010,40048.75
2014,San Juan,70,Angaco,70014,Las Tapias,70014010,54676.47
2014,San Juan,70,Calingasta,70021,Calingasta,70021020,119.6
2014,San Juan,70,Calingasta,70021,Calingasta,70021020,3235.7
2014,San Juan,70,Calingasta,70021,Calingasta,70021020,336.8
2014,San Juan,70,Calingasta,70021,Calingasta,70021020,6810.3
2014,San Juan,70,Calingasta,70021,Calingasta,70021020,203.2
2014,San Juan,70,Calingasta,70021,Calingasta,70021020,84.8
2014,San Juan,70,Calingasta,70021,Calingasta,70021020,411.54
2014,San Juan,70,Capital,70028,San Juan,70028010,1092.4
2014,San Juan,70,Caucete,70035,Caucete,70035020,479377.75
2014,San Juan,70,Caucete,70035,Caucete,70035020,183631.66
2014,San Juan,70,Caucete,70035,Caucete,70035020,55525.56
2014,San Juan,70,Caucete,70035,Caucete,70035020,344
2014,San Juan,70,Caucete,70035,Caucete,70035020,26964.8
2014,San Juan,70,Caucete,70035,Caucete,70035020,215631.37
2014,San Juan,70,Caucete,70035,Caucete,70035020,107720.19
2014,San Juan,70,Caucete,70035,Caucete,70035020,7298.3
2014,San Juan,70,Caucete,70035,Caucete,70035020,410.4
2014,San Juan,70,Caucete,70035,Caucete,70035020,113.8
2014,San Juan,70,Caucete,70035,Caucete,70035020,108757.56
2014,San Juan,70,Chimbas,70042,Chimbas,70042010,32898.29
2014,San Juan,70,Chimbas,70042,Chimbas,70042010,137696.21
2014,San Juan,70,Chimbas,70042,Chimbas,70042010,1087.89
2014,San Juan,70,Iglesia,70049,Iglesia,70049030,27
2014,San Juan,70,9 de Julio,70063,9 de Julio,70063040,221745.28
2014,San Juan,70,9 de Julio,70063,9 de Julio,70063040,3174.4
2014,San Juan,70,9 de Julio,70063,9 de Julio,70063040,140644.26
2014,San Juan,70,9 de Julio,70063,9 de Julio,70063040,1702.2
2014,San Juan,70,9 de Julio,70063,9 de Julio,70063040,7392.7
2014,San Juan,70,9 de Julio,70063,9 de Julio,70063040,46309.72
2014,San Juan,70,9 de Julio,70063,9 de Julio,70063040,23984.26
2014,San Juan,70,Pocito,70070,Villa Aberastain,70070040,451.8
2014,San Juan,70,Pocito,70070,Villa Aberastain,70070040,2043
2014,San Juan,70,Pocito,70070,Villa Aberastain,70070040,4500.8
2014,San Juan,70,Pocito,70070,Villa Aberastain,70070040,130
2014,San Juan,70,Pocito,70070,Villa Aberastain,70070040,7277.26
2014,San Juan,70,Pocito,70070,Villa Aberastain,70070040,91921.28
2014,San Juan,70,Pocito,70070,Villa Aberastain,70070040,139
2014,San Juan,70,Pocito,70070,Villa Aberastain,70070040,111763.47
2014,San Juan,70,Pocito,70070,Villa Aberastain,70070040,27384.79
2014,San Juan,70,Pocito,70070,Villa Aberastain,70070040,214643.9
2014,San Juan,70,Pocito,70070,Villa Aberastain,70070040,10024.42
2014,San Juan,70,Rawson,70077,Rawson,70077010,29840.23
2014,San Juan,70,Rawson,70077,Rawson,70077010,6845
2014,San Juan,70,Rawson,70077,Rawson,70077010,90427.64
2014,San Juan,70,Rawson,70077,Rawson,70077010,671.6
2014,San Juan,70,Rawson,70077,Rawson,70077010,5959.15
2014,San Juan,70,Rawson,70077,Rawson,70077010,10725.81
2014,San Juan,70,Rawson,70077,Rawson,70077010,94176.43
2014,San Juan,70,Rivadavia,70084,Rivadavia,70084010,20257.12
2014,San Juan,70,Rivadavia,70084,Rivadavia,70084010,13599.26
2014,San Juan,70,Rivadavia,70084,Rivadavia,70084010,12071.9
2014,San Juan,70,San Martín,70091,Villa San Martín,70091070,13018.6
2014,San Juan,70,San Martín,70091,Villa San Martín,70091070,1217
2014,San Juan,70,San Martín,70091,Villa San Martín,70091070,6781.7
2014,San Juan,70,San Martín,70091,Villa San Martín,70091070,157128.99
2014,San Juan,70,San Martín,70091,Villa San Martín,70091070,129039.52
2014,San Juan,70,San Martín,70091,Villa San Martín,70091070,19964.6
2014,San Juan,70,San Martín,70091,Villa San Martín,70091070,11909.9
2014,San Juan,70,San Martín,70091,Villa San Martín,70091070,104039.93
2014,San Juan,70,San Martín,70091,Villa San Martín,70091070,133833.64
2014,San Juan,70,San Martín,70091,Villa San Martín,70091070,233.4
2014,San Juan,70,Santa Lucía,70098,Santa Lucía,70098010,15051.28
2014,San Juan,70,Santa Lucía,70098,Santa Lucía,70098010,84160.9
2014,San Juan,70,Santa Lucía,70098,Santa Lucía,70098010,4241.9
2014,San Juan,70,Santa Lucía,70098,Santa Lucía,70098010,25957.4
2014,San Juan,70,Santa Lucía,70098,Santa Lucía,70098010,87934.04
2014,San Juan,70,Santa Lucía,70098,Santa Lucía,70098010,11255.7
2014,San Juan,70,Santa Lucía,70098,Santa Lucía,70098010,9681.34
2014,San Juan,70,Santa Lucía,70098,Santa Lucía,70098010,21037.07
2014,San Juan,70,Sarmiento,70105,Villa Media Agua,70105100,47022.6
2014,San Juan,70,Sarmiento,70105,Villa Media Agua,70105100,31629.3
2014,San Juan,70,Sarmiento,70105,Villa Media Agua,70105100,804.4
2014,San Juan,70,Sarmiento,70105,Villa Media Agua,70105100,209089.79
2014,San Juan,70,Sarmiento,70105,Villa Media Agua,70105100,398274.26
2014,San Juan,70,Sarmiento,70105,Villa Media Agua,70105100,51041.46
2014,San Juan,70,Sarmiento,70105,Villa Media Agua,70105100,55662
2014,San Juan,70,Sarmiento,70105,Villa Media Agua,70105100,8707.6
2014,San Juan,70,Sarmiento,70105,Villa Media Agua,70105100,37794.28
2014,San Juan,70,Sarmiento,70105,Villa Media Agua,70105100,216580.62
2014,San Juan,70,Sarmiento,70105,Villa Media Agua,70105100,49267.32
2014,San Juan,70,Sarmiento,70105,Villa Media Agua,70105100,13305.77
2014,San Juan,70,Sarmiento,70105,Villa Media Agua,70105100,84201.2
2014,San Juan,70,Ullum,70112,Talacasto,70112A08,2875.93
2014,San Juan,70,Ullum,70112,Talacasto,70112A08,111636.45
2014,San Juan,70,Ullum,70112,Talacasto,70112A08,2789.4
2014,San Juan,70,25 de Mayo,70126,Villa Santa Rosa,70126050,11080.2
2014,San Juan,70,25 de Mayo,70126,Villa Santa Rosa,70126050,9367
2014,San Juan,70,25 de Mayo,70126,Villa Santa Rosa,70126050,4788.6
2014,San Juan,70,25 de Mayo,70126,Villa Santa Rosa,70126050,234805.3
2014,San Juan,70,25 de Mayo,70126,Villa Santa Rosa,70126050,189954.02
2014,San Juan,70,25 de Mayo,70126,Villa Santa Rosa,70126050,299358.73
2014,San Juan,70,25 de Mayo,70126,Villa Santa Rosa,70126050,86702.88
2014,San Juan,70,25 de Mayo,70126,Villa Santa Rosa,70126050,24467.5
2014,San Juan,70,25 de Mayo,70126,Villa Santa Rosa,70126050,62495.78
2014,San Juan,70,25 de Mayo,70126,Villa Santa Rosa,70126050,716.6
2014,San Juan,70,25 de Mayo,70126,Villa Santa Rosa,70126050,8370.7
2014,San Juan,70,25 de Mayo,70126,Villa Santa Rosa,70126050,272581.77
2014,San Juan,70,Zonda,70133,Villa Basilio Nievas,70133010,44238.79
2014,San Juan,70,Zonda,70133,Villa Basilio Nievas,70133010,1931.8
2014,San Juan,70,Zonda,70133,Villa Basilio Nievas,70133010,61312.66
2014,San Juan,70,Zonda,70133,Villa Basilio Nievas,70133010,22688.04
2014,San Luis,74,Junín,74049,Merlo,74049060,191.7
2014,San Luis,74,Juan Martín de Pueyrredón,74056,San Luis,74056150,278.07
2014,Tucumán,90,Tafí del Valle,90098,Tafí del Valle,90098040,1811.24
2014,Tucumán,90,Tafí del Valle,90098,Tafí del Valle,90098040,165.23
2014,Tucumán,90,Tafí del Valle,90098,Tafí del Valle,90098040,469.75
2015,Buenos Aires,06,Coronel Pringles,06196,Coronel Pringles,06196010,25
2015,Buenos Aires,06,General Pueyrredón,06357,Barrio El Boquerón,06357020,225.7
2015,Buenos Aires,06,Saavedra,06700,Saavedra,06700070,220.7
2015,Buenos Aires,06,Tornquist,06819,Tornquist,06819040,236.02
2015,Buenos Aires,06,Villarino,06875,Argerich,06875010,147.45
2015,Catamarca,10,Andalgalá,10021,Andalgalá,10021020,266
2015,Catamarca,10,Belén,10035,Belén,10035020,266.4
2015,Catamarca,10,Belén,10035,Belén,10035020,9686.04
2015,Catamarca,10,Pomán,10084,Pomán,10084070,636.2
2015,Catamarca,10,Pomán,10084,Pomán,10084070,744.3
2015,Catamarca,10,Santa María,10091,Santa María,10091150,8796.87
2015,Catamarca,10,Santa María,10091,Santa María,10091150,1851.71
2015,Catamarca,10,Santa María,10091,Santa María,10091150,936.7
2015,Catamarca,10,Santa María,10091,Santa María,10091150,14.5
2015,Catamarca,10,Santa María,10091,Santa María,10091150,37.2
2015,Catamarca,10,Santa María,10091,Santa María,10091150,11.8
2015,Catamarca,10,Santa María,10091,Santa María,10091150,27715.29
2015,Catamarca,10,Santa María,10091,Santa María,10091150,67.12
2015,Catamarca,10,Santa María,10091,Santa María,10091150,141.2
2015,Catamarca,10,Santa María,10091,Santa María,10091150,3230.4
2015,Catamarca,10,Santa María,10091,Santa María,10091150,33.4
2015,Catamarca,10,Santa María,10091,Santa María,10091150,6579.2
2015,Catamarca,10,Santa María,10091,Santa María,10091150,4801.93
2015,Catamarca,10,Santa María,10091,Santa María,10091150,3365.1
2015,Catamarca,10,Santa María,10091,Santa María,10091150,95
2015,Catamarca,10,Santa Rosa,10098,Los Altos,10098050,8
2015,Catamarca,10,Tinogasta,10105,Tinogasta,10105180,841.8
2015,Catamarca,10,Tinogasta,10105,Tinogasta,10105180,1390
2015,Catamarca,10,Tinogasta,10105,Tinogasta,10105180,550.5
2015,Catamarca,10,Tinogasta,10105,Tinogasta,10105180,4656.74
2015,Catamarca,10,Tinogasta,10105,Tinogasta,10105180,26626.61
2015,Catamarca,10,Tinogasta,10105,Tinogasta,10105180,10328
2015,Catamarca,10,Tinogasta,10105,Tinogasta,10105180,4819.6
2015,Catamarca,10,Tinogasta,10105,Tinogasta,10105180,31.9
2015,Catamarca,10,Tinogasta,10105,Tinogasta,10105180,2299.7
2015,Catamarca,10,Tinogasta,10105,Tinogasta,10105180,15464.8
2015,Catamarca,10,Tinogasta,10105,Tinogasta,10105180,2502.9
2015,Catamarca,10,Tinogasta,10105,Tinogasta,10105180,9432.54
2015,Córdoba,14,Calamuchita,14007,Santa Rosa de Calamuchita,14007210,159.69
2015,Córdoba,14,Calamuchita,14007,Santa Rosa de Calamuchita,14007210,119.45
2015,Córdoba,14,Colón,14021,La Calera,14021150,4531.19
2015,Córdoba,14,Colón,14021,La Calera,14021150,67.2
2015,Córdoba,14,Cruz del Eje,14028,Cruz del Eje,14028050,72.2
2015,Córdoba,14,Ischilín,14049,Ischilín,14049A07,21
2015,Córdoba,14,Ischilín,14049,Ischilín,14049A07,357.58
2015,Córdoba,14,San Alberto,14126,Ambul,14126010,23
2015,Córdoba,14,Santa María,14147,Las Quintas,14147190,233.5
2015,Córdoba,14,Tulumba,14175,Villa Tulumba,14175110,6
2015,Chubut,26,Sarmiento,26091,Sarmiento,26091020,52.53
2015,Entre Ríos,30,Colón,30008,Colón,30008020,29.6
2015,Entre Ríos,30,Diamante,30021,Diamante,30021080,60.6
2015,Entre Ríos,30,Gualeguaychú,30056,Gualeguaychú,30056070,25.9
2015,Jujuy,38,Tilcara,38094,Tilcara,38094050,365
2015,Jujuy,38,Tilcara,38094,Tilcara,38094050,152.7
2015,La Pampa,42,Curacó,42042,Puelches,42042020,392.3
2015,La Pampa,42,Puelén,42112,Puelén,42112010,70
2015,La Pampa,42,Puelén,42112,Puelén,42112010,11358.42
2015,La Rioja,46,Castro Barros,46021,Aminga,46021010,27542.7
2015,La Rioja,46,Castro Barros,46021,Aminga,46021010,4272.4
2015,La Rioja,46,General Felipe Varela,46028,Santa Clara,46028020,4672.5
2015,La Rioja,46,General Felipe Varela,46028,Santa Clara,46028020,1239.9
2015,La Rioja,46,General Felipe Varela,46028,Santa Clara,46028020,12.4
2015,La Rioja,46,General Felipe Varela,46028,Santa Clara,46028020,3304.5
2015,La Rioja,46,General Felipe Varela,46028,Santa Clara,46028020,11093.5
2015,La Rioja,46,General Felipe Varela,46028,Santa Clara,46028020,22417.9
2015,La Rioja,46,General Felipe Varela,46028,Santa Clara,46028020,3043
2015,La Rioja,46,General Felipe Varela,46028,Santa Clara,46028020,277.3
2015,La Rioja,46,Chilecito,46042,Chilecito,46042010,59
2015,La Rioja,46,Chilecito,46042,Chilecito,46042010,130721.1
2015,La Rioja,46,Chilecito,46042,Chilecito,46042010,2185
2015,La Rioja,46,Chilecito,46042,Chilecito,46042010,935.3
2015,La Rioja,46,Chilecito,46042,Chilecito,46042010,558.8
2015,La Rioja,46,Chilecito,46042,Chilecito,46042010,6.8
2015,La Rioja,46,Chilecito,46042,Chilecito,46042010,113.2
2015,La Rioja,46,Chilecito,46042,Chilecito,46042010,172583.06
2015,La Rioja,46,Chilecito,46042,Chilecito,46042010,150864.5
2015,La Rioja,46,Chilecito,46042,Chilecito,46042010,1097.4
2015,La Rioja,46,Chilecito,46042,Chilecito,46042010,76.2
2015,La Rioja,46,Chilecito,46042,Chilecito,46042010,3142.9
2015,La Rioja,46,Chilecito,46042,Chilecito,46042010,102499.91
2015,La Rioja,46,Chilecito,46042,Chilecito,46042010,188514.47
2015,La Rioja,46,Famatina,46049,Famatina,46049070,6048.72
2015,La Rioja,46,Famatina,46049,Famatina,46049070,1801.64
2015,La Rioja,46,Famatina,46049,Famatina,46049070,343.7
2015,La Rioja,46,Famatina,46049,Famatina,46049070,28.8
2015,La Rioja,46,Famatina,46049,Famatina,46049070,848.6
2015,La Rioja,46,Famatina,46049,Famatina,46049070,5709.3
2015,La Rioja,46,Famatina,46049,Famatina,46049070,5706.48
2015,La Rioja,46,General Lamadrid,46077,Batidero,46077A00,377
2015,La Rioja,46,General Lamadrid,46077,Batidero,46077A00,5677.7
2015,La Rioja,46,Vinchina,46098,Villa San José de Vinchina,46098020,2404
2015,La Rioja,46,San Blas de Los Sauces,46119,San Blas,46119010,1744
2015,La Rioja,46,San Blas de Los Sauces,46119,San Blas,46119010,677.7
2015,La Rioja,46,San Blas de Los Sauces,46119,San Blas,46119010,731.2
2015,La Rioja,46,Sanagasta,46126,Villa Sanagasta,46126010,292
2015,Mendoza,50,General Alvear,50014,General Alvear,50014030,594.4
2015,Mendoza,50,General Alvear,50014,General Alvear,50014030,272
2015,Mendoza,50,General Alvear,50014,General Alvear,50014030,26338.16
2015,Mendoza,50,General Alvear,50014,General Alvear,50014030,869.4
2015,Mendoza,50,General Alvear,50014,General Alvear,50014030,379.4
2015,Mendoza,50,General Alvear,50014,General Alvear,50014030,16981.4
2015,Mendoza,50,General Alvear,50014,General Alvear,50014030,22923.3
2015,Mendoza,50,General Alvear,50014,General Alvear,50014030,80752.86
2015,Mendoza,50,General Alvear,50014,General Alvear,50014030,9947.8
2015,Mendoza,50,General Alvear,50014,General Alvear,50014030,32973.9
2015,Mendoza,50,General Alvear,50014,General Alvear,50014030,3911
2015,Mendoza,50,General Alvear,50014,General Alvear,50014030,426.2
2015,Mendoza,50,General Alvear,50014,General Alvear,50014030,7182.7
2015,Mendoza,50,General Alvear,50014,General Alvear,50014030,6201.1
2015,Mendoza,50,General Alvear,50014,General Alvear,50014030,4797
2015,Mendoza,50,General Alvear,50014,General Alvear,50014030,13483.31
2015,Mendoza,50,General Alvear,50014,General Alvear,50014030,1558.2
2015,Mendoza,50,General Alvear,50014,General Alvear,50014030,21233.8
2015,Mendoza,50,General Alvear,50014,General Alvear,50014030,11726.4
2015,Mendoza,50,General Alvear,50014,General Alvear,50014030,1523.4
2015,Mendoza,50,Godoy Cruz,50021,Godoy Cruz,50021010,37.2
2015,Mendoza,50,Guaymallén,50028,Guaymallén,50028020,9214.3
2015,Mendoza,50,Guaymallén,50028,Guaymallén,50028020,10525.2
2015,Mendoza,50,Guaymallén,50028,Guaymallén,50028020,228.6
2015,Mendoza,50,Guaymallén,50028,Guaymallén,50028020,4496.2
2015,Mendoza,50,Guaymallén,50028,Guaymallén,50028020,185.6
2015,Mendoza,50,Guaymallén,50028,Guaymallén,50028020,4692.95
2015,Mendoza,50,Guaymallén,50028,Guaymallén,50028020,10479.5
2015,Mendoza,50,Guaymallén,50028,Guaymallén,50028020,2583.4
2015,Mendoza,50,Guaymallén,50028,Guaymallén,50028020,4230.6
2015,Mendoza,50,Guaymallén,50028,Guaymallén,50028020,12692.6
2015,Mendoza,50,Guaymallén,50028,Guaymallén,50028020,5314.61
2015,Mendoza,50,Junín,50035,Junín,50035020,280477.4
2015,Mendoza,50,Junín,50035,Junín,50035020,16834.6
2015,Mendoza,50,Junín,50035,Junín,50035020,121761.79
2015,Mendoza,50,Junín,50035,Junín,50035020,4539.5
2015,Mendoza,50,Junín,50035,Junín,50035020,219.4
2015,Mendoza,50,Junín,50035,Junín,50035020,2169.5
2015,Mendoza,50,Junín,50035,Junín,50035020,2448.8
2015,Mendoza,50,Junín,50035,Junín,50035020,130839.13
2015,Mendoza,50,Junín,50035,Junín,50035020,247512.62
2015,Mendoza,50,Junín,50035,Junín,50035020,3352
2015,Mendoza,50,Junín,50035,Junín,50035020,123489.88
2015,Mendoza,50,Junín,50035,Junín,50035020,8456.3
2015,Mendoza,50,Junín,50035,Junín,50035020,1378.6
2015,Mendoza,50,Junín,50035,Junín,50035020,112052.76
2015,Mendoza,50,Junín,50035,Junín,50035020,9860.5
2015,Mendoza,50,Junín,50035,Junín,50035020,1317.6
2015,Mendoza,50,Junín,50035,Junín,50035020,157342.96
2015,Mendoza,50,Junín,50035,Junín,50035020,210427.54
2015,Mendoza,50,La Paz,50042,La Paz,50042020,1473.2
2015,Mendoza,50,La Paz,50042,La Paz,50042020,12199.9
2015,Mendoza,50,La Paz,50042,La Paz,50042020,3590.15
2015,Mendoza,50,La Paz,50042,La Paz,50042020,3131.4
2015,Mendoza,50,Las Heras,50049,Las Heras,50049050,539.42
2015,Mendoza,50,Las Heras,50049,Las Heras,50049050,93.88
2015,Mendoza,50,Las Heras,50049,Las Heras,50049050,56423.68
2015,Mendoza,50,Las Heras,50049,Las Heras,50049050,24787.4
2015,Mendoza,50,Las Heras,50049,Las Heras,50049050,42232.2
2015,Mendoza,50,Las Heras,50049,Las Heras,50049050,72.97
2015,Mendoza,50,Las Heras,50049,Las Heras,50049050,1638
2015,Mendoza,50,Las Heras,50049,Las Heras,50049050,26742
2015,Mendoza,50,Las Heras,50049,Las Heras,50049050,5208.6
2015,Mendoza,50,Las Heras,50049,Las Heras,50049050,6392.2
2015,Mendoza,50,Las Heras,50049,Las Heras,50049050,2290.44
2015,Mendoza,50,Las Heras,50049,Las Heras,50049050,3297.2
2015,Mendoza,50,Las Heras,50049,Las Heras,50049050,1165.2
2015,Mendoza,50,Las Heras,50049,Las Heras,50049050,1286.8
2015,Mendoza,50,Las Heras,50049,Las Heras,50049050,334.1
2015,Mendoza,50,Lavalle,50056,Villa Tulumaya,50056160,3644.4
2015,Mendoza,50,Lavalle,50056,Villa Tulumaya,50056160,7323.5
2015,Mendoza,50,Lavalle,50056,Villa Tulumaya,50056160,20652.8
2015,Mendoza,50,Lavalle,50056,Villa Tulumaya,50056160,747.4
2015,Mendoza,50,Lavalle,50056,Villa Tulumaya,50056160,4102.4
2015,Mendoza,50,Lavalle,50056,Villa Tulumaya,50056160,13202.62
2015,Mendoza,50,Lavalle,50056,Villa Tulumaya,50056160,624824.25
2015,Mendoza,50,Lavalle,50056,Villa Tulumaya,50056160,31346.6
2015,Mendoza,50,Lavalle,50056,Villa Tulumaya,50056160,68580.89
2015,Mendoza,50,Lavalle,50056,Villa Tulumaya,50056160,1270.8
2015,Mendoza,50,Lavalle,50056,Villa Tulumaya,50056160,100422.9
2015,Mendoza,50,Lavalle,50056,Villa Tulumaya,50056160,9824.6
2015,Mendoza,50,Lavalle,50056,Villa Tulumaya,50056160,25310.1
2015,Mendoza,50,Lavalle,50056,Villa Tulumaya,50056160,331506.54
2015,Mendoza,50,Lavalle,50056,Villa Tulumaya,50056160,145333.57
2015,Mendoza,50,Lavalle,50056,Villa Tulumaya,50056160,27997.61
2015,Mendoza,50,Lavalle,50056,Villa Tulumaya,50056160,960.6
2015,Mendoza,50,Lavalle,50056,Villa Tulumaya,50056160,63759.1
2015,Mendoza,50,Lavalle,50056,Villa Tulumaya,50056160,56253.63
2015,Mendoza,50,Lavalle,50056,Villa Tulumaya,50056160,34692
2015,Mendoza,50,Lavalle,50056,Villa Tulumaya,50056160,624.4
2015,Mendoza,50,Lavalle,50056,Villa Tulumaya,50056160,10373.35
2015,Mendoza,50,Lavalle,50056,Villa Tulumaya,50056160,2206.1
2015,Mendoza,50,Lavalle,50056,Villa Tulumaya,50056160,2086.4
2015,Mendoza,50,Lavalle,50056,Villa Tulumaya,50056160,176.2
2015,Mendoza,50,Lavalle,50056,Villa Tulumaya,50056160,20232
2015,Mendoza,50,Lavalle,50056,Villa Tulumaya,50056160,387.8
2015,Mendoza,50,Lavalle,50056,Villa Tulumaya,50056160,1416.3
2015,Mendoza,50,Lavalle,50056,Villa Tulumaya,50056160,107655.38
2015,Mendoza,50,Lavalle,50056,Villa Tulumaya,50056160,61340.78
2015,Mendoza,50,Luján de Cuyo,50063,Luján de Cuyo,50063090,9302.9
2015,Mendoza,50,Luján de Cuyo,50063,Luján de Cuyo,50063090,1719.8
2015,Mendoza,50,Luján de Cuyo,50063,Luján de Cuyo,50063090,14022.95
2015,Mendoza,50,Luján de Cuyo,50063,Luján de Cuyo,50063090,351915.92
2015,Mendoza,50,Luján de Cuyo,50063,Luján de Cuyo,50063090,27627.99
2015,Mendoza,50,Luján de Cuyo,50063,Luján de Cuyo,50063090,356682.81
2015,Mendoza,50,Luján de Cuyo,50063,Luján de Cuyo,50063090,5945.97
2015,Mendoza,50,Luján de Cuyo,50063,Luján de Cuyo,50063090,232796.6
2015,Mendoza,50,Luján de Cuyo,50063,Luján de Cuyo,50063090,245
2015,Mendoza,50,Luján de Cuyo,50063,Luján de Cuyo,50063090,21.8
2015,Mendoza,50,Luján de Cuyo,50063,Luján de Cuyo,50063090,28924.63
2015,Mendoza,50,Luján de Cuyo,50063,Luján de Cuyo,50063090,97626.93
2015,Mendoza,50,Luján de Cuyo,50063,Luján de Cuyo,50063090,33211.27
2015,Mendoza,50,Luján de Cuyo,50063,Luján de Cuyo,50063090,7739.14
2015,Mendoza,50,Luján de Cuyo,50063,Luján de Cuyo,50063090,1643.12
2015,Mendoza,50,Maipú,50070,Maipú,50070060,52781.23
2015,Mendoza,50,Maipú,50070,Maipú,50070060,3747.2
2015,Mendoza,50,Maipú,50070,Maipú,50070060,31227.96
2015,Mendoza,50,Maipú,50070,Maipú,50070060,29349.1
2015,Mendoza,50,Maipú,50070,Maipú,50070060,11397.6
2015,Mendoza,50,Maipú,50070,Maipú,50070060,2675.9
2015,Mendoza,50,Maipú,50070,Maipú,50070060,577061.18
2015,Mendoza,50,Maipú,50070,Maipú,50070060,4606.3
2015,Mendoza,50,Maipú,50070,Maipú,50070060,2756.9
2015,Mendoza,50,Maipú,50070,Maipú,50070060,95007.32
2015,Mendoza,50,Maipú,50070,Maipú,50070060,51207.6
2015,Mendoza,50,Maipú,50070,Maipú,50070060,68418.54
2015,Mendoza,50,Maipú,50070,Maipú,50070060,26073.8
2015,Mendoza,50,Maipú,50070,Maipú,50070060,506.72
2015,Mendoza,50,Maipú,50070,Maipú,50070060,290832.96
2015,Mendoza,50,Maipú,50070,Maipú,50070060,1339.8
2015,Mendoza,50,Maipú,50070,Maipú,50070060,246.8
2015,Mendoza,50,Maipú,50070,Maipú,50070060,130.8
2015,Mendoza,50,Maipú,50070,Maipú,50070060,33639.86
2015,Mendoza,50,Maipú,50070,Maipú,50070060,71890.4
2015,Mendoza,50,Maipú,50070,Maipú,50070060,18929.5
2015,Mendoza,50,Maipú,50070,Maipú,50070060,14713
2015,Mendoza,50,Rivadavia,50084,Rivadavia,50084140,81345.95
2015,Mendoza,50,Rivadavia,50084,Rivadavia,50084140,74591.49
2015,Mendoza,50,Rivadavia,50084,Rivadavia,50084140,551
2015,Mendoza,50,Rivadavia,50084,Rivadavia,50084140,117673.35
2015,Mendoza,50,Rivadavia,50084,Rivadavia,50084140,336807.51
2015,Mendoza,50,Rivadavia,50084,Rivadavia,50084140,223602.4
2015,Mendoza,50,Rivadavia,50084,Rivadavia,50084140,13357.8
2015,Mendoza,50,Rivadavia,50084,Rivadavia,50084140,119984.56
2015,Mendoza,50,Rivadavia,50084,Rivadavia,50084140,1903
2015,Mendoza,50,Rivadavia,50084,Rivadavia,50084140,99987.92
2015,Mendoza,50,Rivadavia,50084,Rivadavia,50084140,109630.49
2015,Mendoza,50,Rivadavia,50084,Rivadavia,50084140,80250.91
2015,Mendoza,50,Rivadavia,50084,Rivadavia,50084140,482962.07
2015,Mendoza,50,San Carlos,50091,San Carlos,50091060,2111.4
2015,Mendoza,50,San Carlos,50091,San Carlos,50091060,370261.27
2015,Mendoza,50,San Carlos,50091,San Carlos,50091060,20283.35
2015,Mendoza,50,San Carlos,50091,San Carlos,50091060,29787.93
2015,Mendoza,50,San Carlos,50091,San Carlos,50091060,6599.1
2015,Mendoza,50,San Carlos,50091,San Carlos,50091060,948
2015,Mendoza,50,San Carlos,50091,San Carlos,50091060,7136.9
2015,Mendoza,50,San Carlos,50091,San Carlos,50091060,48710.96
2015,Mendoza,50,San Carlos,50091,San Carlos,50091060,848.8
2015,Mendoza,50,San Carlos,50091,San Carlos,50091060,35533.84
2015,Mendoza,50,San Carlos,50091,San Carlos,50091060,208650.72
2015,Mendoza,50,San Carlos,50091,San Carlos,50091060,229.8
2015,Mendoza,50,San Martín,50098,San Martín,50098100,8654.3
2015,Mendoza,50,San Martín,50098,San Martín,50098100,194713.66
2015,Mendoza,50,San Martín,50098,San Martín,50098100,382171.52
2015,Mendoza,50,San Martín,50098,San Martín,50098100,82371.2
2015,Mendoza,50,San Martín,50098,San Martín,50098100,700241.42
2015,Mendoza,50,San Martín,50098,San Martín,50098100,46519.4
2015,Mendoza,50,San Martín,50098,San Martín,50098100,89779.6
2015,Mendoza,50,San Martín,50098,San Martín,50098100,182249.12
2015,Mendoza,50,San Martín,50098,San Martín,50098100,8992.5
2015,Mendoza,50,San Martín,50098,San Martín,50098100,214329.12
2015,Mendoza,50,San Martín,50098,San Martín,50098100,69508.91
2015,Mendoza,50,San Martín,50098,San Martín,50098100,98245.9
2015,Mendoza,50,San Martín,50098,San Martín,50098100,36922
2015,Mendoza,50,San Martín,50098,San Martín,50098100,2200.8
2015,Mendoza,50,San Martín,50098,San Martín,50098100,933838.56
2015,Mendoza,50,San Martín,50098,San Martín,50098100,358212.99
2015,Mendoza,50,San Martín,50098,San Martín,50098100,178438.23
2015,Mendoza,50,San Martín,50098,San Martín,50098100,207807.48
2015,Mendoza,50,San Martín,50098,San Martín,50098100,269782.49
2015,Mendoza,50,San Rafael,50105,San Rafael,50105210,938
2015,Mendoza,50,San Rafael,50105,San Rafael,50105210,236
2015,Mendoza,50,San Rafael,50105,San Rafael,50105210,11358.9
2015,Mendoza,50,San Rafael,50105,San Rafael,50105210,583.2
2015,Mendoza,50,San Rafael,50105,San Rafael,50105210,1880
2015,Mendoza,50,San Rafael,50105,San Rafael,50105210,91033.03
2015,Mendoza,50,San Rafael,50105,San Rafael,50105210,1182.4
2015,Mendoza,50,San Rafael,50105,San Rafael,50105210,2148.8
2015,Mendoza,50,San Rafael,50105,San Rafael,50105210,2980.6
2015,Mendoza,50,San Rafael,50105,San Rafael,50105210,33219
2015,Mendoza,50,San Rafael,50105,San Rafael,50105210,3380.4
2015,Mendoza,50,San Rafael,50105,San Rafael,50105210,3158.2
2015,Mendoza,50,San Rafael,50105,San Rafael,50105210,5644.2
2015,Mendoza,50,San Rafael,50105,San Rafael,50105210,547.2
2015,Mendoza,50,San Rafael,50105,San Rafael,50105210,705.4
2015,Mendoza,50,San Rafael,50105,San Rafael,50105210,26604.4
2015,Mendoza,50,San Rafael,50105,San Rafael,50105210,45474.22
2015,Mendoza,50,San Rafael,50105,San Rafael,50105210,5378.6
2015,Mendoza,50,San Rafael,50105,San Rafael,50105210,94298.69
2015,Mendoza,50,San Rafael,50105,San Rafael,50105210,225.8
2015,Mendoza,50,San Rafael,50105,San Rafael,50105210,12002.65
2015,Mendoza,50,San Rafael,50105,San Rafael,50105210,1090
2015,Mendoza,50,San Rafael,50105,San Rafael,50105210,14041.88
2015,Mendoza,50,San Rafael,50105,San Rafael,50105210,2000
2015,Mendoza,50,San Rafael,50105,San Rafael,50105210,2642.2
2015,Mendoza,50,San Rafael,50105,San Rafael,50105210,90.2
2015,Mendoza,50,San Rafael,50105,San Rafael,50105210,42365.72
2015,Mendoza,50,San Rafael,50105,San Rafael,50105210,91655.26
2015,Mendoza,50,San Rafael,50105,San Rafael,50105210,3266.4
2015,Mendoza,50,San Rafael,50105,San Rafael,50105210,1156.2
2015,Mendoza,50,San Rafael,50105,San Rafael,50105210,189589.36
2015,Mendoza,50,San Rafael,50105,San Rafael,50105210,395.6
2015,Mendoza,50,San Rafael,50105,San Rafael,50105210,2050.2
2015,Mendoza,50,San Rafael,50105,San Rafael,50105210,51805.23
2015,Mendoza,50,San Rafael,50105,San Rafael,50105210,13003.2
2015,Mendoza,50,San Rafael,50105,San Rafael,50105210,45526.76
2015,Mendoza,50,San Rafael,50105,San Rafael,50105210,2963.15
2015,Mendoza,50,San Rafael,50105,San Rafael,50105210,4627.9
2015,Mendoza,50,San Rafael,50105,San Rafael,50105210,8544.72
2015,Mendoza,50,San Rafael,50105,San Rafael,50105210,5677.5
2015,Mendoza,50,San Rafael,50105,San Rafael,50105210,194.6
2015,Mendoza,50,San Rafael,50105,San Rafael,50105210,358.42
2015,Mendoza,50,San Rafael,50105,San Rafael,50105210,138356.7
2015,Mendoza,50,San Rafael,50105,San Rafael,50105210,49822.55
2015,Mendoza,50,San Rafael,50105,San Rafael,50105210,246.4
2015,Mendoza,50,Santa Rosa,50112,Santa Rosa,50112060,15886
2015,Mendoza,50,Santa Rosa,50112,Santa Rosa,50112060,158879.4
2015,Mendoza,50,Santa Rosa,50112,Santa Rosa,50112060,100226.8
2015,Mendoza,50,Santa Rosa,50112,Santa Rosa,50112060,94399.1
2015,Mendoza,50,Santa Rosa,50112,Santa Rosa,50112060,5152.3
2015,Mendoza,50,Santa Rosa,50112,Santa Rosa,50112060,15037.71
2015,Mendoza,50,Santa Rosa,50112,Santa Rosa,50112060,81284.7
2015,Mendoza,50,Santa Rosa,50112,Santa Rosa,50112060,27939.3
2015,Mendoza,50,Santa Rosa,50112,Santa Rosa,50112060,3595.31
2015,Mendoza,50,Santa Rosa,50112,Santa Rosa,50112060,314930.77
2015,Mendoza,50,Santa Rosa,50112,Santa Rosa,50112060,87374.9
2015,Mendoza,50,Santa Rosa,50112,Santa Rosa,50112060,108326.14
2015,Mendoza,50,Santa Rosa,50112,Santa Rosa,50112060,10970.26
2015,Mendoza,50,Tunuyán,50119,Tunuyán,50119060,22372.42
2015,Mendoza,50,Tunuyán,50119,Tunuyán,50119060,220267.6
2015,Mendoza,50,Tunuyán,50119,Tunuyán,50119060,13128.36
2015,Mendoza,50,Tunuyán,50119,Tunuyán,50119060,109077.18
2015,Mendoza,50,Tunuyán,50119,Tunuyán,50119060,12579.06
2015,Mendoza,50,Tunuyán,50119,Tunuyán,50119060,5851.9
2015,Mendoza,50,Tunuyán,50119,Tunuyán,50119060,79753.86
2015,Mendoza,50,Tunuyán,50119,Tunuyán,50119060,61967.19
2015,Mendoza,50,Tunuyán,50119,Tunuyán,50119060,191144.47
2015,Mendoza,50,Tunuyán,50119,Tunuyán,50119060,31346.1
2015,Mendoza,50,Tunuyán,50119,Tunuyán,50119060,16103.25
2015,Mendoza,50,Tunuyán,50119,Tunuyán,50119060,84618.66
2015,Mendoza,50,Tunuyán,50119,Tunuyán,50119060,93771.91
2015,Mendoza,50,Tunuyán,50119,Tunuyán,50119060,9812.44
2015,Mendoza,50,Tunuyán,50119,Tunuyán,50119060,624.07
2015,Mendoza,50,Tupungato,50126,Tupungato,50126060,99745.8
2015,Mendoza,50,Tupungato,50126,Tupungato,50126060,39859.53
2015,Mendoza,50,Tupungato,50126,Tupungato,50126060,64415.58
2015,Mendoza,50,Tupungato,50126,Tupungato,50126060,197371.18
2015,Mendoza,50,Tupungato,50126,Tupungato,50126060,47.8
2015,Mendoza,50,Tupungato,50126,Tupungato,50126060,6518.62
2015,Mendoza,50,Tupungato,50126,Tupungato,50126060,75214.22
2015,Mendoza,50,Tupungato,50126,Tupungato,50126060,9299.8
2015,Mendoza,50,Tupungato,50126,Tupungato,50126060,237245.73
2015,Mendoza,50,Tupungato,50126,Tupungato,50126060,182772.11
2015,Mendoza,50,Tupungato,50126,Tupungato,50126060,38765.14
2015,Mendoza,50,Tupungato,50126,Tupungato,50126060,16233.75
2015,Mendoza,50,Tupungato,50126,Tupungato,50126060,51311.63
2015,Mendoza,50,Tupungato,50126,Tupungato,50126060,34677.49
2015,Mendoza,50,Tupungato,50126,Tupungato,50126060,8651.2
2015,Neuquén,58,Añelo,58014,Añelo,58014010,147457.27
2015,Neuquén,58,Añelo,58014,Añelo,58014010,9431.45
2015,Neuquén,58,Confluencia,58035,Senillosa,58035110,72.2
2015,Neuquén,58,Confluencia,58035,Senillosa,58035110,647.3
2015,Neuquén,58,Confluencia,58035,Senillosa,58035110,342.54
2015,Neuquén,58,Lácar,58056,San Martín de los Andes,58056010,32
2015,Neuquén,58,Picún Leufú,58098,Picún Leufú,58098020,350
2015,Río Negro,62,Adolfo Alsina,62007,El Juncal,62007030,1254.16
2015,Río Negro,62,Avellaneda,62014,Pomona,62014090,3211.2
2015,Río Negro,62,Avellaneda,62014,Pomona,62014090,418.9
2015,Río Negro,62,Avellaneda,62014,Pomona,62014090,2438.7
2015,Río Negro,62,Avellaneda,62014,Pomona,62014090,184
2015,Río Negro,62,Bariloche,62021,Villa Mascardi,62021110,79
2015,Río Negro,62,El Cuy,62035,El Cuy,62035030,535.83
2015,Río Negro,62,El Cuy,62035,El Cuy,62035030,2538.5
2015,Río Negro,62,General Roca,62042,General Roca,62042450,14734.06
2015,Río Negro,62,General Roca,62042,General Roca,62042450,1316.8
2015,Río Negro,62,General Roca,62042,General Roca,62042450,101.2
2015,Río Negro,62,General Roca,62042,General Roca,62042450,704.1
2015,Río Negro,62,General Roca,62042,General Roca,62042450,1646.6
2015,Río Negro,62,General Roca,62042,General Roca,62042450,468.66
2015,Río Negro,62,General Roca,62042,General Roca,62042450,8405.22
2015,Río Negro,62,General Roca,62042,General Roca,62042450,16243.09
2015,Río Negro,62,General Roca,62042,General Roca,62042450,1890.7
2015,Río Negro,62,General Roca,62042,General Roca,62042450,3813.34
2015,Río Negro,62,General Roca,62042,General Roca,62042450,1440.8
2015,Río Negro,62,General Roca,62042,General Roca,62042450,72.2
2015,Río Negro,62,General Roca,62042,General Roca,62042450,6289.63
2015,Salta,66,Cachi,66014,Cachi,66014010,879.18
2015,Salta,66,Cachi,66014,Cachi,66014010,3520.1
2015,Salta,66,Cafayate,66021,Cafayate,66021010,280.15
2015,Salta,66,Cafayate,66021,Cafayate,66021010,194026.38
2015,Salta,66,Cafayate,66021,Cafayate,66021010,5590.92
2015,Salta,66,Cafayate,66021,Cafayate,66021010,35067.35
2015,Salta,66,Cafayate,66021,Cafayate,66021010,7233.27
2015,Salta,66,Cafayate,66021,Cafayate,66021010,64.5
2015,Salta,66,Cafayate,66021,Cafayate,66021010,4910.31
2015,Salta,66,La Viña,66098,La Viña,66098040,291.25
2015,Salta,66,Molinos,66119,Molinos,66119020,103.57
2015,Salta,66,Molinos,66119,Molinos,66119020,2258.01
2015,Salta,66,Molinos,66119,Molinos,66119020,6059.8
2015,Salta,66,Molinos,66119,Molinos,66119020,70
2015,Salta,66,San Carlos,66154,San Carlos,66154040,5625.3
2015,Salta,66,San Carlos,66154,San Carlos,66154040,3649.09
2015,Salta,66,San Carlos,66154,San Carlos,66154040,44092.37
2015,Salta,66,San Carlos,66154,San Carlos,66154040,661
2015,Salta,66,San Carlos,66154,San Carlos,66154040,181
2015,San Juan,70,Albardón,70007,El Rincón,70007010,1823.66
2015,San Juan,70,Albardón,70007,El Rincón,70007010,4873.9
2015,San Juan,70,Albardón,70007,El Rincón,70007010,111731.96
2015,San Juan,70,Albardón,70007,El Rincón,70007010,15777.19
2015,San Juan,70,Albardón,70007,El Rincón,70007010,16011.24
2015,San Juan,70,Albardón,70007,El Rincón,70007010,367.8
2015,San Juan,70,Albardón,70007,El Rincón,70007010,1636.7
2015,San Juan,70,Albardón,70007,El Rincón,70007010,33486.65
2015,San Juan,70,Albardón,70007,El Rincón,70007010,11356.4
2015,San Juan,70,Albardón,70007,El Rincón,70007010,12788.01
2015,San Juan,70,Albardón,70007,El Rincón,70007010,11852.8
2015,San Juan,70,Angaco,70014,Las Tapias,70014010,662.2
2015,San Juan,70,Angaco,70014,Las Tapias,70014010,52567.2
2015,San Juan,70,Angaco,70014,Las Tapias,70014010,48328.98
2015,San Juan,70,Angaco,70014,Las Tapias,70014010,49805.05
2015,San Juan,70,Angaco,70014,Las Tapias,70014010,31826.29
2015,San Juan,70,Angaco,70014,Las Tapias,70014010,74064.38
2015,San Juan,70,Angaco,70014,Las Tapias,70014010,7007.8
2015,San Juan,70,Angaco,70014,Las Tapias,70014010,17641.2
2015,San Juan,70,Angaco,70014,Las Tapias,70014010,17229.4
2015,San Juan,70,Calingasta,70021,Calingasta,70021020,137.6
2015,San Juan,70,Calingasta,70021,Calingasta,70021020,66.6
2015,San Juan,70,Calingasta,70021,Calingasta,70021020,576.51
2015,San Juan,70,Calingasta,70021,Calingasta,70021020,1170.2
2015,San Juan,70,Calingasta,70021,Calingasta,70021020,6711.9
2015,San Juan,70,Calingasta,70021,Calingasta,70021020,1740
2015,San Juan,70,Caucete,70035,Caucete,70035020,80906.1
2015,San Juan,70,Caucete,70035,Caucete,70035020,20749.3
2015,San Juan,70,Caucete,70035,Caucete,70035020,173997.15
2015,San Juan,70,Caucete,70035,Caucete,70035020,37009.35
2015,San Juan,70,Caucete,70035,Caucete,70035020,133842.93
2015,San Juan,70,Caucete,70035,Caucete,70035020,338575.52
2015,San Juan,70,Caucete,70035,Caucete,70035020,62987.06
2015,San Juan,70,Caucete,70035,Caucete,70035020,81.7
2015,San Juan,70,Caucete,70035,Caucete,70035020,797.6
2015,San Juan,70,Caucete,70035,Caucete,70035020,6642.2
2015,San Juan,70,Caucete,70035,Caucete,70035020,480.2
2015,San Juan,70,Caucete,70035,Caucete,70035020,89.2
2015,San Juan,70,Chimbas,70042,Chimbas,70042010,2326.33
2015,San Juan,70,Chimbas,70042,Chimbas,70042010,132996.49
2015,San Juan,70,Chimbas,70042,Chimbas,70042010,20439.7
2015,San Juan,70,Iglesia,70049,Iglesia,70049030,2611.8
2015,San Juan,70,Iglesia,70049,Iglesia,70049030,12038.2
2015,San Juan,70,Iglesia,70049,Iglesia,70049030,41.8
2015,San Juan,70,Iglesia,70049,Iglesia,70049030,207.2
2015,San Juan,70,9 de Julio,70063,9 de Julio,70063040,784.4
2015,San Juan,70,9 de Julio,70063,9 de Julio,70063040,14173.31
2015,San Juan,70,9 de Julio,70063,9 de Julio,70063040,6245.98
2015,San Juan,70,9 de Julio,70063,9 de Julio,70063040,1816.6
2015,San Juan,70,9 de Julio,70063,9 de Julio,70063040,36986.48
2015,San Juan,70,9 de Julio,70063,9 de Julio,70063040,129732.97
2015,San Juan,70,9 de Julio,70063,9 de Julio,70063040,269432.93
2015,San Juan,70,Pocito,70070,Villa Aberastain,70070040,1082.4
2015,San Juan,70,Pocito,70070,Villa Aberastain,70070040,61.4
2015,San Juan,70,Pocito,70070,Villa Aberastain,70070040,25573.79
2015,San Juan,70,Pocito,70070,Villa Aberastain,70070040,84
2015,San Juan,70,Pocito,70070,Villa Aberastain,70070040,10789.4
2015,San Juan,70,Pocito,70070,Villa Aberastain,70070040,7461.4
2015,San Juan,70,Pocito,70070,Villa Aberastain,70070040,102547.03
2015,San Juan,70,Pocito,70070,Villa Aberastain,70070040,81293.41
2015,San Juan,70,Pocito,70070,Villa Aberastain,70070040,4494.7
2015,San Juan,70,Pocito,70070,Villa Aberastain,70070040,1863
2015,San Juan,70,Pocito,70070,Villa Aberastain,70070040,191586.12
2015,San Juan,70,Rawson,70077,Rawson,70077010,3759.9
2015,San Juan,70,Rawson,70077,Rawson,70077010,33286.56
2015,San Juan,70,Rawson,70077,Rawson,70077010,82723.2
2015,San Juan,70,Rawson,70077,Rawson,70077010,91844.09
2015,San Juan,70,Rawson,70077,Rawson,70077010,6533.18
2015,San Juan,70,Rawson,70077,Rawson,70077010,9408.4
2015,San Juan,70,Rawson,70077,Rawson,70077010,579.4
2015,San Juan,70,Rivadavia,70084,Rivadavia,70084010,14157.09
2015,San Juan,70,Rivadavia,70084,Rivadavia,70084010,10352.6
2015,San Juan,70,Rivadavia,70084,Rivadavia,70084010,14964
2015,San Juan,70,San Martín,70091,Villa San Martín,70091070,9641.1
2015,San Juan,70,San Martín,70091,Villa San Martín,70091070,5311.84
2015,San Juan,70,San Martín,70091,Villa San Martín,70091070,145253.04
2015,San Juan,70,San Martín,70091,Villa San Martín,70091070,368.4
2015,San Juan,70,San Martín,70091,Villa San Martín,70091070,117561.73
2015,San Juan,70,San Martín,70091,Villa San Martín,70091070,25187.88
2015,San Juan,70,San Martín,70091,Villa San Martín,70091070,110406.3
2015,San Juan,70,San Martín,70091,Villa San Martín,70091070,6986.6
2015,San Juan,70,San Martín,70091,Villa San Martín,70091070,140818.32
2015,San Juan,70,San Martín,70091,Villa San Martín,70091070,1060.4
2015,San Juan,70,Santa Lucía,70098,Santa Lucía,70098010,11853.77
2015,San Juan,70,Santa Lucía,70098,Santa Lucía,70098010,24421.14
2015,San Juan,70,Santa Lucía,70098,Santa Lucía,70098010,14919.42
2015,San Juan,70,Santa Lucía,70098,Santa Lucía,70098010,15998.03
2015,San Juan,70,Santa Lucía,70098,Santa Lucía,70098010,8890.62
2015,San Juan,70,Santa Lucía,70098,Santa Lucía,70098010,72026.1
2015,San Juan,70,Santa Lucía,70098,Santa Lucía,70098010,78926.7
2015,San Juan,70,Santa Lucía,70098,Santa Lucía,70098010,5964.57
2015,San Juan,70,Sarmiento,70105,Villa Media Agua,70105100,155984.99
2015,San Juan,70,Sarmiento,70105,Villa Media Agua,70105100,39654.9
2015,San Juan,70,Sarmiento,70105,Villa Media Agua,70105100,11121.8
2015,San Juan,70,Sarmiento,70105,Villa Media Agua,70105100,42879.54
2015,San Juan,70,Sarmiento,70105,Villa Media Agua,70105100,59257.6
2015,San Juan,70,Sarmiento,70105,Villa Media Agua,70105100,74330
2015,San Juan,70,Sarmiento,70105,Villa Media Agua,70105100,396
2015,San Juan,70,Sarmiento,70105,Villa Media Agua,70105100,22428
2015,San Juan,70,Sarmiento,70105,Villa Media Agua,70105100,295275.77
2015,San Juan,70,Sarmiento,70105,Villa Media Agua,70105100,171398
2015,San Juan,70,Sarmiento,70105,Villa Media Agua,70105100,8888.8
2015,San Juan,70,Sarmiento,70105,Villa Media Agua,70105100,65347.4
2015,San Juan,70,Sarmiento,70105,Villa Media Agua,70105100,48488.48
2015,San Juan,70,Ullum,70112,Talacasto,70112A08,2297.03
2015,San Juan,70,Ullum,70112,Talacasto,70112A08,1980.39
2015,San Juan,70,Ullum,70112,Talacasto,70112A08,111332.68
2015,San Juan,70,25 de Mayo,70126,Villa Santa Rosa,70126050,20088.2
2015,San Juan,70,25 de Mayo,70126,Villa Santa Rosa,70126050,172585.33
2015,San Juan,70,25 de Mayo,70126,Villa Santa Rosa,70126050,3043.4
2015,San Juan,70,25 de Mayo,70126,Villa Santa Rosa,70126050,157915.91
2015,San Juan,70,25 de Mayo,70126,Villa Santa Rosa,70126050,15414.6
2015,San Juan,70,25 de Mayo,70126,Villa Santa Rosa,70126050,1625.1
2015,San Juan,70,25 de Mayo,70126,Villa Santa Rosa,70126050,198408.23
2015,San Juan,70,25 de Mayo,70126,Villa Santa Rosa,70126050,5245.84
2015,San Juan,70,25 de Mayo,70126,Villa Santa Rosa,70126050,252386.65
2015,San Juan,70,25 de Mayo,70126,Villa Santa Rosa,70126050,64935.44
2015,San Juan,70,25 de Mayo,70126,Villa Santa Rosa,70126050,487.9
2015,San Juan,70,25 de Mayo,70126,Villa Santa Rosa,70126050,43112.16
2015,San Juan,70,Zonda,70133,Villa Basilio Nievas,70133010,49125.6
2015,San Juan,70,Zonda,70133,Villa Basilio Nievas,70133010,62767.12
2015,San Juan,70,Zonda,70133,Villa Basilio Nievas,70133010,27068.37
2015,San Juan,70,Zonda,70133,Villa Basilio Nievas,70133010,378
2015,San Juan,70,Zonda,70133,Villa Basilio Nievas,70133010,1682
2015,San Luis,74,Ayacucho,74007,Candelaria,74007010,312.2
2015,San Luis,74,Junín,74049,Merlo,74049060,205.85
2015,San Luis,74,Juan Martín de Pueyrredón,74056,San Luis,74056150,1549.7
2015,Tucumán,90,Tafí del Valle,90098,Tafí del Valle,90098040,14.15
2015,Tucumán,90,Tafí del Valle,90098,Tafí del Valle,90098040,4.05
2015,Tucumán,90,Tafí del Valle,90098,Tafí del Valle,90098040,56.87
2015,Tucumán,90,Tafí del Valle,90098,Tafí del Valle,90098040,145.6
2015,Tucumán,90,Tafí del Valle,90098,Tafí del Valle,90098040,2522.71
2015,Tucumán,90,Tafí del Valle,90098,Tafí del Valle,90098040,715.54
2016,Buenos Aires,06,General Pueyrredón,06357,Barrio El Boquerón,06357020,569
2016,Buenos Aires,06,Saavedra,06700,Saavedra,06700070,60.9
2016,Buenos Aires,06,Tornquist,06819,Tornquist,06819040,147.05
2016,Buenos Aires,06,Tornquist,06819,Tornquist,06819040,31.4
2016,Buenos Aires,06,Villarino,06875,Argerich,06875010,494.79
2016,Catamarca,10,Andalgalá,10021,Andalgalá,10021020,250
2016,Catamarca,10,Belén,10035,Belén,10035020,104.6
2016,Catamarca,10,Belén,10035,Belén,10035020,3574.13
2016,Catamarca,10,Belén,10035,Belén,10035020,87.8
2016,Catamarca,10,Belén,10035,Belén,10035020,45.68
2016,Catamarca,10,Pomán,10084,Pomán,10084070,448.6
2016,Catamarca,10,Pomán,10084,Pomán,10084070,403.2
2016,Catamarca,10,Santa María,10091,Santa María,10091150,78.06
2016,Catamarca,10,Santa María,10091,Santa María,10091150,474
2016,Catamarca,10,Santa María,10091,Santa María,10091150,798.6
2016,Catamarca,10,Santa María,10091,Santa María,10091150,22
2016,Catamarca,10,Santa María,10091,Santa María,10091150,18076.54
2016,Catamarca,10,Santa María,10091,Santa María,10091150,605.47
2016,Catamarca,10,Santa María,10091,Santa María,10091150,13
2016,Catamarca,10,Santa María,10091,Santa María,10091150,4015.99
2016,Catamarca,10,Santa María,10091,Santa María,10091150,206.6
2016,Catamarca,10,Santa María,10091,Santa María,10091150,1056.2
2016,Catamarca,10,Santa María,10091,Santa María,10091150,113.2
2016,Catamarca,10,Tinogasta,10105,Tinogasta,10105180,858.6
2016,Catamarca,10,Tinogasta,10105,Tinogasta,10105180,429.14
2016,Catamarca,10,Tinogasta,10105,Tinogasta,10105180,1295.41
2016,Catamarca,10,Tinogasta,10105,Tinogasta,10105180,1609.17
2016,Catamarca,10,Tinogasta,10105,Tinogasta,10105180,3674.47
2016,Catamarca,10,Tinogasta,10105,Tinogasta,10105180,5168.68
2016,Catamarca,10,Tinogasta,10105,Tinogasta,10105180,31512.2
2016,Catamarca,10,Tinogasta,10105,Tinogasta,10105180,1195.26
2016,Catamarca,10,Tinogasta,10105,Tinogasta,10105180,12375.9
2016,Catamarca,10,Tinogasta,10105,Tinogasta,10105180,5396.37
2016,Catamarca,10,Tinogasta,10105,Tinogasta,10105180,5502.06
2016,Catamarca,10,Tinogasta,10105,Tinogasta,10105180,641.45
2016,Córdoba,14,Calamuchita,14007,Santa Rosa de Calamuchita,14007210,161.2
2016,Córdoba,14,Calamuchita,14007,Santa Rosa de Calamuchita,14007210,29.8
2016,Córdoba,14,Calamuchita,14007,Santa Rosa de Calamuchita,14007210,74.07
2016,Córdoba,14,Colón,14021,La Calera,14021150,181.3
2016,Córdoba,14,Colón,14021,La Calera,14021150,2538.34
2016,Córdoba,14,Colón,14021,La Calera,14021150,8.1
2016,Córdoba,14,Cruz del Eje,14028,Cruz del Eje,14028050,131.4
2016,Córdoba,14,Cruz del Eje,14028,Cruz del Eje,14028050,32.5
2016,Córdoba,14,Ischilín,14049,Ischilín,14049A07,175.64
2016,Córdoba,14,San Javier,14133,San Javier y Yacanto,14133170,73
2016,Córdoba,14,San Javier,14133,San Javier y Yacanto,14133170,2
2016,Córdoba,14,San Javier,14133,San Javier y Yacanto,14133170,45.2
2016,Córdoba,14,San Javier,14133,San Javier y Yacanto,14133170,47.6
2016,Córdoba,14,San Javier,14133,San Javier y Yacanto,14133170,8.1
2016,Córdoba,14,Santa María,14147,Las Quintas,14147190,129.9
2016,Chubut,26,Cushamen,26014,Cushamen Centro,26014030,15
2016,Chubut,26,Sarmiento,26091,Sarmiento,26091020,166.1
2016,Entre Ríos,30,Colón,30008,Colón,30008020,391.3
2016,Entre Ríos,30,Concordia,30015,Concordia,30015060,255.07
2016,Entre Ríos,30,Diamante,30021,Diamante,30021080,50
2016,Entre Ríos,30,Gualeguaychú,30056,Gualeguaychú,30056070,34.55
2016,Jujuy,38,Tilcara,38094,Tilcara,38094050,61.91
2016,Jujuy,38,Tilcara,38094,Tilcara,38094050,174
2016,La Pampa,42,Curacó,42042,Puelches,42042020,195
2016,La Pampa,42,Puelén,42112,Puelén,42112010,16506.06
2016,La Pampa,42,Puelén,42112,Puelén,42112010,758.6
2016,La Rioja,46,Castro Barros,46021,Aminga,46021010,3325.8
2016,La Rioja,46,Castro Barros,46021,Aminga,46021010,20474.3
2016,La Rioja,46,General Felipe Varela,46028,Santa Clara,46028020,3434.6
2016,La Rioja,46,General Felipe Varela,46028,Santa Clara,46028020,27027.6
2016,La Rioja,46,General Felipe Varela,46028,Santa Clara,46028020,10966.3
2016,La Rioja,46,General Felipe Varela,46028,Santa Clara,46028020,2879
2016,La Rioja,46,General Felipe Varela,46028,Santa Clara,46028020,391.6
2016,La Rioja,46,General Felipe Varela,46028,Santa Clara,46028020,168.1
2016,La Rioja,46,General Felipe Varela,46028,Santa Clara,46028020,2877
2016,La Rioja,46,General Felipe Varela,46028,Santa Clara,46028020,5219.9
2016,La Rioja,46,Chilecito,46042,Chilecito,46042010,165140.09
2016,La Rioja,46,Chilecito,46042,Chilecito,46042010,84845.32
2016,La Rioja,46,Chilecito,46042,Chilecito,46042010,3024.7
2016,La Rioja,46,Chilecito,46042,Chilecito,46042010,51.8
2016,La Rioja,46,Chilecito,46042,Chilecito,46042010,494.1
2016,La Rioja,46,Chilecito,46042,Chilecito,46042010,136026.5
2016,La Rioja,46,Chilecito,46042,Chilecito,46042010,78
2016,La Rioja,46,Chilecito,46042,Chilecito,46042010,153095.8
2016,La Rioja,46,Chilecito,46042,Chilecito,46042010,69.4
2016,La Rioja,46,Chilecito,46042,Chilecito,46042010,446.2
2016,La Rioja,46,Chilecito,46042,Chilecito,46042010,26.3
2016,La Rioja,46,Chilecito,46042,Chilecito,46042010,4683.9
2016,La Rioja,46,Chilecito,46042,Chilecito,46042010,55173
2016,La Rioja,46,Famatina,46049,Famatina,46049070,2298
2016,La Rioja,46,Famatina,46049,Famatina,46049070,6469.5
2016,La Rioja,46,Famatina,46049,Famatina,46049070,5490.1
2016,La Rioja,46,Famatina,46049,Famatina,46049070,1550.5
2016,La Rioja,46,Famatina,46049,Famatina,46049070,648.9
2016,La Rioja,46,Famatina,46049,Famatina,46049070,7552.67
2016,La Rioja,46,Famatina,46049,Famatina,46049070,14.7
2016,La Rioja,46,General Lamadrid,46077,Batidero,46077A00,427.6
2016,La Rioja,46,General Lamadrid,46077,Batidero,46077A00,8478.9
2016,La Rioja,46,Vinchina,46098,Villa San José de Vinchina,46098020,2240.9
2016,La Rioja,46,San Blas de Los Sauces,46119,San Blas,46119010,323.8
2016,La Rioja,46,San Blas de Los Sauces,46119,San Blas,46119010,1842.4
2016,La Rioja,46,San Blas de Los Sauces,46119,San Blas,46119010,558.6
2016,Mendoza,50,General Alvear,50014,General Alvear,50014030,848.8
2016,Mendoza,50,General Alvear,50014,General Alvear,50014030,2811.9
2016,Mendoza,50,General Alvear,50014,General Alvear,50014030,12281.5
2016,Mendoza,50,General Alvear,50014,General Alvear,50014030,6246.1
2016,Mendoza,50,General Alvear,50014,General Alvear,50014030,327.4
2016,Mendoza,50,General Alvear,50014,General Alvear,50014030,1516.8
2016,Mendoza,50,General Alvear,50014,General Alvear,50014030,6361.1
2016,Mendoza,50,General Alvear,50014,General Alvear,50014030,17882.2
2016,Mendoza,50,General Alvear,50014,General Alvear,50014030,4666.4
2016,Mendoza,50,General Alvear,50014,General Alvear,50014030,2783.5
2016,Mendoza,50,General Alvear,50014,General Alvear,50014030,130
2016,Mendoza,50,General Alvear,50014,General Alvear,50014030,8437.3
2016,Mendoza,50,General Alvear,50014,General Alvear,50014030,12745.2
2016,Mendoza,50,General Alvear,50014,General Alvear,50014030,45104.3
2016,Mendoza,50,General Alvear,50014,General Alvear,50014030,12279.3
2016,Mendoza,50,General Alvear,50014,General Alvear,50014030,1032.6
2016,Mendoza,50,General Alvear,50014,General Alvear,50014030,4089.6
2016,Mendoza,50,General Alvear,50014,General Alvear,50014030,437.4
2016,Mendoza,50,General Alvear,50014,General Alvear,50014030,127
2016,Mendoza,50,General Alvear,50014,General Alvear,50014030,597.8
2016,Mendoza,50,Guaymallén,50028,Guaymallén,50028020,6913.9
2016,Mendoza,50,Guaymallén,50028,Guaymallén,50028020,5810.63
2016,Mendoza,50,Guaymallén,50028,Guaymallén,50028020,2403.8
2016,Mendoza,50,Guaymallén,50028,Guaymallén,50028020,1994.9
2016,Mendoza,50,Guaymallén,50028,Guaymallén,50028020,66.7
2016,Mendoza,50,Guaymallén,50028,Guaymallén,50028020,3467.92
2016,Mendoza,50,Guaymallén,50028,Guaymallén,50028020,3655.32
2016,Mendoza,50,Guaymallén,50028,Guaymallén,50028020,11132.6
2016,Mendoza,50,Guaymallén,50028,Guaymallén,50028020,38
2016,Mendoza,50,Guaymallén,50028,Guaymallén,50028020,2408.4
2016,Mendoza,50,Guaymallén,50028,Guaymallén,50028020,5833.4
2016,Mendoza,50,Junín,50035,Junín,50035020,85580
2016,Mendoza,50,Junín,50035,Junín,50035020,81394.87
2016,Mendoza,50,Junín,50035,Junín,50035020,4570.3
2016,Mendoza,50,Junín,50035,Junín,50035020,1580.6
2016,Mendoza,50,Junín,50035,Junín,50035020,148450.33
2016,Mendoza,50,Junín,50035,Junín,50035020,115103.88
2016,Mendoza,50,Junín,50035,Junín,50035020,59460.56
2016,Mendoza,50,Junín,50035,Junín,50035020,3762.4
2016,Mendoza,50,Junín,50035,Junín,50035020,476
2016,Mendoza,50,Junín,50035,Junín,50035020,10988.9
2016,Mendoza,50,Junín,50035,Junín,50035020,1719.6
2016,Mendoza,50,Junín,50035,Junín,50035020,1060.2
2016,Mendoza,50,Junín,50035,Junín,50035020,91144.82
2016,Mendoza,50,Junín,50035,Junín,50035020,51037.95
2016,Mendoza,50,Junín,50035,Junín,50035020,995.4
2016,Mendoza,50,Junín,50035,Junín,50035020,6823.5
2016,Mendoza,50,Junín,50035,Junín,50035020,128.4
2016,Mendoza,50,Junín,50035,Junín,50035020,134582.99
2016,Mendoza,50,La Paz,50042,La Paz,50042020,3204.75
2016,Mendoza,50,La Paz,50042,La Paz,50042020,2109.65
2016,Mendoza,50,La Paz,50042,La Paz,50042020,177.6
2016,Mendoza,50,Las Heras,50049,Las Heras,50049050,721
2016,Mendoza,50,Las Heras,50049,Las Heras,50049050,4261.8
2016,Mendoza,50,Las Heras,50049,Las Heras,50049050,3174.6
2016,Mendoza,50,Las Heras,50049,Las Heras,50049050,2194.62
2016,Mendoza,50,Las Heras,50049,Las Heras,50049050,6870.6
2016,Mendoza,50,Las Heras,50049,Las Heras,50049050,39849.52
2016,Mendoza,50,Las Heras,50049,Las Heras,50049050,18904.7
2016,Mendoza,50,Las Heras,50049,Las Heras,50049050,36525.55
2016,Mendoza,50,Las Heras,50049,Las Heras,50049050,1076.2
2016,Mendoza,50,Las Heras,50049,Las Heras,50049050,522.2
2016,Mendoza,50,Las Heras,50049,Las Heras,50049050,54.5
2016,Mendoza,50,Las Heras,50049,Las Heras,50049050,21505.5
2016,Mendoza,50,Las Heras,50049,Las Heras,50049050,339.1
2016,Mendoza,50,Las Heras,50049,Las Heras,50049050,91.3
2016,Mendoza,50,Lavalle,50056,Villa Tulumaya,50056160,11758.2
2016,Mendoza,50,Lavalle,50056,Villa Tulumaya,50056160,46649.8
2016,Mendoza,50,Lavalle,50056,Villa Tulumaya,50056160,87291.42
2016,Mendoza,50,Lavalle,50056,Villa Tulumaya,50056160,447.8
2016,Mendoza,50,Lavalle,50056,Villa Tulumaya,50056160,358
2016,Mendoza,50,Lavalle,50056,Villa Tulumaya,50056160,17756.46
2016,Mendoza,50,Lavalle,50056,Villa Tulumaya,50056160,72.4
2016,Mendoza,50,Lavalle,50056,Villa Tulumaya,50056160,1337.7
2016,Mendoza,50,Lavalle,50056,Villa Tulumaya,50056160,1538.5
2016,Mendoza,50,Lavalle,50056,Villa Tulumaya,50056160,8345.19
2016,Mendoza,50,Lavalle,50056,Villa Tulumaya,50056160,823.8
2016,Mendoza,50,Lavalle,50056,Villa Tulumaya,50056160,27649.2
2016,Mendoza,50,Lavalle,50056,Villa Tulumaya,50056160,39409.1
2016,Mendoza,50,Lavalle,50056,Villa Tulumaya,50056160,17816.7
2016,Mendoza,50,Lavalle,50056,Villa Tulumaya,50056160,551.1
2016,Mendoza,50,Lavalle,50056,Villa Tulumaya,50056160,19073.4
2016,Mendoza,50,Lavalle,50056,Villa Tulumaya,50056160,277799.09
2016,Mendoza,50,Lavalle,50056,Villa Tulumaya,50056160,125203.01
2016,Mendoza,50,Lavalle,50056,Villa Tulumaya,50056160,25168.2
2016,Mendoza,50,Lavalle,50056,Villa Tulumaya,50056160,2866.6
2016,Mendoza,50,Lavalle,50056,Villa Tulumaya,50056160,6525.8
2016,Mendoza,50,Lavalle,50056,Villa Tulumaya,50056160,670.6
2016,Mendoza,50,Lavalle,50056,Villa Tulumaya,50056160,1490.8
2016,Mendoza,50,Lavalle,50056,Villa Tulumaya,50056160,8100.6
2016,Mendoza,50,Lavalle,50056,Villa Tulumaya,50056160,365385.29
2016,Mendoza,50,Lavalle,50056,Villa Tulumaya,50056160,25144.76
2016,Mendoza,50,Lavalle,50056,Villa Tulumaya,50056160,44118.64
2016,Mendoza,50,Lavalle,50056,Villa Tulumaya,50056160,843.6
2016,Mendoza,50,Lavalle,50056,Villa Tulumaya,50056160,58958.3
2016,Mendoza,50,Lavalle,50056,Villa Tulumaya,50056160,6689.6
2016,Mendoza,50,Luján de Cuyo,50063,Luján de Cuyo,50063090,23620.14
2016,Mendoza,50,Luján de Cuyo,50063,Luján de Cuyo,50063090,77.6
2016,Mendoza,50,Luján de Cuyo,50063,Luján de Cuyo,50063090,151041.74
2016,Mendoza,50,Luján de Cuyo,50063,Luján de Cuyo,50063090,3611.66
2016,Mendoza,50,Luján de Cuyo,50063,Luján de Cuyo,50063090,308521.17
2016,Mendoza,50,Luján de Cuyo,50063,Luján de Cuyo,50063090,4475.7
2016,Mendoza,50,Luján de Cuyo,50063,Luján de Cuyo,50063090,751.8
2016,Mendoza,50,Luján de Cuyo,50063,Luján de Cuyo,50063090,18626.97
2016,Mendoza,50,Luján de Cuyo,50063,Luján de Cuyo,50063090,70535.31
2016,Mendoza,50,Luján de Cuyo,50063,Luján de Cuyo,50063090,5588.66
2016,Mendoza,50,Luján de Cuyo,50063,Luján de Cuyo,50063090,255183.02
2016,Mendoza,50,Luján de Cuyo,50063,Luján de Cuyo,50063090,20.2
2016,Mendoza,50,Luján de Cuyo,50063,Luján de Cuyo,50063090,20598.85
2016,Mendoza,50,Luján de Cuyo,50063,Luján de Cuyo,50063090,433.64
2016,Mendoza,50,Luján de Cuyo,50063,Luján de Cuyo,50063090,7235.02
2016,Mendoza,50,Maipú,50070,Maipú,50070060,260.2
2016,Mendoza,50,Maipú,50070,Maipú,50070060,20802.8
2016,Mendoza,50,Maipú,50070,Maipú,50070060,1664.9
2016,Mendoza,50,Maipú,50070,Maipú,50070060,1381.58
2016,Mendoza,50,Maipú,50070,Maipú,50070060,53961.43
2016,Mendoza,50,Maipú,50070,Maipú,50070060,250224.35
2016,Mendoza,50,Maipú,50070,Maipú,50070060,314065.74
2016,Mendoza,50,Maipú,50070,Maipú,50070060,8514
2016,Mendoza,50,Maipú,50070,Maipú,50070060,19541.5
2016,Mendoza,50,Maipú,50070,Maipú,50070060,264.3
2016,Mendoza,50,Maipú,50070,Maipú,50070060,126
2016,Mendoza,50,Maipú,50070,Maipú,50070060,122.4
2016,Mendoza,50,Maipú,50070,Maipú,50070060,24800.01
2016,Mendoza,50,Maipú,50070,Maipú,50070060,35432.76
2016,Mendoza,50,Maipú,50070,Maipú,50070060,9698.88
2016,Mendoza,50,Maipú,50070,Maipú,50070060,3128.2
2016,Mendoza,50,Maipú,50070,Maipú,50070060,37259.04
2016,Mendoza,50,Maipú,50070,Maipú,50070060,16552.19
2016,Mendoza,50,Maipú,50070,Maipú,50070060,2524
2016,Mendoza,50,Maipú,50070,Maipú,50070060,5302.3
2016,Mendoza,50,Maipú,50070,Maipú,50070060,18930.18
2016,Mendoza,50,Maipú,50070,Maipú,50070060,31370.02
2016,Mendoza,50,Rivadavia,50084,Rivadavia,50084140,67851.74
2016,Mendoza,50,Rivadavia,50084,Rivadavia,50084140,237930.81
2016,Mendoza,50,Rivadavia,50084,Rivadavia,50084140,74496.32
2016,Mendoza,50,Rivadavia,50084,Rivadavia,50084140,31268.27
2016,Mendoza,50,Rivadavia,50084,Rivadavia,50084140,169646.6
2016,Mendoza,50,Rivadavia,50084,Rivadavia,50084140,41549.59
2016,Mendoza,50,Rivadavia,50084,Rivadavia,50084140,55489.3
2016,Mendoza,50,Rivadavia,50084,Rivadavia,50084140,6840.9
2016,Mendoza,50,Rivadavia,50084,Rivadavia,50084140,69898.72
2016,Mendoza,50,Rivadavia,50084,Rivadavia,50084140,429.2
2016,Mendoza,50,Rivadavia,50084,Rivadavia,50084140,399.6
2016,Mendoza,50,Rivadavia,50084,Rivadavia,50084140,57559.08
2016,Mendoza,50,Rivadavia,50084,Rivadavia,50084140,85946.34
2016,Mendoza,50,San Carlos,50091,San Carlos,50091060,23043.99
2016,Mendoza,50,San Carlos,50091,San Carlos,50091060,158
2016,Mendoza,50,San Carlos,50091,San Carlos,50091060,2138.2
2016,Mendoza,50,San Carlos,50091,San Carlos,50091060,2911.2
2016,Mendoza,50,San Carlos,50091,San Carlos,50091060,300.6
2016,Mendoza,50,San Carlos,50091,San Carlos,50091060,5883.8
2016,Mendoza,50,San Carlos,50091,San Carlos,50091060,18241.79
2016,Mendoza,50,San Carlos,50091,San Carlos,50091060,14591.93
2016,Mendoza,50,San Carlos,50091,San Carlos,50091060,280044.9
2016,Mendoza,50,San Carlos,50091,San Carlos,50091060,598.9
2016,Mendoza,50,San Carlos,50091,San Carlos,50091060,172700.07
2016,Mendoza,50,San Carlos,50091,San Carlos,50091060,26087.53
2016,Mendoza,50,San Martín,50098,San Martín,50098100,735.4
2016,Mendoza,50,San Martín,50098,San Martín,50098100,17028.44
2016,Mendoza,50,San Martín,50098,San Martín,50098100,82242.66
2016,Mendoza,50,San Martín,50098,San Martín,50098100,75679.63
2016,Mendoza,50,San Martín,50098,San Martín,50098100,35736.8
2016,Mendoza,50,San Martín,50098,San Martín,50098100,42087.1
2016,Mendoza,50,San Martín,50098,San Martín,50098100,24609.3
2016,Mendoza,50,San Martín,50098,San Martín,50098100,23196.9
2016,Mendoza,50,San Martín,50098,San Martín,50098100,104723.15
2016,Mendoza,50,San Martín,50098,San Martín,50098100,39213.2
2016,Mendoza,50,San Martín,50098,San Martín,50098100,371682.48
2016,Mendoza,50,San Martín,50098,San Martín,50098100,137527.5
2016,Mendoza,50,San Martín,50098,San Martín,50098100,2097.6
2016,Mendoza,50,San Martín,50098,San Martín,50098100,156355.13
2016,Mendoza,50,San Martín,50098,San Martín,50098100,2294
2016,Mendoza,50,San Martín,50098,San Martín,50098100,517509.65
2016,Mendoza,50,San Martín,50098,San Martín,50098100,216544.1
2016,Mendoza,50,San Martín,50098,San Martín,50098100,118561.76
2016,Mendoza,50,San Martín,50098,San Martín,50098100,63006.43
2016,Mendoza,50,San Rafael,50105,San Rafael,50105210,1678.4
2016,Mendoza,50,San Rafael,50105,San Rafael,50105210,509.8
2016,Mendoza,50,San Rafael,50105,San Rafael,50105210,524.4
2016,Mendoza,50,San Rafael,50105,San Rafael,50105210,47827.04
2016,Mendoza,50,San Rafael,50105,San Rafael,50105210,4360.6
2016,Mendoza,50,San Rafael,50105,San Rafael,50105210,35861.76
2016,Mendoza,50,San Rafael,50105,San Rafael,50105210,2354.74
2016,Mendoza,50,San Rafael,50105,San Rafael,50105210,2619.6
2016,Mendoza,50,San Rafael,50105,San Rafael,50105210,3198.6
2016,Mendoza,50,San Rafael,50105,San Rafael,50105210,2202.6
2016,Mendoza,50,San Rafael,50105,San Rafael,50105210,4537.4
2016,Mendoza,50,San Rafael,50105,San Rafael,50105210,1271.8
2016,Mendoza,50,San Rafael,50105,San Rafael,50105210,391.2
2016,Mendoza,50,San Rafael,50105,San Rafael,50105210,16878.35
2016,Mendoza,50,San Rafael,50105,San Rafael,50105210,813.2
2016,Mendoza,50,San Rafael,50105,San Rafael,50105210,36640.19
2016,Mendoza,50,San Rafael,50105,San Rafael,50105210,2509
2016,Mendoza,50,San Rafael,50105,San Rafael,50105210,80389.91
2016,Mendoza,50,San Rafael,50105,San Rafael,50105210,5109.2
2016,Mendoza,50,San Rafael,50105,San Rafael,50105210,62404.61
2016,Mendoza,50,San Rafael,50105,San Rafael,50105210,93
2016,Mendoza,50,San Rafael,50105,San Rafael,50105210,4898.6
2016,Mendoza,50,San Rafael,50105,San Rafael,50105210,797
2016,Mendoza,50,San Rafael,50105,San Rafael,50105210,207.6
2016,Mendoza,50,San Rafael,50105,San Rafael,50105210,156820.79
2016,Mendoza,50,San Rafael,50105,San Rafael,50105210,747.6
2016,Mendoza,50,San Rafael,50105,San Rafael,50105210,4466.4
2016,Mendoza,50,San Rafael,50105,San Rafael,50105210,3651.8
2016,Mendoza,50,San Rafael,50105,San Rafael,50105210,299.2
2016,Mendoza,50,San Rafael,50105,San Rafael,50105210,273.74
2016,Mendoza,50,San Rafael,50105,San Rafael,50105210,79729.12
2016,Mendoza,50,San Rafael,50105,San Rafael,50105210,43545.23
2016,Mendoza,50,San Rafael,50105,San Rafael,50105210,139.4
2016,Mendoza,50,San Rafael,50105,San Rafael,50105210,9371.4
2016,Mendoza,50,San Rafael,50105,San Rafael,50105210,2634.2
2016,Mendoza,50,San Rafael,50105,San Rafael,50105210,26741.32
2016,Mendoza,50,San Rafael,50105,San Rafael,50105210,27.6
2016,Mendoza,50,San Rafael,50105,San Rafael,50105210,2332.6
2016,Mendoza,50,San Rafael,50105,San Rafael,50105210,1319.4
2016,Mendoza,50,San Rafael,50105,San Rafael,50105210,33484.8
2016,Mendoza,50,San Rafael,50105,San Rafael,50105210,1988.2
2016,Mendoza,50,San Rafael,50105,San Rafael,50105210,2056.7
2016,Mendoza,50,San Rafael,50105,San Rafael,50105210,139
2016,Mendoza,50,San Rafael,50105,San Rafael,50105210,48938.31
2016,Mendoza,50,Santa Rosa,50112,Santa Rosa,50112060,148041.88
2016,Mendoza,50,Santa Rosa,50112,Santa Rosa,50112060,51411.22
2016,Mendoza,50,Santa Rosa,50112,Santa Rosa,50112060,2406.7
2016,Mendoza,50,Santa Rosa,50112,Santa Rosa,50112060,14278.14
2016,Mendoza,50,Santa Rosa,50112,Santa Rosa,50112060,37335.8
2016,Mendoza,50,Santa Rosa,50112,Santa Rosa,50112060,38845.2
2016,Mendoza,50,Santa Rosa,50112,Santa Rosa,50112060,298.6
2016,Mendoza,50,Santa Rosa,50112,Santa Rosa,50112060,41071.3
2016,Mendoza,50,Santa Rosa,50112,Santa Rosa,50112060,30051.2
2016,Mendoza,50,Santa Rosa,50112,Santa Rosa,50112060,28097.54
2016,Mendoza,50,Santa Rosa,50112,Santa Rosa,50112060,4827.9
2016,Mendoza,50,Santa Rosa,50112,Santa Rosa,50112060,905.56
2016,Mendoza,50,Santa Rosa,50112,Santa Rosa,50112060,5843.8
2016,Mendoza,50,Tunuyán,50119,Tunuyán,50119060,5801.24
2016,Mendoza,50,Tunuyán,50119,Tunuyán,50119060,161827.94
2016,Mendoza,50,Tunuyán,50119,Tunuyán,50119060,58021.35
2016,Mendoza,50,Tunuyán,50119,Tunuyán,50119060,10338.24
2016,Mendoza,50,Tunuyán,50119,Tunuyán,50119060,4309.6
2016,Mendoza,50,Tunuyán,50119,Tunuyán,50119060,72574.5
2016,Mendoza,50,Tunuyán,50119,Tunuyán,50119060,45936.95
2016,Mendoza,50,Tunuyán,50119,Tunuyán,50119060,149074.17
2016,Mendoza,50,Tunuyán,50119,Tunuyán,50119060,18906.36
2016,Mendoza,50,Tunuyán,50119,Tunuyán,50119060,55895.57
2016,Mendoza,50,Tunuyán,50119,Tunuyán,50119060,65888.74
2016,Mendoza,50,Tunuyán,50119,Tunuyán,50119060,127.67
2016,Mendoza,50,Tunuyán,50119,Tunuyán,50119060,945.07
2016,Mendoza,50,Tunuyán,50119,Tunuyán,50119060,17377.09
2016,Mendoza,50,Tunuyán,50119,Tunuyán,50119060,12753.7
2016,Mendoza,50,Tupungato,50126,Tupungato,50126060,175673.9
2016,Mendoza,50,Tupungato,50126,Tupungato,50126060,141545.97
2016,Mendoza,50,Tupungato,50126,Tupungato,50126060,127449.67
2016,Mendoza,50,Tupungato,50126,Tupungato,50126060,27.2
2016,Mendoza,50,Tupungato,50126,Tupungato,50126060,37305.15
2016,Mendoza,50,Tupungato,50126,Tupungato,50126060,1838.04
2016,Mendoza,50,Tupungato,50126,Tupungato,50126060,11448.81
2016,Mendoza,50,Tupungato,50126,Tupungato,50126060,5495.4
2016,Mendoza,50,Tupungato,50126,Tupungato,50126060,85207.51
2016,Mendoza,50,Tupungato,50126,Tupungato,50126060,44677.68
2016,Mendoza,50,Tupungato,50126,Tupungato,50126060,29708.28
2016,Mendoza,50,Tupungato,50126,Tupungato,50126060,37527.81
2016,Mendoza,50,Tupungato,50126,Tupungato,50126060,35201.92
2016,Mendoza,50,Tupungato,50126,Tupungato,50126060,79982.88
2016,Mendoza,50,Tupungato,50126,Tupungato,50126060,5177
2016,Neuquén,58,Añelo,58014,Añelo,58014010,114046.34
2016,Neuquén,58,Añelo,58014,Añelo,58014010,10421.25
2016,Neuquén,58,Confluencia,58035,Senillosa,58035110,82.87
2016,Neuquén,58,Confluencia,58035,Senillosa,58035110,125.4
2016,Neuquén,58,Confluencia,58035,Senillosa,58035110,862.58
2016,Neuquén,58,Lácar,58056,San Martín de los Andes,58056010,21.6
2016,Neuquén,58,Picún Leufú,58098,Picún Leufú,58098020,159.8
2016,Río Negro,62,Adolfo Alsina,62007,El Juncal,62007030,154.9
2016,Río Negro,62,Adolfo Alsina,62007,El Juncal,62007030,1541.71
2016,Río Negro,62,Avellaneda,62014,Pomona,62014090,108
2016,Río Negro,62,Avellaneda,62014,Pomona,62014090,1758.9
2016,Río Negro,62,Avellaneda,62014,Pomona,62014090,503.07
2016,Río Negro,62,Avellaneda,62014,Pomona,62014090,1518.2
2016,Río Negro,62,El Cuy,62035,El Cuy,62035030,744.13
2016,Río Negro,62,El Cuy,62035,El Cuy,62035030,2112.74
2016,Río Negro,62,General Roca,62042,General Roca,62042450,586.6
2016,Río Negro,62,General Roca,62042,General Roca,62042450,1529.1
2016,Río Negro,62,General Roca,62042,General Roca,62042450,2659.11
2016,Río Negro,62,General Roca,62042,General Roca,62042450,9230.9
2016,Río Negro,62,General Roca,62042,General Roca,62042450,4981.35
2016,Río Negro,62,General Roca,62042,General Roca,62042450,15730.6
2016,Río Negro,62,General Roca,62042,General Roca,62042450,12
2016,Río Negro,62,General Roca,62042,General Roca,62042450,78.8
2016,Río Negro,62,General Roca,62042,General Roca,62042450,7446.77
2016,Río Negro,62,General Roca,62042,General Roca,62042450,234.65
2016,Río Negro,62,General Roca,62042,General Roca,62042450,1357.96
2016,Río Negro,62,General Roca,62042,General Roca,62042450,683
2016,Río Negro,62,General Roca,62042,General Roca,62042450,517.1
2016,Río Negro,62,General Roca,62042,General Roca,62042450,1227.9
2016,Salta,66,Cachi,66014,Cachi,66014010,2294.4
2016,Salta,66,Cachi,66014,Cachi,66014010,690.68
2016,Salta,66,Cafayate,66021,Cafayate,66021010,141257.93
2016,Salta,66,Cafayate,66021,Cafayate,66021010,21123.91
2016,Salta,66,Cafayate,66021,Cafayate,66021010,5412.4
2016,Salta,66,Cafayate,66021,Cafayate,66021010,2909.88
2016,Salta,66,Cafayate,66021,Cafayate,66021010,118.75
2016,Salta,66,Cafayate,66021,Cafayate,66021010,1752.19
2016,Salta,66,La Viña,66098,La Viña,66098040,116
2016,Salta,66,Molinos,66119,Molinos,66119020,47.5
2016,Salta,66,Molinos,66119,Molinos,66119020,3295.7
2016,Salta,66,Molinos,66119,Molinos,66119020,91.98
2016,Salta,66,Molinos,66119,Molinos,66119020,949.71
2016,Salta,66,San Carlos,66154,San Carlos,66154040,109.1
2016,Salta,66,San Carlos,66154,San Carlos,66154040,26349.18
2016,Salta,66,San Carlos,66154,San Carlos,66154040,693.2
2016,Salta,66,San Carlos,66154,San Carlos,66154040,2085.5
2016,Salta,66,San Carlos,66154,San Carlos,66154040,2663.9
2016,San Juan,70,Albardón,70007,El Rincón,70007010,7676.8
2016,San Juan,70,Albardón,70007,El Rincón,70007010,12607.85
2016,San Juan,70,Albardón,70007,El Rincón,70007010,9416.87
2016,San Juan,70,Albardón,70007,El Rincón,70007010,3210.4
2016,San Juan,70,Albardón,70007,El Rincón,70007010,6266.58
2016,San Juan,70,Albardón,70007,El Rincón,70007010,852.2
2016,San Juan,70,Albardón,70007,El Rincón,70007010,2027.2
2016,San Juan,70,Albardón,70007,El Rincón,70007010,30659.58
2016,San Juan,70,Albardón,70007,El Rincón,70007010,6506.5
2016,San Juan,70,Albardón,70007,El Rincón,70007010,11992.49
2016,San Juan,70,Albardón,70007,El Rincón,70007010,122875.03
2016,San Juan,70,Angaco,70014,Las Tapias,70014010,8552.2
2016,San Juan,70,Angaco,70014,Las Tapias,70014010,20424.2
2016,San Juan,70,Angaco,70014,Las Tapias,70014010,64067.95
2016,San Juan,70,Angaco,70014,Las Tapias,70014010,20182.3
2016,San Juan,70,Angaco,70014,Las Tapias,70014010,82566.76
2016,San Juan,70,Angaco,70014,Las Tapias,70014010,43708.83
2016,San Juan,70,Angaco,70014,Las Tapias,70014010,48389.91
2016,San Juan,70,Angaco,70014,Las Tapias,70014010,53863.81
2016,San Juan,70,Calingasta,70021,Calingasta,70021020,516.29
2016,San Juan,70,Calingasta,70021,Calingasta,70021020,1788.6
2016,San Juan,70,Calingasta,70021,Calingasta,70021020,169.9
2016,San Juan,70,Calingasta,70021,Calingasta,70021020,1039
2016,San Juan,70,Calingasta,70021,Calingasta,70021020,27.9
2016,San Juan,70,Calingasta,70021,Calingasta,70021020,9258.9
2016,San Juan,70,Caucete,70035,Caucete,70035020,426423.97
2016,San Juan,70,Caucete,70035,Caucete,70035020,175356.6
2016,San Juan,70,Caucete,70035,Caucete,70035020,36972.26
2016,San Juan,70,Caucete,70035,Caucete,70035020,205
2016,San Juan,70,Caucete,70035,Caucete,70035020,24412.44
2016,San Juan,70,Caucete,70035,Caucete,70035020,207936.19
2016,San Juan,70,Caucete,70035,Caucete,70035020,96923.63
2016,San Juan,70,Caucete,70035,Caucete,70035020,1860.8
2016,San Juan,70,Caucete,70035,Caucete,70035020,6093.1
2016,San Juan,70,Caucete,70035,Caucete,70035020,422.8
2016,San Juan,70,Caucete,70035,Caucete,70035020,170.4
2016,San Juan,70,Caucete,70035,Caucete,70035020,111451.7
2016,San Juan,70,Chimbas,70042,Chimbas,70042010,125819.5
2016,San Juan,70,Chimbas,70042,Chimbas,70042010,14720.1
2016,San Juan,70,Chimbas,70042,Chimbas,70042010,458
2016,San Juan,70,Iglesia,70049,Iglesia,70049030,2380
2016,San Juan,70,Iglesia,70049,Iglesia,70049030,286.2
2016,San Juan,70,9 de Julio,70063,9 de Julio,70063040,1644.4
2016,San Juan,70,9 de Julio,70063,9 de Julio,70063040,129435.9
2016,San Juan,70,9 de Julio,70063,9 de Julio,70063040,48226.06
2016,San Juan,70,9 de Julio,70063,9 de Julio,70063040,1589.8
2016,San Juan,70,9 de Julio,70063,9 de Julio,70063040,5964.17
2016,San Juan,70,9 de Julio,70063,9 de Julio,70063040,19404.6
2016,San Juan,70,9 de Julio,70063,9 de Julio,70063040,251194.82
2016,San Juan,70,Pocito,70070,Villa Aberastain,70070040,4218.8
2016,San Juan,70,Pocito,70070,Villa Aberastain,70070040,9997
2016,San Juan,70,Pocito,70070,Villa Aberastain,70070040,24599.81
2016,San Juan,70,Pocito,70070,Villa Aberastain,70070040,5128.5
2016,San Juan,70,Pocito,70070,Villa Aberastain,70070040,168288.63
2016,San Juan,70,Pocito,70070,Villa Aberastain,70070040,902.8
2016,San Juan,70,Pocito,70070,Villa Aberastain,70070040,1963.8
2016,San Juan,70,Pocito,70070,Villa Aberastain,70070040,76774.01
2016,San Juan,70,Pocito,70070,Villa Aberastain,70070040,82
2016,San Juan,70,Pocito,70070,Villa Aberastain,70070040,80654.16
2016,San Juan,70,Rawson,70077,Rawson,70077010,2891
2016,San Juan,70,Rawson,70077,Rawson,70077010,404.6
2016,San Juan,70,Rawson,70077,Rawson,70077010,80771.7
2016,San Juan,70,Rawson,70077,Rawson,70077010,93413.8
2016,San Juan,70,Rawson,70077,Rawson,70077010,30083.55
2016,San Juan,70,Rawson,70077,Rawson,70077010,4897
2016,San Juan,70,Rawson,70077,Rawson,70077010,8496.7
2016,San Juan,70,Rivadavia,70084,Rivadavia,70084010,9834.6
2016,San Juan,70,Rivadavia,70084,Rivadavia,70084010,12473.02
2016,San Juan,70,Rivadavia,70084,Rivadavia,70084010,9227.2
2016,San Juan,70,San Martín,70091,Villa San Martín,70091070,337.8
2016,San Juan,70,San Martín,70091,Villa San Martín,70091070,12569.4
2016,San Juan,70,San Martín,70091,Villa San Martín,70091070,157844.29
2016,San Juan,70,San Martín,70091,Villa San Martín,70091070,24077.57
2016,San Juan,70,San Martín,70091,Villa San Martín,70091070,119450.13
2016,San Juan,70,San Martín,70091,Villa San Martín,70091070,151108.73
2016,San Juan,70,San Martín,70091,Villa San Martín,70091070,1223.4
2016,San Juan,70,San Martín,70091,Villa San Martín,70091070,6712.6
2016,San Juan,70,San Martín,70091,Villa San Martín,70091070,164490.95
2016,San Juan,70,San Martín,70091,Villa San Martín,70091070,8784.1
2016,San Juan,70,Santa Lucía,70098,Santa Lucía,70098010,12590.1
2016,San Juan,70,Santa Lucía,70098,Santa Lucía,70098010,77385.79
2016,San Juan,70,Santa Lucía,70098,Santa Lucía,70098010,4671.9
2016,San Juan,70,Santa Lucía,70098,Santa Lucía,70098010,15534.9
2016,San Juan,70,Santa Lucía,70098,Santa Lucía,70098010,25202.67
2016,San Juan,70,Santa Lucía,70098,Santa Lucía,70098010,11437.2
2016,San Juan,70,Santa Lucía,70098,Santa Lucía,70098010,70050.64
2016,San Juan,70,Santa Lucía,70098,Santa Lucía,70098010,7905.8
2016,San Juan,70,Sarmiento,70105,Villa Media Agua,70105100,49263.96
2016,San Juan,70,Sarmiento,70105,Villa Media Agua,70105100,6836.6
2016,San Juan,70,Sarmiento,70105,Villa Media Agua,70105100,321169.71
2016,San Juan,70,Sarmiento,70105,Villa Media Agua,70105100,14996.6
2016,San Juan,70,Sarmiento,70105,Villa Media Agua,70105100,69684.9
2016,San Juan,70,Sarmiento,70105,Villa Media Agua,70105100,73044.03
2016,San Juan,70,Sarmiento,70105,Villa Media Agua,70105100,38107.15
2016,San Juan,70,Sarmiento,70105,Villa Media Agua,70105100,170489.6
2016,San Juan,70,Sarmiento,70105,Villa Media Agua,70105100,40991.2
2016,San Juan,70,Sarmiento,70105,Villa Media Agua,70105100,66509.88
2016,San Juan,70,Sarmiento,70105,Villa Media Agua,70105100,8025.8
2016,San Juan,70,Sarmiento,70105,Villa Media Agua,70105100,168346
2016,San Juan,70,Ullum,70112,Talacasto,70112A08,1956.9
2016,San Juan,70,Ullum,70112,Talacasto,70112A08,94373.23
2016,San Juan,70,Ullum,70112,Talacasto,70112A08,1506
2016,San Juan,70,25 de Mayo,70126,Villa Santa Rosa,70126050,5684.1
2016,San Juan,70,25 de Mayo,70126,Villa Santa Rosa,70126050,256162.71
2016,San Juan,70,25 de Mayo,70126,Villa Santa Rosa,70126050,6435.29
2016,San Juan,70,25 de Mayo,70126,Villa Santa Rosa,70126050,1623.43
2016,San Juan,70,25 de Mayo,70126,Villa Santa Rosa,70126050,48752.27
2016,San Juan,70,25 de Mayo,70126,Villa Santa Rosa,70126050,28778.3
2016,San Juan,70,25 de Mayo,70126,Villa Santa Rosa,70126050,82815.8
2016,San Juan,70,25 de Mayo,70126,Villa Santa Rosa,70126050,323361.75
2016,San Juan,70,25 de Mayo,70126,Villa Santa Rosa,70126050,15015.82
2016,San Juan,70,25 de Mayo,70126,Villa Santa Rosa,70126050,2487.2
2016,San Juan,70,25 de Mayo,70126,Villa Santa Rosa,70126050,222730.39
2016,San Juan,70,25 de Mayo,70126,Villa Santa Rosa,70126050,164303.75
2016,San Juan,70,Zonda,70133,Villa Basilio Nievas,70133010,1837.5
2016,San Juan,70,Zonda,70133,Villa Basilio Nievas,70133010,48303.59
2016,San Juan,70,Zonda,70133,Villa Basilio Nievas,70133010,20298.4
2016,San Juan,70,Zonda,70133,Villa Basilio Nievas,70133010,43914.35
2016,San Luis,74,Ayacucho,74007,Candelaria,74007010,220.46
2016,San Luis,74,Belgrano,74014,La Calera,74014010,10.6
2016,San Luis,74,Junín,74049,Merlo,74049060,144
2016,San Luis,74,Juan Martín de Pueyrredón,74056,San Luis,74056150,778.4
2016,Tucumán,90,Tafí del Valle,90098,Tafí del Valle,90098040,493.87
2016,Tucumán,90,Tafí del Valle,90098,Tafí del Valle,90098040,285.29
2016,Tucumán,90,Tafí del Valle,90098,Tafí del Valle,90098040,41.41
2016,Tucumán,90,Tafí del Valle,90098,Tafí del Valle,90098040,16.08
2016,Tucumán,90,Tafí del Valle,90098,Tafí del Valle,90098040,1.71
2016,Tucumán,90,Tafí del Valle,90098,Tafí del Valle,90098040,50.68
2017,Buenos Aires,06,Balcarce,06063,Balcarce,06063010,258.38
2017,Buenos Aires,06,General Pueyrredón,06357,Barrio El Boquerón,06357020,563.6
2017,Buenos Aires,06,Saavedra,06700,Saavedra,06700070,22.1
2017,Buenos Aires,06,Tornquist,06819,Tornquist,06819040,131.08
2017,Buenos Aires,06,Tornquist,06819,Tornquist,06819040,80.42
2017,Buenos Aires,06,Villarino,06875,Argerich,06875010,361.74
2017,Catamarca,10,Andalgalá,10021,Andalgalá,10021020,336.2
2017,Catamarca,10,Belén,10035,Belén,10035020,103.8
2017,Catamarca,10,Belén,10035,Belén,10035020,190.5
2017,Catamarca,10,Belén,10035,Belén,10035020,8812.76
2017,Catamarca,10,Belén,10035,Belén,10035020,471.29
2017,Catamarca,10,Belén,10035,Belén,10035020,304.46
2017,Catamarca,10,Pomán,10084,Pomán,10084070,960.92
2017,Catamarca,10,Pomán,10084,Pomán,10084070,1021.84
2017,Catamarca,10,Santa María,10091,Santa María,10091150,27.9
2017,Catamarca,10,Santa María,10091,Santa María,10091150,57.6
2017,Catamarca,10,Santa María,10091,Santa María,10091150,7348.2
2017,Catamarca,10,Santa María,10091,Santa María,10091150,3511.7
2017,Catamarca,10,Santa María,10091,Santa María,10091150,2554.63
2017,Catamarca,10,Santa María,10091,Santa María,10091150,165.4
2017,Catamarca,10,Santa María,10091,Santa María,10091150,568.1
2017,Catamarca,10,Santa María,10091,Santa María,10091150,8454.35
2017,Catamarca,10,Santa María,10091,Santa María,10091150,822.5
2017,Catamarca,10,Santa María,10091,Santa María,10091150,30.6
2017,Catamarca,10,Santa María,10091,Santa María,10091150,33823.06
2017,Catamarca,10,Santa María,10091,Santa María,10091150,137.6
2017,Catamarca,10,Santa María,10091,Santa María,10091150,663.4
2017,Catamarca,10,Tinogasta,10105,Tinogasta,10105180,13484.61
2017,Catamarca,10,Tinogasta,10105,Tinogasta,10105180,744.12
2017,Catamarca,10,Tinogasta,10105,Tinogasta,10105180,7273.1
2017,Catamarca,10,Tinogasta,10105,Tinogasta,10105180,2320.72
2017,Catamarca,10,Tinogasta,10105,Tinogasta,10105180,7334.07
2017,Catamarca,10,Tinogasta,10105,Tinogasta,10105180,23550.54
2017,Catamarca,10,Tinogasta,10105,Tinogasta,10105180,4795.43
2017,Catamarca,10,Tinogasta,10105,Tinogasta,10105180,4671.6
2017,Catamarca,10,Tinogasta,10105,Tinogasta,10105180,2044.57
2017,Catamarca,10,Valle Viejo,10112,El Portezuelo,10112010,13.15
2017,Córdoba,14,Calamuchita,14007,Santa Rosa de Calamuchita,14007210,272.7
2017,Córdoba,14,Calamuchita,14007,Santa Rosa de Calamuchita,14007210,47.24
2017,Córdoba,14,Colón,14021,La Calera,14021150,34.2
2017,Córdoba,14,Colón,14021,La Calera,14021150,353.9
2017,Córdoba,14,Colón,14021,La Calera,14021150,4132.99
2017,Córdoba,14,Cruz del Eje,14028,Cruz del Eje,14028050,117.63
2017,Córdoba,14,Cruz del Eje,14028,Cruz del Eje,14028050,167.4
2017,Córdoba,14,Ischilín,14049,Ischilín,14049A07,176.1
2017,Córdoba,14,Ischilín,14049,Ischilín,14049A07,239.04
2017,Córdoba,14,San Javier,14133,San Javier y Yacanto,14133170,39.4
2017,Córdoba,14,San Javier,14133,San Javier y Yacanto,14133170,127
2017,Córdoba,14,San Javier,14133,San Javier y Yacanto,14133170,8.7
2017,Córdoba,14,Santa María,14147,Las Quintas,14147190,81
2017,Córdoba,14,Tulumba,14175,Villa Tulumba,14175110,11.04
2017,Córdoba,14,Tulumba,14175,Villa Tulumba,14175110,61.72
2017,Chubut,26,Cushamen,26014,Cushamen Centro,26014030,61.4
2017,Chubut,26,Sarmiento,26091,Sarmiento,26091020,487.55
2017,Entre Ríos,30,Colón,30008,Colón,30008020,392
2017,Entre Ríos,30,Concordia,30015,Concordia,30015060,916.4
2017,Entre Ríos,30,Diamante,30021,Diamante,30021080,167.37
2017,Entre Ríos,30,Diamante,30021,Diamante,30021080,32.3
2017,Entre Ríos,30,Gualeguaychú,30056,Gualeguaychú,30056070,66.04
2017,Entre Ríos,30,Victoria,30105,Victoria,30105060,2
2017,Entre Ríos,30,Victoria,30105,Victoria,30105060,20.6
2017,Jujuy,38,Tilcara,38094,Tilcara,38094050,262
2017,Jujuy,38,Tilcara,38094,Tilcara,38094050,90.2
2017,Jujuy,38,Tumbaya,38098,Tumbaya,38098040,113.66
2017,La Pampa,42,Curacó,42042,Puelches,42042020,292
2017,La Pampa,42,Puelén,42112,Puelén,42112010,645.8
2017,La Pampa,42,Puelén,42112,Puelén,42112010,11178.58
2017,La Rioja,46,Castro Barros,46021,Aminga,46021010,24359.5
2017,La Rioja,46,Castro Barros,46021,Aminga,46021010,4675.1
2017,La Rioja,46,General Felipe Varela,46028,Santa Clara,46028020,11278.4
2017,La Rioja,46,General Felipe Varela,46028,Santa Clara,46028020,4837.1
2017,La Rioja,46,General Felipe Varela,46028,Santa Clara,46028020,2511.2
2017,La Rioja,46,General Felipe Varela,46028,Santa Clara,46028020,19652.2
2017,La Rioja,46,General Felipe Varela,46028,Santa Clara,46028020,2295.9
2017,La Rioja,46,General Felipe Varela,46028,Santa Clara,46028020,119.35
2017,La Rioja,46,General Felipe Varela,46028,Santa Clara,46028020,374.3
2017,La Rioja,46,General Felipe Varela,46028,Santa Clara,46028020,1932.5
2017,La Rioja,46,Chilecito,46042,Chilecito,46042010,1171.9
2017,La Rioja,46,Chilecito,46042,Chilecito,46042010,3283.85
2017,La Rioja,46,Chilecito,46042,Chilecito,46042010,93341.8
2017,La Rioja,46,Chilecito,46042,Chilecito,46042010,177332.58
2017,La Rioja,46,Chilecito,46042,Chilecito,46042010,7406.5
2017,La Rioja,46,Chilecito,46042,Chilecito,46042010,130
2017,La Rioja,46,Chilecito,46042,Chilecito,46042010,846.9
2017,La Rioja,46,Chilecito,46042,Chilecito,46042010,95.8
2017,La Rioja,46,Chilecito,46042,Chilecito,46042010,149692.92
2017,La Rioja,46,Chilecito,46042,Chilecito,46042010,58.2
2017,La Rioja,46,Chilecito,46042,Chilecito,46042010,136959.33
2017,La Rioja,46,Chilecito,46042,Chilecito,46042010,75708.36
2017,La Rioja,46,Chilecito,46042,Chilecito,46042010,13.2
2017,La Rioja,46,Famatina,46049,Famatina,46049070,10.2
2017,La Rioja,46,Famatina,46049,Famatina,46049070,5971.4
2017,La Rioja,46,Famatina,46049,Famatina,46049070,3641.85
2017,La Rioja,46,Famatina,46049,Famatina,46049070,6049.14
2017,La Rioja,46,Famatina,46049,Famatina,46049070,6511.8
2017,La Rioja,46,Famatina,46049,Famatina,46049070,386.3
2017,La Rioja,46,Famatina,46049,Famatina,46049070,1365.3
2017,La Rioja,46,General Lamadrid,46077,Batidero,46077A00,275.1
2017,La Rioja,46,General Lamadrid,46077,Batidero,46077A00,7305.7
2017,La Rioja,46,Vinchina,46098,Villa San José de Vinchina,46098020,2853.8
2017,La Rioja,46,San Blas de Los Sauces,46119,San Blas,46119010,472.99
2017,La Rioja,46,San Blas de Los Sauces,46119,San Blas,46119010,519.58
2017,La Rioja,46,San Blas de Los Sauces,46119,San Blas,46119010,1661.2
2017,La Rioja,46,Sanagasta,46126,Villa Sanagasta,46126010,160
2017,Mendoza,50,General Alvear,50014,General Alvear,50014030,23944.9
2017,Mendoza,50,General Alvear,50014,General Alvear,50014030,2937.6
2017,Mendoza,50,General Alvear,50014,General Alvear,50014030,354.6
2017,Mendoza,50,General Alvear,50014,General Alvear,50014030,210.8
2017,Mendoza,50,General Alvear,50014,General Alvear,50014030,18111.31
2017,Mendoza,50,General Alvear,50014,General Alvear,50014030,739.4
2017,Mendoza,50,General Alvear,50014,General Alvear,50014030,10827.4
2017,Mendoza,50,General Alvear,50014,General Alvear,50014030,2990.7
2017,Mendoza,50,General Alvear,50014,General Alvear,50014030,790.3
2017,Mendoza,50,General Alvear,50014,General Alvear,50014030,11502.3
2017,Mendoza,50,General Alvear,50014,General Alvear,50014030,6479.78
2017,Mendoza,50,General Alvear,50014,General Alvear,50014030,938.8
2017,Mendoza,50,General Alvear,50014,General Alvear,50014030,2678.5
2017,Mendoza,50,General Alvear,50014,General Alvear,50014030,64.4
2017,Mendoza,50,General Alvear,50014,General Alvear,50014030,4211.21
2017,Mendoza,50,General Alvear,50014,General Alvear,50014030,68922.19
2017,Mendoza,50,General Alvear,50014,General Alvear,50014030,15048.88
2017,Mendoza,50,General Alvear,50014,General Alvear,50014030,10162.6
2017,Mendoza,50,General Alvear,50014,General Alvear,50014030,7002.8
2017,Mendoza,50,Guaymallén,50028,Guaymallén,50028020,2290.35
2017,Mendoza,50,Guaymallén,50028,Guaymallén,50028020,2057.2
2017,Mendoza,50,Guaymallén,50028,Guaymallén,50028020,12261
2017,Mendoza,50,Guaymallén,50028,Guaymallén,50028020,1502.7
2017,Mendoza,50,Guaymallén,50028,Guaymallén,50028020,6674.98
2017,Mendoza,50,Guaymallén,50028,Guaymallén,50028020,6637.1
2017,Mendoza,50,Guaymallén,50028,Guaymallén,50028020,3801.3
2017,Mendoza,50,Guaymallén,50028,Guaymallén,50028020,35.8
2017,Mendoza,50,Guaymallén,50028,Guaymallén,50028020,17.4
2017,Mendoza,50,Guaymallén,50028,Guaymallén,50028020,2845.04
2017,Mendoza,50,Guaymallén,50028,Guaymallén,50028020,6448.2
2017,Mendoza,50,Junín,50035,Junín,50035020,77614.38
2017,Mendoza,50,Junín,50035,Junín,50035020,6763.3
2017,Mendoza,50,Junín,50035,Junín,50035020,1263.2
2017,Mendoza,50,Junín,50035,Junín,50035020,187369.13
2017,Mendoza,50,Junín,50035,Junín,50035020,13542.4
2017,Mendoza,50,Junín,50035,Junín,50035020,2180.5
2017,Mendoza,50,Junín,50035,Junín,50035020,954.6
2017,Mendoza,50,Junín,50035,Junín,50035020,123993.13
2017,Mendoza,50,Junín,50035,Junín,50035020,101694.38
2017,Mendoza,50,Junín,50035,Junín,50035020,156183.38
2017,Mendoza,50,Junín,50035,Junín,50035020,115523.02
2017,Mendoza,50,Junín,50035,Junín,50035020,5035
2017,Mendoza,50,Junín,50035,Junín,50035020,686
2017,Mendoza,50,Junín,50035,Junín,50035020,1569.4
2017,Mendoza,50,Junín,50035,Junín,50035020,204782.92
2017,Mendoza,50,Junín,50035,Junín,50035020,3638.1
2017,Mendoza,50,Junín,50035,Junín,50035020,12998.9
2017,Mendoza,50,Junín,50035,Junín,50035020,198891.42
2017,Mendoza,50,La Paz,50042,La Paz,50042020,3706.4
2017,Mendoza,50,La Paz,50042,La Paz,50042020,1803.6
2017,Mendoza,50,La Paz,50042,La Paz,50042020,4417.76
2017,Mendoza,50,La Paz,50042,La Paz,50042020,1020.2
2017,Mendoza,50,Las Heras,50049,Las Heras,50049050,3184.8
2017,Mendoza,50,Las Heras,50049,Las Heras,50049050,31472.06
2017,Mendoza,50,Las Heras,50049,Las Heras,50049050,18259.55
2017,Mendoza,50,Las Heras,50049,Las Heras,50049050,29340.93
2017,Mendoza,50,Las Heras,50049,Las Heras,50049050,75.23
2017,Mendoza,50,Las Heras,50049,Las Heras,50049050,812.6
2017,Mendoza,50,Las Heras,50049,Las Heras,50049050,17642.8
2017,Mendoza,50,Las Heras,50049,Las Heras,50049050,2327.6
2017,Mendoza,50,Las Heras,50049,Las Heras,50049050,4134.6
2017,Mendoza,50,Las Heras,50049,Las Heras,50049050,2127.2
2017,Mendoza,50,Las Heras,50049,Las Heras,50049050,461.2
2017,Mendoza,50,Las Heras,50049,Las Heras,50049050,590
2017,Mendoza,50,Las Heras,50049,Las Heras,50049050,62.1
2017,Mendoza,50,Lavalle,50056,Villa Tulumaya,50056160,17211.2
2017,Mendoza,50,Lavalle,50056,Villa Tulumaya,50056160,285.8
2017,Mendoza,50,Lavalle,50056,Villa Tulumaya,50056160,30603.3
2017,Mendoza,50,Lavalle,50056,Villa Tulumaya,50056160,3127
2017,Mendoza,50,Lavalle,50056,Villa Tulumaya,50056160,52425.3
2017,Mendoza,50,Lavalle,50056,Villa Tulumaya,50056160,557.2
2017,Mendoza,50,Lavalle,50056,Villa Tulumaya,50056160,77734.9
2017,Mendoza,50,Lavalle,50056,Villa Tulumaya,50056160,40545.65
2017,Mendoza,50,Lavalle,50056,Villa Tulumaya,50056160,14451
2017,Mendoza,50,Lavalle,50056,Villa Tulumaya,50056160,1196.4
2017,Mendoza,50,Lavalle,50056,Villa Tulumaya,50056160,630.4
2017,Mendoza,50,Lavalle,50056,Villa Tulumaya,50056160,532.6
2017,Mendoza,50,Lavalle,50056,Villa Tulumaya,50056160,6448.8
2017,Mendoza,50,Lavalle,50056,Villa Tulumaya,50056160,458849.13
2017,Mendoza,50,Lavalle,50056,Villa Tulumaya,50056160,30822.04
2017,Mendoza,50,Lavalle,50056,Villa Tulumaya,50056160,7622.23
2017,Mendoza,50,Lavalle,50056,Villa Tulumaya,50056160,21207.6
2017,Mendoza,50,Lavalle,50056,Villa Tulumaya,50056160,305223.87
2017,Mendoza,50,Lavalle,50056,Villa Tulumaya,50056160,114927.1
2017,Mendoza,50,Lavalle,50056,Villa Tulumaya,50056160,24500
2017,Mendoza,50,Lavalle,50056,Villa Tulumaya,50056160,1455.6
2017,Mendoza,50,Lavalle,50056,Villa Tulumaya,50056160,15525
2017,Mendoza,50,Lavalle,50056,Villa Tulumaya,50056160,3328
2017,Mendoza,50,Lavalle,50056,Villa Tulumaya,50056160,4470.8
2017,Mendoza,50,Lavalle,50056,Villa Tulumaya,50056160,418.4
2017,Mendoza,50,Lavalle,50056,Villa Tulumaya,50056160,8875.02
2017,Mendoza,50,Lavalle,50056,Villa Tulumaya,50056160,68
2017,Mendoza,50,Lavalle,50056,Villa Tulumaya,50056160,69880.72
2017,Mendoza,50,Lavalle,50056,Villa Tulumaya,50056160,50832.9
2017,Mendoza,50,Luján de Cuyo,50063,Luján de Cuyo,50063090,4108.82
2017,Mendoza,50,Luján de Cuyo,50063,Luján de Cuyo,50063090,20465.96
2017,Mendoza,50,Luján de Cuyo,50063,Luján de Cuyo,50063090,1565
2017,Mendoza,50,Luján de Cuyo,50063,Luján de Cuyo,50063090,8145.44
2017,Mendoza,50,Luján de Cuyo,50063,Luján de Cuyo,50063090,22610.58
2017,Mendoza,50,Luján de Cuyo,50063,Luján de Cuyo,50063090,171777.03
2017,Mendoza,50,Luján de Cuyo,50063,Luján de Cuyo,50063090,5557.91
2017,Mendoza,50,Luján de Cuyo,50063,Luján de Cuyo,50063090,623.8
2017,Mendoza,50,Luján de Cuyo,50063,Luján de Cuyo,50063090,7414.12
2017,Mendoza,50,Luján de Cuyo,50063,Luján de Cuyo,50063090,329945.72
2017,Mendoza,50,Luján de Cuyo,50063,Luján de Cuyo,50063090,20843.3
2017,Mendoza,50,Luján de Cuyo,50063,Luján de Cuyo,50063090,307631.92
2017,Mendoza,50,Luján de Cuyo,50063,Luján de Cuyo,50063090,32.66
2017,Mendoza,50,Luján de Cuyo,50063,Luján de Cuyo,50063090,101.2
2017,Mendoza,50,Luján de Cuyo,50063,Luján de Cuyo,50063090,78754.51
2017,Mendoza,50,Maipú,50070,Maipú,50070060,1238.5
2017,Mendoza,50,Maipú,50070,Maipú,50070060,33421.81
2017,Mendoza,50,Maipú,50070,Maipú,50070060,7295.9
2017,Mendoza,50,Maipú,50070,Maipú,50070060,3631
2017,Mendoza,50,Maipú,50070,Maipú,50070060,23942.8
2017,Mendoza,50,Maipú,50070,Maipú,50070060,28717.92
2017,Mendoza,50,Maipú,50070,Maipú,50070060,23546.24
2017,Mendoza,50,Maipú,50070,Maipú,50070060,165.4
2017,Mendoza,50,Maipú,50070,Maipú,50070060,190.2
2017,Mendoza,50,Maipú,50070,Maipú,50070060,283841.83
2017,Mendoza,50,Maipú,50070,Maipú,50070060,7633.1
2017,Mendoza,50,Maipú,50070,Maipú,50070060,1633.4
2017,Mendoza,50,Maipú,50070,Maipú,50070060,417912.5
2017,Mendoza,50,Maipú,50070,Maipú,50070060,3066.2
2017,Mendoza,50,Maipú,50070,Maipú,50070060,497.5
2017,Mendoza,50,Maipú,50070,Maipú,50070060,14059.55
2017,Mendoza,50,Maipú,50070,Maipú,50070060,42211.95
2017,Mendoza,50,Maipú,50070,Maipú,50070060,28612.97
2017,Mendoza,50,Maipú,50070,Maipú,50070060,51618.04
2017,Mendoza,50,Maipú,50070,Maipú,50070060,35235.21
2017,Mendoza,50,Maipú,50070,Maipú,50070060,355.9
2017,Mendoza,50,Maipú,50070,Maipú,50070060,66472.15
2017,Mendoza,50,Rivadavia,50084,Rivadavia,50084140,45606.26
2017,Mendoza,50,Rivadavia,50084,Rivadavia,50084140,85665.3
2017,Mendoza,50,Rivadavia,50084,Rivadavia,50084140,75709.25
2017,Mendoza,50,Rivadavia,50084,Rivadavia,50084140,590
2017,Mendoza,50,Rivadavia,50084,Rivadavia,50084140,12075.93
2017,Mendoza,50,Rivadavia,50084,Rivadavia,50084140,71901.87
2017,Mendoza,50,Rivadavia,50084,Rivadavia,50084140,83.4
2017,Mendoza,50,Rivadavia,50084,Rivadavia,50084140,118881
2017,Mendoza,50,Rivadavia,50084,Rivadavia,50084140,338947.06
2017,Mendoza,50,Rivadavia,50084,Rivadavia,50084140,128387.59
2017,Mendoza,50,Rivadavia,50084,Rivadavia,50084140,255670.79
2017,Mendoza,50,Rivadavia,50084,Rivadavia,50084140,101055.64
2017,Mendoza,50,Rivadavia,50084,Rivadavia,50084140,60044.4
2017,Mendoza,50,San Carlos,50091,San Carlos,50091060,21824.79
2017,Mendoza,50,San Carlos,50091,San Carlos,50091060,142802.14
2017,Mendoza,50,San Carlos,50091,San Carlos,50091060,6933.5
2017,Mendoza,50,San Carlos,50091,San Carlos,50091060,7083.8
2017,Mendoza,50,San Carlos,50091,San Carlos,50091060,592.4
2017,Mendoza,50,San Carlos,50091,San Carlos,50091060,342.1
2017,Mendoza,50,San Carlos,50091,San Carlos,50091060,232067.58
2017,Mendoza,50,San Carlos,50091,San Carlos,50091060,18324.42
2017,Mendoza,50,San Carlos,50091,San Carlos,50091060,7639.35
2017,Mendoza,50,San Carlos,50091,San Carlos,50091060,20594.39
2017,Mendoza,50,San Carlos,50091,San Carlos,50091060,2079.4
2017,Mendoza,50,San Carlos,50091,San Carlos,50091060,786.4
2017,Mendoza,50,San Martín,50098,San Martín,50098100,93121.86
2017,Mendoza,50,San Martín,50098,San Martín,50098100,4542.3
2017,Mendoza,50,San Martín,50098,San Martín,50098100,165369.41
2017,Mendoza,50,San Martín,50098,San Martín,50098100,225034.53
2017,Mendoza,50,San Martín,50098,San Martín,50098100,161506.6
2017,Mendoza,50,San Martín,50098,San Martín,50098100,147307.78
2017,Mendoza,50,San Martín,50098,San Martín,50098100,321348.53
2017,Mendoza,50,San Martín,50098,San Martín,50098100,178951.7
2017,Mendoza,50,San Martín,50098,San Martín,50098100,32648.2
2017,Mendoza,50,San Martín,50098,San Martín,50098100,73962.88
2017,Mendoza,50,San Martín,50098,San Martín,50098100,80012.9
2017,Mendoza,50,San Martín,50098,San Martín,50098100,8170.2
2017,Mendoza,50,San Martín,50098,San Martín,50098100,155540.42
2017,Mendoza,50,San Martín,50098,San Martín,50098100,43778.9
2017,Mendoza,50,San Martín,50098,San Martín,50098100,42843.67
2017,Mendoza,50,San Martín,50098,San Martín,50098100,470440.18
2017,Mendoza,50,San Martín,50098,San Martín,50098100,3020
2017,Mendoza,50,San Martín,50098,San Martín,50098100,118485.3
2017,Mendoza,50,San Martín,50098,San Martín,50098100,706748.42
2017,Mendoza,50,San Rafael,50105,San Rafael,50105210,9077
2017,Mendoza,50,San Rafael,50105,San Rafael,50105210,1265.6
2017,Mendoza,50,San Rafael,50105,San Rafael,50105210,30680.2
2017,Mendoza,50,San Rafael,50105,San Rafael,50105210,13310.5
2017,Mendoza,50,San Rafael,50105,San Rafael,50105210,1778.4
2017,Mendoza,50,San Rafael,50105,San Rafael,50105210,2457.8
2017,Mendoza,50,San Rafael,50105,San Rafael,50105210,20512.62
2017,Mendoza,50,San Rafael,50105,San Rafael,50105210,5137
2017,Mendoza,50,San Rafael,50105,San Rafael,50105210,1614.4
2017,Mendoza,50,San Rafael,50105,San Rafael,50105210,196.4
2017,Mendoza,50,San Rafael,50105,San Rafael,50105210,6280.71
2017,Mendoza,50,San Rafael,50105,San Rafael,50105210,1094.8
2017,Mendoza,50,San Rafael,50105,San Rafael,50105210,38117.36
2017,Mendoza,50,San Rafael,50105,San Rafael,50105210,107.6
2017,Mendoza,50,San Rafael,50105,San Rafael,50105210,172.8
2017,Mendoza,50,San Rafael,50105,San Rafael,50105210,75580.65
2017,Mendoza,50,San Rafael,50105,San Rafael,50105210,38884.33
2017,Mendoza,50,San Rafael,50105,San Rafael,50105210,330.8
2017,Mendoza,50,San Rafael,50105,San Rafael,50105210,9285.4
2017,Mendoza,50,San Rafael,50105,San Rafael,50105210,512.09
2017,Mendoza,50,San Rafael,50105,San Rafael,50105210,56403.29
2017,Mendoza,50,San Rafael,50105,San Rafael,50105210,281.2
2017,Mendoza,50,San Rafael,50105,San Rafael,50105210,4058.6
2017,Mendoza,50,San Rafael,50105,San Rafael,50105210,77755.08
2017,Mendoza,50,San Rafael,50105,San Rafael,50105210,7078.2
2017,Mendoza,50,San Rafael,50105,San Rafael,50105210,801
2017,Mendoza,50,San Rafael,50105,San Rafael,50105210,23299.3
2017,Mendoza,50,San Rafael,50105,San Rafael,50105210,1206.4
2017,Mendoza,50,San Rafael,50105,San Rafael,50105210,992.2
2017,Mendoza,50,San Rafael,50105,San Rafael,50105210,869.9
2017,Mendoza,50,San Rafael,50105,San Rafael,50105210,2638.4
2017,Mendoza,50,San Rafael,50105,San Rafael,50105210,5086.38
2017,Mendoza,50,San Rafael,50105,San Rafael,50105210,64441.24
2017,Mendoza,50,San Rafael,50105,San Rafael,50105210,3971.55
2017,Mendoza,50,San Rafael,50105,San Rafael,50105210,782.2
2017,Mendoza,50,San Rafael,50105,San Rafael,50105210,143916.34
2017,Mendoza,50,San Rafael,50105,San Rafael,50105210,150.8
2017,Mendoza,50,San Rafael,50105,San Rafael,50105210,21117.6
2017,Mendoza,50,San Rafael,50105,San Rafael,50105210,2353.4
2017,Mendoza,50,San Rafael,50105,San Rafael,50105210,308.8
2017,Mendoza,50,San Rafael,50105,San Rafael,50105210,2483.4
2017,Mendoza,50,San Rafael,50105,San Rafael,50105210,2259.21
2017,Mendoza,50,Santa Rosa,50112,Santa Rosa,50112060,3804.3
2017,Mendoza,50,Santa Rosa,50112,Santa Rosa,50112060,4470.6
2017,Mendoza,50,Santa Rosa,50112,Santa Rosa,50112060,630
2017,Mendoza,50,Santa Rosa,50112,Santa Rosa,50112060,58155.37
2017,Mendoza,50,Santa Rosa,50112,Santa Rosa,50112060,50015.85
2017,Mendoza,50,Santa Rosa,50112,Santa Rosa,50112060,59074.3
2017,Mendoza,50,Santa Rosa,50112,Santa Rosa,50112060,225587.57
2017,Mendoza,50,Santa Rosa,50112,Santa Rosa,50112060,71506.35
2017,Mendoza,50,Santa Rosa,50112,Santa Rosa,50112060,4612.7
2017,Mendoza,50,Santa Rosa,50112,Santa Rosa,50112060,17383.8
2017,Mendoza,50,Santa Rosa,50112,Santa Rosa,50112060,90929.48
2017,Mendoza,50,Santa Rosa,50112,Santa Rosa,50112060,24296.88
2017,Mendoza,50,Santa Rosa,50112,Santa Rosa,50112060,71571.1
2017,Mendoza,50,Tunuyán,50119,Tunuyán,50119060,167800.5
2017,Mendoza,50,Tunuyán,50119,Tunuyán,50119060,2449.6
2017,Mendoza,50,Tunuyán,50119,Tunuyán,50119060,69412.64
2017,Mendoza,50,Tunuyán,50119,Tunuyán,50119060,8939.11
2017,Mendoza,50,Tunuyán,50119,Tunuyán,50119060,105112.85
2017,Mendoza,50,Tunuyán,50119,Tunuyán,50119060,14581.59
2017,Mendoza,50,Tunuyán,50119,Tunuyán,50119060,1513.83
2017,Mendoza,50,Tunuyán,50119,Tunuyán,50119060,163.37
2017,Mendoza,50,Tunuyán,50119,Tunuyán,50119060,60515.97
2017,Mendoza,50,Tunuyán,50119,Tunuyán,50119060,50941.16
2017,Mendoza,50,Tunuyán,50119,Tunuyán,50119060,13538.81
2017,Mendoza,50,Tunuyán,50119,Tunuyán,50119060,34118.36
2017,Mendoza,50,Tunuyán,50119,Tunuyán,50119060,117672.7
2017,Mendoza,50,Tunuyán,50119,Tunuyán,50119060,7565.26
2017,Mendoza,50,Tunuyán,50119,Tunuyán,50119060,38815.39
2017,Mendoza,50,Tupungato,50126,Tupungato,50126060,41767.12
2017,Mendoza,50,Tupungato,50126,Tupungato,50126060,3628.74
2017,Mendoza,50,Tupungato,50126,Tupungato,50126060,25.8
2017,Mendoza,50,Tupungato,50126,Tupungato,50126060,164370.04
2017,Mendoza,50,Tupungato,50126,Tupungato,50126060,5890.4
2017,Mendoza,50,Tupungato,50126,Tupungato,50126060,54805.22
2017,Mendoza,50,Tupungato,50126,Tupungato,50126060,28901.49
2017,Mendoza,50,Tupungato,50126,Tupungato,50126060,93795.26
2017,Mendoza,50,Tupungato,50126,Tupungato,50126060,24773.01
2017,Mendoza,50,Tupungato,50126,Tupungato,50126060,11749.68
2017,Mendoza,50,Tupungato,50126,Tupungato,50126060,23409.85
2017,Mendoza,50,Tupungato,50126,Tupungato,50126060,140849.25
2017,Mendoza,50,Tupungato,50126,Tupungato,50126060,134028.99
2017,Mendoza,50,Tupungato,50126,Tupungato,50126060,8569
2017,Mendoza,50,Tupungato,50126,Tupungato,50126060,55657.47
2017,Neuquén,58,Añelo,58014,Añelo,58014010,4377
2017,Neuquén,58,Añelo,58014,Añelo,58014010,94343.91
2017,Neuquén,58,Confluencia,58035,Senillosa,58035110,1588.6
2017,Neuquén,58,Confluencia,58035,Senillosa,58035110,934.7
2017,Neuquén,58,Lácar,58056,San Martín de los Andes,58056010,54
2017,Río Negro,62,Adolfo Alsina,62007,El Juncal,62007030,1988.56
2017,Río Negro,62,Avellaneda,62014,Pomona,62014090,952.6
2017,Río Negro,62,Avellaneda,62014,Pomona,62014090,144.8
2017,Río Negro,62,Avellaneda,62014,Pomona,62014090,388.97
2017,Río Negro,62,Avellaneda,62014,Pomona,62014090,3296.8
2017,Río Negro,62,El Cuy,62035,El Cuy,62035030,753.87
2017,Río Negro,62,El Cuy,62035,El Cuy,62035030,2696.99
2017,Río Negro,62,General Roca,62042,General Roca,62042450,1410
2017,Río Negro,62,General Roca,62042,General Roca,62042450,198.5
2017,Río Negro,62,General Roca,62042,General Roca,62042450,4.8
2017,Río Negro,62,General Roca,62042,General Roca,62042450,105.4
2017,Río Negro,62,General Roca,62042,General Roca,62042450,2552.2
2017,Río Negro,62,General Roca,62042,General Roca,62042450,574.2
2017,Río Negro,62,General Roca,62042,General Roca,62042450,12076.31
2017,Río Negro,62,General Roca,62042,General Roca,62042450,182.3
2017,Río Negro,62,General Roca,62042,General Roca,62042450,12813.99
2017,Río Negro,62,General Roca,62042,General Roca,62042450,1608.4
2017,Río Negro,62,General Roca,62042,General Roca,62042450,3655.08
2017,Río Negro,62,General Roca,62042,General Roca,62042450,325.57
2017,Río Negro,62,General Roca,62042,General Roca,62042450,2463.95
2017,Salta,66,Cachi,66014,Cachi,66014010,1452.22
2017,Salta,66,Cachi,66014,Cachi,66014010,4290.7
2017,Salta,66,Cafayate,66021,Cafayate,66021010,8451
2017,Salta,66,Cafayate,66021,Cafayate,66021010,47539.86
2017,Salta,66,Cafayate,66021,Cafayate,66021010,3923.03
2017,Salta,66,Cafayate,66021,Cafayate,66021010,7109.19
2017,Salta,66,Cafayate,66021,Cafayate,66021010,227223.39
2017,Salta,66,La Viña,66098,La Viña,66098040,252
2017,Salta,66,Molinos,66119,Molinos,66119020,6580.3
2017,Salta,66,Molinos,66119,Molinos,66119020,88
2017,Salta,66,Molinos,66119,Molinos,66119020,1740.31
2017,Salta,66,San Carlos,66154,San Carlos,66154040,185
2017,Salta,66,San Carlos,66154,San Carlos,66154040,2929.77
2017,Salta,66,San Carlos,66154,San Carlos,66154040,45451.36
2017,Salta,66,San Carlos,66154,San Carlos,66154040,670
2017,Salta,66,San Carlos,66154,San Carlos,66154040,6599.6
2017,San Juan,70,Albardón,70007,El Rincón,70007010,90384.74
2017,San Juan,70,Albardón,70007,El Rincón,70007010,12472.4
2017,San Juan,70,Albardón,70007,El Rincón,70007010,9237.6
2017,San Juan,70,Albardón,70007,El Rincón,70007010,9103.81
2017,San Juan,70,Albardón,70007,El Rincón,70007010,25993.58
2017,San Juan,70,Albardón,70007,El Rincón,70007010,2051.9
2017,San Juan,70,Albardón,70007,El Rincón,70007010,390.4
2017,San Juan,70,Albardón,70007,El Rincón,70007010,3141.76
2017,San Juan,70,Albardón,70007,El Rincón,70007010,9197.79
2017,San Juan,70,Albardón,70007,El Rincón,70007010,1180.5
2017,San Juan,70,Albardón,70007,El Rincón,70007010,7379.8
2017,San Juan,70,Angaco,70014,Las Tapias,70014010,17600.3
2017,San Juan,70,Angaco,70014,Las Tapias,70014010,981.2
2017,San Juan,70,Angaco,70014,Las Tapias,70014010,69304.67
2017,San Juan,70,Angaco,70014,Las Tapias,70014010,26284.7
2017,San Juan,70,Angaco,70014,Las Tapias,70014010,50835.82
2017,San Juan,70,Angaco,70014,Las Tapias,70014010,19077.18
2017,San Juan,70,Angaco,70014,Las Tapias,70014010,35603.84
2017,San Juan,70,Angaco,70014,Las Tapias,70014010,44394.55
2017,San Juan,70,Angaco,70014,Las Tapias,70014010,6187
2017,San Juan,70,Calingasta,70021,Calingasta,70021020,1650.8
2017,San Juan,70,Calingasta,70021,Calingasta,70021020,9850.6
2017,San Juan,70,Calingasta,70021,Calingasta,70021020,1242.36
2017,San Juan,70,Calingasta,70021,Calingasta,70021020,154.4
2017,San Juan,70,Calingasta,70021,Calingasta,70021020,1405.2
2017,San Juan,70,Calingasta,70021,Calingasta,70021020,180.7
2017,San Juan,70,Caucete,70035,Caucete,70035020,193740.88
2017,San Juan,70,Caucete,70035,Caucete,70035020,3804
2017,San Juan,70,Caucete,70035,Caucete,70035020,350.2
2017,San Juan,70,Caucete,70035,Caucete,70035020,199.8
2017,San Juan,70,Caucete,70035,Caucete,70035020,45612.9
2017,San Juan,70,Caucete,70035,Caucete,70035020,178004.77
2017,San Juan,70,Caucete,70035,Caucete,70035020,94908.1
2017,San Juan,70,Caucete,70035,Caucete,70035020,79553.55
2017,San Juan,70,Caucete,70035,Caucete,70035020,863.8
2017,San Juan,70,Caucete,70035,Caucete,70035020,392532.89
2017,San Juan,70,Caucete,70035,Caucete,70035020,116.8
2017,San Juan,70,Caucete,70035,Caucete,70035020,24667.2
2017,San Juan,70,Chimbas,70042,Chimbas,70042010,10732.27
2017,San Juan,70,Chimbas,70042,Chimbas,70042010,862.4
2017,San Juan,70,Chimbas,70042,Chimbas,70042010,101410.24
2017,San Juan,70,Iglesia,70049,Iglesia,70049030,63.6
2017,San Juan,70,9 de Julio,70063,9 de Julio,70063040,5527.78
2017,San Juan,70,9 de Julio,70063,9 de Julio,70063040,101609.72
2017,San Juan,70,9 de Julio,70063,9 de Julio,70063040,569.8
2017,San Juan,70,9 de Julio,70063,9 de Julio,70063040,216234.47
2017,San Juan,70,9 de Julio,70063,9 de Julio,70063040,19057.6
2017,San Juan,70,9 de Julio,70063,9 de Julio,70063040,40028
2017,San Juan,70,9 de Julio,70063,9 de Julio,70063040,1466.5
2017,San Juan,70,Pocito,70070,Villa Aberastain,70070040,30.6
2017,San Juan,70,Pocito,70070,Villa Aberastain,70070040,64382.03
2017,San Juan,70,Pocito,70070,Villa Aberastain,70070040,15262.2
2017,San Juan,70,Pocito,70070,Villa Aberastain,70070040,141795.69
2017,San Juan,70,Pocito,70070,Villa Aberastain,70070040,590.6
2017,San Juan,70,Pocito,70070,Villa Aberastain,70070040,1342.8
2017,San Juan,70,Pocito,70070,Villa Aberastain,70070040,8654.6
2017,San Juan,70,Pocito,70070,Villa Aberastain,70070040,2590.3
2017,San Juan,70,Pocito,70070,Villa Aberastain,70070040,3238.26
2017,San Juan,70,Pocito,70070,Villa Aberastain,70070040,57719.8
2017,San Juan,70,Rawson,70077,Rawson,70077010,2303.8
2017,San Juan,70,Rawson,70077,Rawson,70077010,54747.23
2017,San Juan,70,Rawson,70077,Rawson,70077010,6944.3
2017,San Juan,70,Rawson,70077,Rawson,70077010,288.8
2017,San Juan,70,Rawson,70077,Rawson,70077010,4568.74
2017,San Juan,70,Rawson,70077,Rawson,70077010,22694.8
2017,San Juan,70,Rawson,70077,Rawson,70077010,80439.59
2017,San Juan,70,Rivadavia,70084,Rivadavia,70084010,9980.2
2017,San Juan,70,Rivadavia,70084,Rivadavia,70084010,6438.8
2017,San Juan,70,Rivadavia,70084,Rivadavia,70084010,6852.63
2017,San Juan,70,San Martín,70091,Villa San Martín,70091070,11675.4
2017,San Juan,70,San Martín,70091,Villa San Martín,70091070,109849.03
2017,San Juan,70,San Martín,70091,Villa San Martín,70091070,124676.64
2017,San Juan,70,San Martín,70091,Villa San Martín,70091070,374.6
2017,San Juan,70,San Martín,70091,Villa San Martín,70091070,12353.9
2017,San Juan,70,San Martín,70091,Villa San Martín,70091070,25570.6
2017,San Juan,70,San Martín,70091,Villa San Martín,70091070,152853.6
2017,San Juan,70,San Martín,70091,Villa San Martín,70091070,125857.37
2017,San Juan,70,San Martín,70091,Villa San Martín,70091070,5561.2
2017,San Juan,70,San Martín,70091,Villa San Martín,70091070,579.4
2017,San Juan,70,Santa Lucía,70098,Santa Lucía,70098010,56619.41
2017,San Juan,70,Santa Lucía,70098,Santa Lucía,70098010,54076.7
2017,San Juan,70,Santa Lucía,70098,Santa Lucía,70098010,7856.4
2017,San Juan,70,Santa Lucía,70098,Santa Lucía,70098010,7025
2017,San Juan,70,Santa Lucía,70098,Santa Lucía,70098010,10555.14
2017,San Juan,70,Santa Lucía,70098,Santa Lucía,70098010,16722.5
2017,San Juan,70,Santa Lucía,70098,Santa Lucía,70098010,3210.22
2017,San Juan,70,Santa Lucía,70098,Santa Lucía,70098010,7941.19
2017,San Juan,70,Sarmiento,70105,Villa Media Agua,70105100,81418.6
2017,San Juan,70,Sarmiento,70105,Villa Media Agua,70105100,4126.6
2017,San Juan,70,Sarmiento,70105,Villa Media Agua,70105100,45443.4
2017,San Juan,70,Sarmiento,70105,Villa Media Agua,70105100,404311.69
2017,San Juan,70,Sarmiento,70105,Villa Media Agua,70105100,153607.36
2017,San Juan,70,Sarmiento,70105,Villa Media Agua,70105100,46733.14
2017,San Juan,70,Sarmiento,70105,Villa Media Agua,70105100,61448.55
2017,San Juan,70,Sarmiento,70105,Villa Media Agua,70105100,27873.77
2017,San Juan,70,Sarmiento,70105,Villa Media Agua,70105100,45983
2017,San Juan,70,Sarmiento,70105,Villa Media Agua,70105100,11662.8
2017,San Juan,70,Sarmiento,70105,Villa Media Agua,70105100,189845.55
2017,San Juan,70,Sarmiento,70105,Villa Media Agua,70105100,9647
2017,San Juan,70,Ullum,70112,Talacasto,70112A08,104615.27
2017,San Juan,70,Ullum,70112,Talacasto,70112A08,2507.5
2017,San Juan,70,Ullum,70112,Talacasto,70112A08,882
2017,San Juan,70,25 de Mayo,70126,Villa Santa Rosa,70126050,12319.6
2017,San Juan,70,25 de Mayo,70126,Villa Santa Rosa,70126050,240320.41
2017,San Juan,70,25 de Mayo,70126,Villa Santa Rosa,70126050,4804.2
2017,San Juan,70,25 de Mayo,70126,Villa Santa Rosa,70126050,18909.6
2017,San Juan,70,25 de Mayo,70126,Villa Santa Rosa,70126050,241805.25
2017,San Juan,70,25 de Mayo,70126,Villa Santa Rosa,70126050,140191.07
2017,San Juan,70,25 de Mayo,70126,Villa Santa Rosa,70126050,4265.3
2017,San Juan,70,25 de Mayo,70126,Villa Santa Rosa,70126050,7586.2
2017,San Juan,70,25 de Mayo,70126,Villa Santa Rosa,70126050,2361.4
2017,San Juan,70,25 de Mayo,70126,Villa Santa Rosa,70126050,998
2017,San Juan,70,25 de Mayo,70126,Villa Santa Rosa,70126050,54395.65
2017,San Juan,70,25 de Mayo,70126,Villa Santa Rosa,70126050,77703.4
2017,San Juan,70,25 de Mayo,70126,Villa Santa Rosa,70126050,311754.47
2017,San Juan,70,Zonda,70133,Villa Basilio Nievas,70133010,1606.2
2017,San Juan,70,Zonda,70133,Villa Basilio Nievas,70133010,33381.09
2017,San Juan,70,Zonda,70133,Villa Basilio Nievas,70133010,21430.63
2017,San Juan,70,Zonda,70133,Villa Basilio Nievas,70133010,42348.47
2017,San Luis,74,Ayacucho,74007,Candelaria,74007010,391.46
2017,San Luis,74,Belgrano,74014,La Calera,74014010,104.5
2017,San Luis,74,Junín,74049,Merlo,74049060,439
2017,San Luis,74,Juan Martín de Pueyrredón,74056,San Luis,74056150,792.7
2017,San Luis,74,Juan Martín de Pueyrredón,74056,San Luis,74056150,27
2017,Tucumán,90,Tafí del Valle,90098,Tafí del Valle,90098040,19.11
2017,Tucumán,90,Tafí del Valle,90098,Tafí del Valle,90098040,594.27
2017,Tucumán,90,Tafí del Valle,90098,Tafí del Valle,90098040,22.19
2017,Tucumán,90,Tafí del Valle,90098,Tafí del Valle,90098040,121.69
2017,Tucumán,90,Tafí del Valle,90098,Tafí del Valle,90098040,1969.84
2017,Tucumán,90,Tafí del Valle,90098,Tafí del Valle,90098040,184.73
2018,Buenos Aires,06,Balcarce,06063,Balcarce,06063010,314.16
2018,Buenos Aires,06,General Pueyrredón,06357,Chapadmalal,06357080,545.31
2018,Buenos Aires,06,Tornquist,06819,Saldungaray,06819020,57.64
2018,Buenos Aires,06,Tornquist,06819,Villa Ventana,06819070,61.3
2018,Buenos Aires,06,Villarino,06875,Médanos,06875060,46.98
2018,Catamarca,10,Andalgalá,10021,Andalgalá,10021020,257.4
2018,Catamarca,10,Belén,10035,Belén,10035020,100
2018,Catamarca,10,Belén,10035,Hualfín,10035070,8893.01
2018,Catamarca,10,Belén,10035,Los Nacimientos,10035120,90.4
2018,Catamarca,10,Belén,10035,Puerta de Corral Quemado,10035130,135.8
2018,Catamarca,10,Belén,10035,San Fernando,10035A42,299.8
2018,Catamarca,10,Pomán,10084,San Miguel,10084090,906.8
2018,Catamarca,10,Pomán,10084,Siján,10084110,1109.73
2018,Catamarca,10,Santa María,10091,Andalhualá,10091010,154.2
2018,Catamarca,10,Santa María,10091,Chañar Punco,10091030,33721
2018,Catamarca,10,Santa María,10091,Lampacito,10091030,916.1
2018,Catamarca,10,Santa María,10091,Lampacito,10091030,4785.2
2018,Catamarca,10,Santa María,10091,Famatanca,10091070,31
2018,Catamarca,10,Santa María,10091,Fuerte Quemado,10091080,2942.4
2018,Catamarca,10,Santa María,10091,La Loma,10091100,58.4
2018,Catamarca,10,Santa María,10091,El Cerrito,10091110,48.6
2018,Catamarca,10,Santa María,10091,Las Mojarras,10091110,3130.11
2018,Catamarca,10,Santa María,10091,Loro Huasi,10091120,94.4
2018,Catamarca,10,Santa María,10091,San José,10091140,941.5
2018,Catamarca,10,Santa María,10091,Santa María,10091150,8117.66
2018,Catamarca,10,Santa María,10091,Santa María,10091150,7782.5
2018,Catamarca,10,Tinogasta,10105,Anillaco,10105010,465.4
2018,Catamarca,10,Tinogasta,10105,Copacabana,10105050,7875.53
2018,Catamarca,10,Tinogasta,10105,El Puesto,10105090,1285.2
2018,Catamarca,10,Tinogasta,10105,Fiambalá,10105110,4276.4
2018,Catamarca,10,Tinogasta,10105,Medanitos,10105130,22938.04
2018,Catamarca,10,Tinogasta,10105,Saujil,10105160,86.9
2018,Catamarca,10,Tinogasta,10105,Tinogasta,10105180,4431.4
2018,Catamarca,10,Tinogasta,10105,Tinogasta,10105180,20096.66
2018,Catamarca,10,Tinogasta,10105,Tinogasta,10105180,1790.8
2018,Catamarca,10,Tinogasta,10105,San José Norte,10105A27,6512.7
2018,Córdoba,14,Calamuchita,14007,Villa Ciudad Parque Los Reartes,14007270,425.23
2018,Córdoba,14,Calamuchita,14007,Villa General Belgrano,14007310,37
2018,Córdoba,14,Calamuchita,14007,Atos Pampa,14007A01,143.32
2018,Córdoba,14,Colón,14021,Colonia Caroya,14021050,6157.67
2018,Córdoba,14,Colón,14021,Colonia Vicente Agüero,14021070,277.7
2018,Córdoba,14,Colón,14021,Santa Teresa,14021A20,85.1
2018,Córdoba,14,Cruz del Eje,14028,Las Playas,14028130,133.2
2018,Córdoba,14,Cruz del Eje,14028,San Marcos Sierra,14028170,91.16
2018,Córdoba,14,Ischilín,14049,Quilino,14049100,278.06
2018,Córdoba,14,Ischilín,14049,Ischilín,14049A07,423.85
2018,Córdoba,14,San Alberto,14126,Las Calles,14126050,35.6
2018,Córdoba,14,San Javier,14133,Las Chacras,14133095,30
2018,Córdoba,14,San Javier,14133,Las Tapias,14133100,15
2018,Córdoba,14,San Javier,14133,Luyaba,14133150,23
2018,Córdoba,14,San Javier,14133,San Javier y Yacanto,14133170,145
2018,Córdoba,14,San Javier,14133,San Javier y Yacanto,14133170,25
2018,Córdoba,14,San Javier,14133,Villa de las Rosas,14133190,15
2018,Córdoba,14,Santa María,14147,Potrero de Garay,14147230,355.9
2018,Córdoba,14,Tulumba,14175,San Pedro Norte,14175100,125.31
2018,Córdoba,14,Tulumba,14175,Santa Cruz,14175A37,15.88
2018,Chubut,26,Cushamen,26014,Cushamen Centro,26014030,68
2018,Chubut,26,Cushamen,26014,El Hoyo,26014040,36
2018,Chubut,26,Futaleufú,26035,Trevelín,26035060,18.14
2018,Chubut,26,Sarmiento,26091,Sarmiento,26091020,682.34
2018,Entre Ríos,30,Colón,30008,Colón,30008020,130.8
2018,Entre Ríos,30,Concordia,30015,La Criolla,30015090,684.9
2018,Entre Ríos,30,Diamante,30021,Colonia Ensayo,30021070,132.52
2018,Entre Ríos,30,Gualeguaychú,30056,Gualeguaychú,30056070,88.5
2018,Entre Ríos,30,Victoria,30105,Laguna del Pescado,30105A11,1
2018,Jujuy,38,El Carmen,38014,Monterrico,38014070,190
2018,Jujuy,38,Tilcara,38094,Colonia San José,38094010,60.88
2018,Jujuy,38,Tilcara,38094,Huacalera,38094020,107.61
2018,Jujuy,38,Tilcara,38094,Maimará,38094040,336
2018,Jujuy,38,Tilcara,38094,Tilcara,38094050,14.62
2018,Jujuy,38,Tumbaya,38098,Purmamarca,38098030,60.2
2018,La Pampa,42,Curacó,42042,Gobernador Duval,42042010,378.75
2018,La Pampa,42,Puelén,42112,25 de Mayo,42112020,14606.87
2018,La Rioja,46,Capital,46014,La Rioja,46014010,806.8
2018,La Rioja,46,Castro Barros,46021,Aminga,46021010,15480
2018,La Rioja,46,Castro Barros,46021,Anillaco,46021020,5596.52
2018,La Rioja,46,General Felipe Varela,46028,Guandacol,46028020,21503.94
2018,La Rioja,46,General Felipe Varela,46028,Santa Clara,46028020,1822.2
2018,La Rioja,46,General Felipe Varela,46028,Los Palacios,46028030,4926.8
2018,La Rioja,46,General Felipe Varela,46028,Pagancillo,46028040,2548.4
2018,La Rioja,46,General Felipe Varela,46028,Banda Florida,46028050,2630.5
2018,La Rioja,46,General Felipe Varela,46028,Villa Unión,46028050,14024.4
2018,La Rioja,46,General Felipe Varela,46028,Paso San Isidro,46028A14,77.1
2018,La Rioja,46,General Felipe Varela,46028,Paso San Isidro,46028A14,591.8
2018,La Rioja,46,Chilecito,46042,Anguinán,46042010,102137.98
2018,La Rioja,46,Chilecito,46042,Los Sarmientos,46042010,122.8
2018,La Rioja,46,Chilecito,46042,Chilecito,46042010,244.4
2018,La Rioja,46,Chilecito,46042,San Miguel,46042010,12.4
2018,La Rioja,46,Chilecito,46042,Colonia Catinzaco,46042030,8231.78
2018,La Rioja,46,Chilecito,46042,Guanchín,46042060,589.8
2018,La Rioja,46,Chilecito,46042,Malligasta,46042070,165003.05
2018,La Rioja,46,Chilecito,46042,Miranda,46042080,41
2018,La Rioja,46,Chilecito,46042,Nonogasta,46042090,116889.3
2018,La Rioja,46,Chilecito,46042,San Nicolás,46042100,2911
2018,La Rioja,46,Chilecito,46042,Sañogasta,46042120,1532.6
2018,La Rioja,46,Chilecito,46042,Tilimuqui,46042130,81842.1
2018,La Rioja,46,Chilecito,46042,Vichigasta,46042140,156473.62
2018,La Rioja,46,Famatina,46049,Angulos,46049020,3964
2018,La Rioja,46,Famatina,46049,Chañarmuyo,46049060,7269.85
2018,La Rioja,46,Famatina,46049,Famatina,46049070,7259.8
2018,La Rioja,46,Famatina,46049,Famatina,46049070,25.2
2018,La Rioja,46,Famatina,46049,Famatina,46049070,844
2018,La Rioja,46,Famatina,46049,Pituil,46049090,6648.3
2018,La Rioja,46,Famatina,46049,Plaza Vieja,46049100,2034.3
2018,La Rioja,46,General Lamadrid,46077,Villa Castelli,46077010,9463.8
2018,La Rioja,46,General Lamadrid,46077,Villa Castelli,46077010,348.5
2018,La Rioja,46,Vinchina,46098,Villa San José de Vinchina,46098020,2867.4
2018,La Rioja,46,San Blas de Los Sauces,46119,Alpasinche,46119010,1186.7
2018,La Rioja,46,San Blas de Los Sauces,46119,Chaupihuasi,46119010,377.74
2018,La Rioja,46,Sanagasta,46126,Villa Sanagasta,46126010,233.59
2018,Mendoza,50,General Alvear,50014,Bowen,50014010,89471.57
2018,Mendoza,50,General Alvear,50014,Bowen,50014010,2232.2
2018,Mendoza,50,General Alvear,50014,Carmensa,50014020,457.8
2018,Mendoza,50,General Alvear,50014,Carmensa,50014020,14363.9
2018,Mendoza,50,General Alvear,50014,General Alvear,50014030,18287.94
2018,Mendoza,50,General Alvear,50014,General Alvear,50014030,13436.66
2018,Mendoza,50,General Alvear,50014,General Alvear,50014030,7383.1
2018,Mendoza,50,General Alvear,50014,General Alvear,50014030,1239.7
2018,Mendoza,50,General Alvear,50014,General Alvear,50014030,17340.6
2018,Mendoza,50,General Alvear,50014,Los Compartos,50014040,39489.21
2018,Mendoza,50,General Alvear,50014,Colonia San Pedro del Atuel,50014A04,30.4
2018,Mendoza,50,General Alvear,50014,El Ceibo,50014A08,1125
2018,Mendoza,50,General Alvear,50014,El Ceibo,50014A08,5272.1
2018,Mendoza,50,General Alvear,50014,La California,50014A12,4660.8
2018,Mendoza,50,General Alvear,50014,La Escandinava,50014A14,13671.6
2018,Mendoza,50,General Alvear,50014,La Marsolina,50014A16,24667.8
2018,Mendoza,50,General Alvear,50014,La Montilla,50014A17,241
2018,Mendoza,50,General Alvear,50014,Los Campamentos,50014A19,7322.8
2018,Mendoza,50,General Alvear,50014,Poste de Fierro,50014A24,8880.95
2018,Mendoza,50,Guaymallén,50028,Colonia Segovia,50028010,13928.3
2018,Mendoza,50,Guaymallén,50028,Buena Nueva,50028020,2687.8
2018,Mendoza,50,Guaymallén,50028,Bermejo,50028020,7180.8
2018,Mendoza,50,Guaymallén,50028,Villa Nueva,50028020,1970.3
2018,Mendoza,50,Guaymallén,50028,Rodeo de la Cruz,50028020,2953.8
2018,Mendoza,50,Guaymallén,50028,Dorrego,50028020,2411.6
2018,Mendoza,50,Guaymallén,50028,San Francisco del Monte,50028020,85.8
2018,Mendoza,50,Guaymallén,50028,El Sauce,50028020,7815.45
2018,Mendoza,50,Guaymallén,50028,La Primavera,50028030,3057.6
2018,Mendoza,50,Guaymallén,50028,La Primavera,50028030,54.5
2018,Mendoza,50,Guaymallén,50028,La Primavera,50028030,2482.8
2018,Mendoza,50,Guaymallén,50028,Los Corralitos,50028040,7205.6
2018,Mendoza,50,Junín,50035,Ingeniero Giagnoni,50035010,3187.8
2018,Mendoza,50,Junín,50035,Junín,50035020,22396.8
2018,Mendoza,50,Junín,50035,Junín,50035020,169083.92
2018,Mendoza,50,Junín,50035,Junín,50035020,3335.7
2018,Mendoza,50,Junín,50035,Junín,50035020,3087.8
2018,Mendoza,50,Junín,50035,La Colonia,50035030,155221.03
2018,Mendoza,50,Junín,50035,Los Barriales,50035040,4681.8
2018,Mendoza,50,Junín,50035,Los Barriales,50035040,207521.87
2018,Mendoza,50,Junín,50035,Los Barriales,50035040,1445.6
2018,Mendoza,50,Junín,50035,Medrano,50035050,246463.16
2018,Mendoza,50,Junín,50035,Medrano,50035050,1992.4
2018,Mendoza,50,Junín,50035,Medrano,50035050,8200.8
2018,Mendoza,50,Junín,50035,Phillips,50035060,324411.98
2018,Mendoza,50,Junín,50035,Phillips,50035060,1177.6
2018,Mendoza,50,Junín,50035,Rodríguez Peña,50035070,157163.6
2018,Mendoza,50,Junín,50035,Algarrobo Grande,50035A00,12816.2
2018,Mendoza,50,Junín,50035,Algarrobo Grande,50035A00,290663.33
2018,Mendoza,50,Junín,50035,Algarrobo Grande,50035A00,18735.3
2018,Mendoza,50,Junín,50035,Alto Verde,50035A01,149348.64
2018,Mendoza,50,Junín,50035,Alto Verde,50035A01,43299.4
2018,Mendoza,50,Junín,50035,Tres Esquinas,50035A02,800.8
2018,Mendoza,50,La Paz,50042,La Paz,50042020,5518.75
2018,Mendoza,50,La Paz,50042,La Paz,50042020,3579.87
2018,Mendoza,50,La Paz,50042,Villa Antigua,50042030,1602
2018,Mendoza,50,La Paz,50042,Las Chacritas,50042A07,973
2018,Mendoza,50,Las Heras,50049,Jocolí,50049030,4792.6
2018,Mendoza,50,Las Heras,50049,Las Heras,50049050,4547.6
2018,Mendoza,50,Las Heras,50049,Las Heras,50049050,803.6
2018,Mendoza,50,Las Heras,50049,Panquehuá,50049050,1807.4
2018,Mendoza,50,Las Heras,50049,El Plumerillo,50049050,3860.2
2018,Mendoza,50,Las Heras,50049,El Challao,50049050,134.19
2018,Mendoza,50,Las Heras,50049,Capdevila,50049050,34732.76
2018,Mendoza,50,Las Heras,50049,El Borbollón,50049050,21829.59
2018,Mendoza,50,Las Heras,50049,El Algarrobal,50049050,39827.68
2018,Mendoza,50,Las Heras,50049,Polvaredas,50049080,424.8
2018,Mendoza,50,Las Heras,50049,Uspallata,50049110,124.05
2018,Mendoza,50,Las Heras,50049,El Pastal,50049A04,16784.3
2018,Mendoza,50,Las Heras,50049,El Pastal,50049A04,929
2018,Mendoza,50,Lavalle,50056,Barrio Alto del Olvido,50056010,3241.2
2018,Mendoza,50,Lavalle,50056,Barrio La Palmera,50056030,42884.8
2018,Mendoza,50,Lavalle,50056,Barrio La Pega,50056040,22595.1
2018,Mendoza,50,Lavalle,50056,Costa de Araujo,50056080,530966.82
2018,Mendoza,50,Lavalle,50056,Costa de Araujo,50056080,1368.6
2018,Mendoza,50,Lavalle,50056,Costa de Araujo,50056080,993.6
2018,Mendoza,50,Lavalle,50056,El Paramillo,50056090,49099.76
2018,Mendoza,50,Lavalle,50056,El Vergel,50056100,18673.2
2018,Mendoza,50,Lavalle,50056,El Vergel,50056100,295.4
2018,Mendoza,50,Lavalle,50056,Ingeniero Gustavo André,50056110,612.4
2018,Mendoza,50,Lavalle,50056,Ingeniero Gustavo André,50056110,344760.03
2018,Mendoza,50,Lavalle,50056,Jocolí,50056120,80686.24
2018,Mendoza,50,Lavalle,50056,Jocolí Viejo,50056130,21723.31
2018,Mendoza,50,Lavalle,50056,Las Violetas,50056140,6515.91
2018,Mendoza,50,Lavalle,50056,3 de Mayo,50056150,6891
2018,Mendoza,50,Lavalle,50056,3 de Mayo,50056150,56952.34
2018,Mendoza,50,Lavalle,50056,Villa Tulumaya,50056160,4239.8
2018,Mendoza,50,Lavalle,50056,Villa Tulumaya,50056160,48673.25
2018,Mendoza,50,Lavalle,50056,El Carmen,50056A05,19325.4
2018,Mendoza,50,Lavalle,50056,El Chilcal,50056A06,20306.7
2018,Mendoza,50,Lavalle,50056,El Chilcal,50056A06,294.4
2018,Mendoza,50,Lavalle,50056,El Plumero,50056A09,78125.1
2018,Mendoza,50,Lavalle,50056,El Plumero,50056A09,1432.2
2018,Mendoza,50,Lavalle,50056,El Retiro,50056A12,9334.8
2018,Mendoza,50,Lavalle,50056,La Asunción,50056A15,5824.4
2018,Mendoza,50,Lavalle,50056,La Holanda,50056A17,18598.2
2018,Mendoza,50,Lavalle,50056,San Francisco,50056A24,12627
2018,Mendoza,50,Lavalle,50056,San José,50056A26,300.4
2018,Mendoza,50,Lavalle,50056,San José,50056A26,424
2018,Mendoza,50,Luján de Cuyo,50063,Agrelo,50063010,448931.51
2018,Mendoza,50,Luján de Cuyo,50063,El Carrizal,50063050,245651.17
2018,Mendoza,50,Luján de Cuyo,50063,Las Compuertas,50063070,20363.86
2018,Mendoza,50,Luján de Cuyo,50063,Carrodilla,50063090,5696.89
2018,Mendoza,50,Luján de Cuyo,50063,Vistalba,50063090,23388.11
2018,Mendoza,50,Luján de Cuyo,50063,Mayor Drummond,50063090,25973.45
2018,Mendoza,50,Luján de Cuyo,50063,Luján de Cuyo,50063090,9489.42
2018,Mendoza,50,Luján de Cuyo,50063,Chacras de Coria,50063090,4272.64
2018,Mendoza,50,Luján de Cuyo,50063,Perdriel,50063100,30.88
2018,Mendoza,50,Luján de Cuyo,50063,Perdriel,50063100,82943.01
2018,Mendoza,50,Luján de Cuyo,50063,Potrerillos,50063110,166.2
2018,Mendoza,50,Luján de Cuyo,50063,Ugarteche,50063120,404586.16
2018,Mendoza,50,Luján de Cuyo,50063,Anchoris,50063A01,10715.51
2018,Mendoza,50,Luján de Cuyo,50063,Baños Lunlunta,50063A02,2699.77
2018,Mendoza,50,Luján de Cuyo,50063,Industrial,50063A03,393.6
2018,Mendoza,50,Maipú,50070,Barrancas,50070010,301
2018,Mendoza,50,Maipú,50070,Barrancas,50070010,310835.62
2018,Mendoza,50,Maipú,50070,Barrio Jesús de Nazaret,50070020,790.71
2018,Mendoza,50,Maipú,50070,Cruz de Piedra,50070030,53721.2
2018,Mendoza,50,Maipú,50070,Cruz de Piedra,50070030,51644.41
2018,Mendoza,50,Maipú,50070,El Pedregal,50070040,3692.2
2018,Mendoza,50,Maipú,50070,Fray Luis Beltrán,50070050,35855.6
2018,Mendoza,50,Maipú,50070,Fray Luis Beltrán,50070050,510995.93
2018,Mendoza,50,Maipú,50070,Fray Luis Beltrán,50070050,32343.7
2018,Mendoza,50,Maipú,50070,Coquimbito,50070060,26025.52
2018,Mendoza,50,Maipú,50070,General Gutiérrez,50070060,2309.2
2018,Mendoza,50,Maipú,50070,Maipú,50070060,1275.12
2018,Mendoza,50,Maipú,50070,Rodeo del Medio,50070070,81536.15
2018,Mendoza,50,Maipú,50070,Rodeo del Medio,50070070,394
2018,Mendoza,50,Maipú,50070,Rodeo del Medio,50070070,8820.7
2018,Mendoza,50,Maipú,50070,Rodeo del Medio,50070070,750
2018,Mendoza,50,Maipú,50070,Russell,50070080,38974.49
2018,Mendoza,50,Maipú,50070,San Roque,50070090,73171.82
2018,Mendoza,50,Maipú,50070,San Roque,50070090,30723.44
2018,Mendoza,50,Maipú,50070,El Paraíso,50070A01,15809.88
2018,Mendoza,50,Maipú,50070,Los Álamos,50070A02,11723.7
2018,Mendoza,50,Rivadavia,50084,Andrade,50084010,166187.38
2018,Mendoza,50,Rivadavia,50084,El Mirador,50084040,237779.89
2018,Mendoza,50,Rivadavia,50084,El Mirador,50084040,12796
2018,Mendoza,50,Rivadavia,50084,La Central,50084050,396229.91
2018,Mendoza,50,Rivadavia,50084,La Libertad,50084080,130451.85
2018,Mendoza,50,Rivadavia,50084,Los Árboles,50084090,94682.85
2018,Mendoza,50,Rivadavia,50084,Los Campamentos,50084100,590.8
2018,Mendoza,50,Rivadavia,50084,Los Campamentos,50084100,554161.44
2018,Mendoza,50,Rivadavia,50084,Medrano,50084110,92206
2018,Mendoza,50,Rivadavia,50084,Mundo Nuevo,50084120,16781.8
2018,Mendoza,50,Rivadavia,50084,Reducción de Abajo,50084130,92935.92
2018,Mendoza,50,Rivadavia,50084,Rivadavia,50084140,116642.7
2018,Mendoza,50,Rivadavia,50084,Santa María de Oro,50084150,88796.81
2018,Mendoza,50,San Carlos,50091,Barrio El Cepillo,50091010,19064.7
2018,Mendoza,50,San Carlos,50091,Chilecito,50091020,41392.98
2018,Mendoza,50,San Carlos,50091,Eugenio Bustos,50091030,168011.81
2018,Mendoza,50,San Carlos,50091,La Consulta,50091040,366338.86
2018,Mendoza,50,San Carlos,50091,La Consulta,50091040,1010.95
2018,Mendoza,50,San Carlos,50091,La Consulta,50091040,2782
2018,Mendoza,50,San Carlos,50091,Pareditas,50091050,11955.38
2018,Mendoza,50,San Carlos,50091,San Carlos,50091060,30342.53
2018,Mendoza,50,San Carlos,50091,San Carlos,50091060,9303.2
2018,Mendoza,50,San Carlos,50091,Casas Viejas,50091A01,8227.5
2018,Mendoza,50,San Carlos,50091,El Capacho,50091A03,1793.4
2018,Mendoza,50,San Carlos,50091,Tres Esquinas,50091A17,1052
2018,Mendoza,50,San Martín,50098,Alto Verde,50098020,426408.97
2018,Mendoza,50,San Martín,50098,Chapanay,50098060,754020.85
2018,Mendoza,50,San Martín,50098,Chivilcoy,50098070,102751.8
2018,Mendoza,50,San Martín,50098,El Espino,50098073,68915.1
2018,Mendoza,50,San Martín,50098,El Ramblón,50098077,73542.91
2018,Mendoza,50,San Martín,50098,El Ramblón,50098077,227272.24
2018,Mendoza,50,San Martín,50098,Montecaseros,50098080,948301.77
2018,Mendoza,50,San Martín,50098,Nueva California,50098090,318887.13
2018,Mendoza,50,San Martín,50098,San Martín,50098100,11342.1
2018,Mendoza,50,San Martín,50098,San Martín,50098100,107689.5
2018,Mendoza,50,San Martín,50098,Palmira,50098100,245916.45
2018,Mendoza,50,San Martín,50098,Tres Porteñas,50098110,209015.23
2018,Mendoza,50,San Martín,50098,Alto Chapanay,50098A00,7538.5
2018,Mendoza,50,San Martín,50098,Alto Salvador,50098A01,236525.15
2018,Mendoza,50,San Martín,50098,Buen Orden,50098A03,88666.8
2018,Mendoza,50,San Martín,50098,El Central,50098A06,200547.96
2018,Mendoza,50,San Martín,50098,El Divisadero,50098A07,136839.25
2018,Mendoza,50,San Martín,50098,Las Chimbas,50098A09,56798.17
2018,Mendoza,50,San Rafael,50105,Barrio Campos El Toledano,50105010,400
2018,Mendoza,50,San Rafael,50105,Capitán Montoya,50105050,1689.3
2018,Mendoza,50,San Rafael,50105,Cuadro Benegas,50105060,45849.4
2018,Mendoza,50,San Rafael,50105,El Tropezón,50105090,761.6
2018,Mendoza,50,San Rafael,50105,Goudge,50105100,86077.78
2018,Mendoza,50,San Rafael,50105,Jaime Prats,50105110,38207.35
2018,Mendoza,50,San Rafael,50105,La Llave Nueva,50105120,837.6
2018,Mendoza,50,San Rafael,50105,La Llave Nueva,50105120,31193.32
2018,Mendoza,50,San Rafael,50105,Las Malvinas,50105130,363.4
2018,Mendoza,50,San Rafael,50105,Monte Comán,50105150,11338.8
2018,Mendoza,50,San Rafael,50105,Rama Caída,50105180,3345.2
2018,Mendoza,50,San Rafael,50105,Rama Caída,50105180,36445.36
2018,Mendoza,50,San Rafael,50105,Real del Padre,50105190,134539.93
2018,Mendoza,50,San Rafael,50105,Salto de las Rosas,50105200,5086.6
2018,Mendoza,50,San Rafael,50105,Cuadro Nacional,50105210,5757.9
2018,Mendoza,50,San Rafael,50105,Cuadro Nacional,50105210,80404.06
2018,Mendoza,50,San Rafael,50105,San Rafael,50105210,860.6
2018,Mendoza,50,San Rafael,50105,San Rafael,50105210,176.2
2018,Mendoza,50,San Rafael,50105,San Rafael,50105210,4200.9
2018,Mendoza,50,San Rafael,50105,25 de Mayo,50105220,3159.72
2018,Mendoza,50,San Rafael,50105,Villa Atuel,50105230,2254.2
2018,Mendoza,50,San Rafael,50105,Villa Atuel,50105230,34581.82
2018,Mendoza,50,San Rafael,50105,Villa Atuel,50105230,32626.86
2018,Mendoza,50,San Rafael,50105,Cañada Seca,50105A04,417.6
2018,Mendoza,50,San Rafael,50105,Cañada Seca,50105A04,168391.36
2018,Mendoza,50,San Rafael,50105,Colonia Bombal y Tabanera,50105A06,10441.6
2018,Mendoza,50,San Rafael,50105,Colonia Colomer,50105A07,4829.6
2018,Mendoza,50,San Rafael,50105,Colonia El Usillal,50105A08,9388.05
2018,Mendoza,50,San Rafael,50105,Colonia Elena,50105A09,5413.54
2018,Mendoza,50,San Rafael,50105,Colonia Española,50105A10,1959.2
2018,Mendoza,50,San Rafael,50105,Colonia Gelman,50105A11,1712.8
2018,Mendoza,50,San Rafael,50105,Colonia Jáuregui,50105A12,981.4
2018,Mendoza,50,San Rafael,50105,Colonia López,50105A13,17047.9
2018,Mendoza,50,San Rafael,50105,El Cerrito,50105A22,8869.6
2018,Mendoza,50,San Rafael,50105,La Guevarina,50105A32,4073.8
2018,Mendoza,50,San Rafael,50105,La Llave Vieja,50105A35,1536.4
2018,Mendoza,50,San Rafael,50105,Las Paredes,50105A44,1136
2018,Mendoza,50,San Rafael,50105,Las Paredes,50105A44,67757.06
2018,Mendoza,50,San Rafael,50105,Los Claveles,50105A46,480
2018,Mendoza,50,San Rafael,50105,Los Sifones,50105A51,357.2
2018,Mendoza,50,San Rafael,50105,Rincón del Atuel,50105A60,227
2018,Mendoza,50,San Rafael,50105,Soitué,50105A64,3347.31
2018,Mendoza,50,Santa Rosa,50112,Barrio 12 de Octubre,50112010,103047.03
2018,Mendoza,50,Santa Rosa,50112,Barrio 12 de Octubre,50112010,98993.08
2018,Mendoza,50,Santa Rosa,50112,Barrio Molina Cabrera,50112030,3932.84
2018,Mendoza,50,Santa Rosa,50112,La Dormida,50112040,120755.7
2018,Mendoza,50,Santa Rosa,50112,La Dormida,50112040,30892.2
2018,Mendoza,50,Santa Rosa,50112,Las Catitas,50112050,140333.25
2018,Mendoza,50,Santa Rosa,50112,Santa Rosa,50112060,17782.8
2018,Mendoza,50,Santa Rosa,50112,Santa Rosa,50112060,305710.42
2018,Mendoza,50,Santa Rosa,50112,Santa Rosa,50112060,83027.79
2018,Mendoza,50,Santa Rosa,50112,Gobernador Civit,50112A05,5952.3
2018,Mendoza,50,Santa Rosa,50112,Los Yoles,50112A10,5625.77
2018,Mendoza,50,Tunuyán,50119,Campo Los Andes,50119020,18648.73
2018,Mendoza,50,Tunuyán,50119,Colonia Las Rosas,50119030,2129.57
2018,Mendoza,50,Tunuyán,50119,El Manzano,50119040,195.14
2018,Mendoza,50,Tunuyán,50119,Los Sauces,50119050,110589.24
2018,Mendoza,50,Tunuyán,50119,Tunuyán,50119060,99697.23
2018,Mendoza,50,Tunuyán,50119,Tunuyán,50119060,2641.12
2018,Mendoza,50,Tunuyán,50119,Tunuyán,50119060,13386
2018,Mendoza,50,Tunuyán,50119,Vista Flores,50119070,224909.86
2018,Mendoza,50,Tunuyán,50119,El Totoral,50119A02,82243.34
2018,Mendoza,50,Tunuyán,50119,El Totoral,50119A02,12802.95
2018,Mendoza,50,Tunuyán,50119,La Primavera,50119A04,16478.23
2018,Mendoza,50,Tunuyán,50119,Las Pintadas,50119A07,49679.58
2018,Mendoza,50,Tunuyán,50119,Los Árboles,50119A08,169974.84
2018,Mendoza,50,Tunuyán,50119,Los Árboles,50119A08,12692.8
2018,Mendoza,50,Tunuyán,50119,Los Chacales,50119A09,59285.21
2018,Mendoza,50,Tunuyán,50119,Villa Seca,50119A14,132699.26
2018,Mendoza,50,Tupungato,50126,Cordón del Plata,50126020,83577.37
2018,Mendoza,50,Tupungato,50126,Cordón del Plata,50126020,7090.79
2018,Mendoza,50,Tupungato,50126,Cordón del Plata,50126020,260890.3
2018,Mendoza,50,Tupungato,50126,El Peral,50126030,89654.81
2018,Mendoza,50,Tupungato,50126,El Zampal,50126035,139717.88
2018,Mendoza,50,Tupungato,50126,La Arboleda,50126040,207167.56
2018,Mendoza,50,Tupungato,50126,San José,50126050,36789.26
2018,Mendoza,50,Tupungato,50126,Villa Bastias,50126060,35150.33
2018,Mendoza,50,Tupungato,50126,Tupungato,50126060,36.6
2018,Mendoza,50,Tupungato,50126,Tupungato,50126060,17386.5
2018,Mendoza,50,Tupungato,50126,Tupungato,50126060,63331.44
2018,Mendoza,50,Tupungato,50126,Anchoris,50126A01,39601.5
2018,Mendoza,50,Tupungato,50126,Gualtallary,50126A05,213191.15
2018,Mendoza,50,Tupungato,50126,Zapata,50126A12,9157.4
2018,Neuquén,58,Añelo,58014,Añelo,58014010,7186.05
2018,Neuquén,58,Añelo,58014,San Patricio del Chañar,58014020,105376.7
2018,Neuquén,58,Confluencia,58035,Cutral Có,58035040,33.3
2018,Neuquén,58,Confluencia,58035,Mari Menuco,58035060,2317.59
2018,Neuquén,58,Confluencia,58035,Plottier,58035100,37
2018,Neuquén,58,Confluencia,58035,Senillosa,58035110,835.06
2018,Neuquén,58,Lácar,58056,San Martín de los Andes,58056010,43.5
2018,Río Negro,62,Adolfo Alsina,62007,San Javier,62007080,828.51
2018,Río Negro,62,Adolfo Alsina,62007,Viedma,62007090,325.9
2018,Río Negro,62,Avellaneda,62014,Choele Choel,62014040,925.65
2018,Río Negro,62,Avellaneda,62014,Darwin,62014060,3829.15
2018,Río Negro,62,Avellaneda,62014,Luis Beltrán,62014080,331.8
2018,Río Negro,62,Avellaneda,62014,Pomona,62014090,1051.3
2018,Río Negro,62,Bariloche,62021,El Bolsón,62021030,14.48
2018,Río Negro,62,El Cuy,62035,El Cuy,62035030,553.64
2018,Río Negro,62,El Cuy,62035,Valle Azul,62035080,2665.8
2018,Río Negro,62,General Roca,62042,Allen,62042010,3917.57
2018,Río Negro,62,General Roca,62042,Barrio Guerrico,62042160,302.78
2018,Río Negro,62,General Roca,62042,Cervantes,62042370,270.3
2018,Río Negro,62,General Roca,62042,Cipolletti,62042400,668.6
2018,Río Negro,62,General Roca,62042,General Enrique Godoy,62042430,1367
2018,Río Negro,62,General Roca,62042,General Fernández Oro,62042440,2541.21
2018,Río Negro,62,General Roca,62042,General Roca,62042450,9935.49
2018,Río Negro,62,General Roca,62042,General Roca,62042450,934.3
2018,Río Negro,62,General Roca,62042,Ingeniero Luis A. Huergo,62042460,4621.97
2018,Río Negro,62,General Roca,62042,Mainqué,62042480,12422.34
2018,Río Negro,62,General Roca,62042,Villa Alberdi,62042530,4
2018,Río Negro,62,General Roca,62042,Villa Manzano,62042550,1679.9
2018,Río Negro,62,General Roca,62042,Villa Regina,62042560,168.2
2018,Salta,66,Cachi,66014,Cachi,66014010,1342.71
2018,Salta,66,Cachi,66014,Payogasta,66014020,3876.53
2018,Salta,66,Cafayate,66021,Cafayate,66021010,4439.61
2018,Salta,66,Cafayate,66021,Cafayate,66021010,224583.91
2018,Salta,66,Cafayate,66021,Cafayate,66021010,6962.39
2018,Salta,66,Cafayate,66021,Tolombón,66021020,36504.56
2018,Salta,66,Cafayate,66021,Chuscha,66021A01,82.43
2018,Salta,66,Cafayate,66021,Las Conchas,66021A04,104.31
2018,Salta,66,Cafayate,66021,Yacochuya Norte,66021A05,7199.6
2018,Salta,66,La Viña,66098,Las Curtiembres,66098A08,151
2018,Salta,66,Molinos,66119,Molinos,66119020,2410.57
2018,Salta,66,Molinos,66119,Seclantás,66119030,100
2018,Salta,66,Molinos,66119,Colomé,66119A06,128
2018,Salta,66,Molinos,66119,Colomé,66119A06,4232.4
2018,Salta,66,San Carlos,66154,Angastaco,66154010,4834.48
2018,Salta,66,San Carlos,66154,Animaná,66154020,44118.48
2018,Salta,66,San Carlos,66154,San Carlos,66154040,7042.2
2018,Salta,66,San Carlos,66154,Corralito,66154A01,374.6
2018,Salta,66,San Carlos,66154,Santa Rosa,66154A26,185
2018,San Juan,70,Albardón,70007,El Rincón,70007010,141484.7
2018,San Juan,70,Albardón,70007,El Rincón,70007010,10694.87
2018,San Juan,70,Albardón,70007,Villa General San Martín - Campo Afuera,70007020,3745.13
2018,San Juan,70,Albardón,70007,Villa General San Martín - Campo Afuera,70007020,14875.5
2018,San Juan,70,Albardón,70007,Villa General San Martín - Campo Afuera,70007020,2073.8
2018,San Juan,70,Albardón,70007,Villa General San Martín - Campo Afuera,70007020,34371
2018,San Juan,70,Albardón,70007,Villa General San Martín - Campo Afuera,70007020,14945.22
2018,San Juan,70,Albardón,70007,Baños La Laja,70007A02,851.8
2018,San Juan,70,Albardón,70007,El Salado,70007A03,14395.59
2018,San Juan,70,Albardón,70007,Las Tapias,70007A04,19628.75
2018,San Juan,70,Albardón,70007,Las Tapias,70007A04,1191
2018,San Juan,70,Angaco,70014,Las Tapias,70014010,1573.6
2018,San Juan,70,Angaco,70014,Las Tapias,70014010,60467.15
2018,San Juan,70,Angaco,70014,Villa El Salvador,70014020,21296.7
2018,San Juan,70,Angaco,70014,Villa El Salvador,70014020,105118.76
2018,San Juan,70,Angaco,70014,Villa Sefair,70014020,58213.23
2018,San Juan,70,Angaco,70014,Villa El Salvador,70014020,27921.78
2018,San Juan,70,Angaco,70014,El Alamito,70014A01,6897.8
2018,San Juan,70,Angaco,70014,El Bosque,70014A02,45147.58
2018,San Juan,70,Angaco,70014,Punta del Monte,70014A05,70848.93
2018,San Juan,70,Calingasta,70021,Barreal - Villa Pituil,70021010,1066.71
2018,San Juan,70,Calingasta,70021,Calingasta,70021020,149.6
2018,San Juan,70,Calingasta,70021,Tamberías,70021030,8219.7
2018,San Juan,70,Calingasta,70021,Hilario,70021A10,1716.2
2018,San Juan,70,Calingasta,70021,Sorocayense,70021A30,600.4
2018,San Juan,70,Calingasta,70021,Villa Corral,70021A31,2061.3
2018,San Juan,70,Caucete,70035,Caucete,70035020,2098.8
2018,San Juan,70,Caucete,70035,Caucete,70035020,150.6
2018,San Juan,70,Caucete,70035,Caucete,70035020,519751.51
2018,San Juan,70,Caucete,70035,Caucete,70035020,412.8
2018,San Juan,70,Caucete,70035,Caucete,70035020,9236.7
2018,San Juan,70,Caucete,70035,Caucete,70035020,137.6
2018,San Juan,70,Caucete,70035,El Rincón,70035030,118415.33
2018,San Juan,70,Caucete,70035,Las Talas - Los Médanos,70035040,57673.12
2018,San Juan,70,Caucete,70035,Pie de Palo,70035060,35310.96
2018,San Juan,70,Caucete,70035,Villa Independencia,70035080,137802.64
2018,San Juan,70,Caucete,70035,La Puntilla,70035A02,246947.42
2018,San Juan,70,Caucete,70035,Pozo de los Algarrobos,70035A07,217257.07
2018,San Juan,70,Chimbas,70042,Chimbas,70042010,17863.31
2018,San Juan,70,Chimbas,70042,Chimbas,70042010,978.3
2018,San Juan,70,Chimbas,70042,Chimbas,70042010,155134.67
2018,San Juan,70,Iglesia,70049,Angualasto,70049010,56.6
2018,San Juan,70,Iglesia,70049,Las Flores,70049040,128.4
2018,San Juan,70,9 de Julio,70063,Alto de Sierra,70063010,1978.4
2018,San Juan,70,9 de Julio,70063,Las Chacritas,70063030,345.8
2018,San Juan,70,9 de Julio,70063,Las Chacritas,70063030,11351.4
2018,San Juan,70,9 de Julio,70063,Las Chacritas,70063030,89980.35
2018,San Juan,70,9 de Julio,70063,9 de Julio,70063040,268994.12
2018,San Juan,70,9 de Julio,70063,La Majadita,70063A00,51452.59
2018,San Juan,70,9 de Julio,70063,Rincón Cercado,70063A02,24110.52
2018,San Juan,70,Pocito,70070,Carpintería,70070020,210819.65
2018,San Juan,70,Pocito,70070,Las Piedritas,70070025,984.4
2018,San Juan,70,Pocito,70070,Quinto Cuartel,70070030,5777.4
2018,San Juan,70,Pocito,70070,La Rinconada,70070040,100868.29
2018,San Juan,70,Pocito,70070,Villa Aberastain,70070040,6093.9
2018,San Juan,70,Pocito,70070,Villa Aberastain,70070040,28569.2
2018,San Juan,70,Pocito,70070,Villa Aberastain,70070040,86945.44
2018,San Juan,70,Pocito,70070,Villa Nacusi,70070050,47.4
2018,San Juan,70,Pocito,70070,Villa Nacusi,70070050,10610.4
2018,San Juan,70,Pocito,70070,Villa Nacusi,70070050,1252.6
2018,San Juan,70,Rawson,70077,El Medanito,70077010,28019.28
2018,San Juan,70,Rawson,70077,Rawson,70077010,4535
2018,San Juan,70,Rawson,70077,Rawson,70077010,491
2018,San Juan,70,Rawson,70077,Rawson,70077010,2663.7
2018,San Juan,70,Rawson,70077,Rawson,70077010,75946.26
2018,San Juan,70,Rawson,70077,Colonia Médano de Oro,70077A00,85311.52
2018,San Juan,70,Rawson,70077,Colonia Rodas,70077A02,8243.7
2018,San Juan,70,Rawson,70077,Colonia Rodas,70077A02,4099.6
2018,San Juan,70,Rivadavia,70084,Rivadavia,70084010,7962.5
2018,San Juan,70,Rivadavia,70084,Rivadavia,70084010,8399.1
2018,San Juan,70,Rivadavia,70084,Rivadavia,70084010,9448.61
2018,San Juan,70,San Martín,70091,Dos Acequias,70091020,183611.5
2018,San Juan,70,San Martín,70091,San Isidro,70091030,97251.41
2018,San Juan,70,San Martín,70091,Villa Dominguito,70091050,452.2
2018,San Juan,70,San Martín,70091,Villa San Martín,70091070,171451.58
2018,San Juan,70,San Martín,70091,Villa San Martín,70091070,572.2
2018,San Juan,70,San Martín,70091,Coll,70091A00,725.6
2018,San Juan,70,San Martín,70091,Los Compartos,70091A01,15038.8
2018,San Juan,70,San Martín,70091,Los Compartos,70091A01,32661.9
2018,San Juan,70,San Martín,70091,Los Compartos,70091A01,183389.4
2018,San Juan,70,San Martín,70091,Villa Lugano,70091A02,7229.6
2018,San Juan,70,San Martín,70091,Villa Lugano,70091A02,16465.6
2018,San Juan,70,Santa Lucía,70098,Colonia Gutiérrez,70098010,27859.78
2018,San Juan,70,Santa Lucía,70098,Santa Lucía,70098010,75294.16
2018,San Juan,70,Santa Lucía,70098,Colonia Gutiérrez,70098010,81596.62
2018,San Juan,70,Santa Lucía,70098,Colonia Gutiérrez,70098010,5570.4
2018,San Juan,70,Santa Lucía,70098,Santa Lucía,70098010,9960.1
2018,San Juan,70,Santa Lucía,70098,Santa Lucía,70098010,8786.8
2018,San Juan,70,Santa Lucía,70098,Santa Lucía,70098010,16556.8
2018,San Juan,70,Santa Lucía,70098,Santa Lucía,70098010,12682
2018,San Juan,70,Sarmiento,70105,Cañada Honda,70105010,58141.9
2018,San Juan,70,Sarmiento,70105,Colonia Fiscal,70105030,226149.01
2018,San Juan,70,Sarmiento,70105,Guanacache,70105050,3758.8
2018,San Juan,70,Sarmiento,70105,Las Lagunas,70105060,95690.5
2018,San Juan,70,Sarmiento,70105,Los Berros,70105070,103.7
2018,San Juan,70,Sarmiento,70105,Los Berros,70105070,5109.8
2018,San Juan,70,Sarmiento,70105,Pedernal,70105080,34028.78
2018,San Juan,70,Sarmiento,70105,Punta del Médano,70105090,48665.4
2018,San Juan,70,Sarmiento,70105,Villa Media Agua,70105100,71272.1
2018,San Juan,70,Sarmiento,70105,Villa Media Agua,70105100,228152.63
2018,San Juan,70,Sarmiento,70105,Cochagual,70105A01,441153.62
2018,San Juan,70,Sarmiento,70105,San Carlos,70105A07,21920.4
2018,San Juan,70,Sarmiento,70105,Tres Esquinas,70105A08,59242.43
2018,San Juan,70,Ullum,70112,Villa Ibáñez,70112010,2814.9
2018,San Juan,70,Ullum,70112,Villa Ibáñez,70112010,153435.41
2018,San Juan,70,Ullum,70112,La Banderita,70112A04,1657
2018,San Juan,70,25 de Mayo,70126,Tupelí,70126020,68215.41
2018,San Juan,70,25 de Mayo,70126,Tupelí,70126020,9348.2
2018,San Juan,70,25 de Mayo,70126,Villa Borjas - La Chimbera,70126030,121295.85
2018,San Juan,70,25 de Mayo,70126,Villa Santa Rosa,70126050,327816.24
2018,San Juan,70,25 de Mayo,70126,Villa Santa Rosa,70126050,98626.39
2018,San Juan,70,25 de Mayo,70126,Villa Santa Rosa,70126050,22499.96
2018,San Juan,70,25 de Mayo,70126,Villa Santa Rosa,70126050,284928.22
2018,San Juan,70,25 de Mayo,70126,Villa Santa Rosa,70126050,1762.6
2018,San Juan,70,25 de Mayo,70126,Algarrobo Verde,70126A00,6866.2
2018,San Juan,70,25 de Mayo,70126,Cuatro Esquinas,70126A04,3065.5
2018,San Juan,70,25 de Mayo,70126,Las Casuarinas,70126A06,324301.44
2018,San Juan,70,25 de Mayo,70126,Punta del Médano,70126A09,24857
2018,San Juan,70,Zonda,70133,Villa Basilio Nievas,70133010,45412.14
2018,San Juan,70,Zonda,70133,Villa Basilio Nievas,70133010,29852.02
2018,San Juan,70,Zonda,70133,Villa Basilio Nievas,70133010,46944.7
2018,San Juan,70,Zonda,70133,Villa Basilio Nievas,70133010,1853.8
2018,San Luis,74,Ayacucho,74007,Candelaria,74007010,570.17
2018,San Luis,74,Belgrano,74014,Nogolí,74014020,139.46
2018,San Luis,74,Junín,74049,Santa Rosa del Conlara,74049070,507
2018,San Luis,74,Juan Martín de Pueyrredón,74056,Beazley,74056040,2180
2018,Tucumán,90,Tafí del Valle,90098,Amaicha del Valle,90098010,26.59
2018,Tucumán,90,Tafí del Valle,90098,Amaicha del Valle,90098010,193.89
2018,Tucumán,90,Tafí del Valle,90098,Colalao del Valle,90098020,2392.39
2018,Tucumán,90,Tafí del Valle,90098,El Bañado,90098A12,81
2018,Tucumán,90,Tafí del Valle,90098,El Paso,90098A18,1195.25
2018,Tucumán,90,Tafí del Valle,90098,Quilmes,90098A48,3.08
2019,Buenos Aires,06,Balcarce,06063,Balcarce,06063010,115.45
2019,Buenos Aires,06,Coronel Suárez,06203,Coronel Suárez,06203020,19
2019,Buenos Aires,06,General Pueyrredón,06357,Chapadmalal,06357080,461.73
2019,Buenos Aires,06,Saavedra,06700,Pigüé,06700060,293.65
2019,Buenos Aires,06,Tornquist,06819,Saldungaray,06819020,407.56
2019,Buenos Aires,06,Tornquist,06819,Villa Ventana,06819070,76.8
2019,Buenos Aires,06,Villarino,06875,Médanos,06875060,485.53
2019,Catamarca,10,Belén,10035,Hualfín,10035070,13906.48
2019,Catamarca,10,Belén,10035,Los Nacimientos,10035120,220
2019,Catamarca,10,Belén,10035,Puerta de Corral Quemado,10035130,660.3
2019,Catamarca,10,Belén,10035,San Fernando,10035A42,136
2019,Catamarca,10,Pomán,10084,San Miguel,10084090,235.6
2019,Catamarca,10,Pomán,10084,Siján,10084110,781.6
2019,Catamarca,10,Santa María,10091,Andalhualá,10091010,115
2019,Catamarca,10,Santa María,10091,Lampacito,10091030,353.6
2019,Catamarca,10,Santa María,10091,Chañar Punco,10091030,40841.6
2019,Catamarca,10,Santa María,10091,Lampacito,10091030,5318.5
2019,Catamarca,10,Santa María,10091,Famatanca,10091070,46.5
2019,Catamarca,10,Santa María,10091,Fuerte Quemado,10091080,5853
2019,Catamarca,10,Santa María,10091,La Loma,10091100,62.8
2019,Catamarca,10,Santa María,10091,Las Mojarras,10091110,2230.63
2019,Catamarca,10,Santa María,10091,El Cerrito,10091110,102.2
2019,Catamarca,10,Santa María,10091,Loro Huasi,10091120,81.2
2019,Catamarca,10,Santa María,10091,Punta de Balasto,10091130,64
2019,Catamarca,10,Santa María,10091,San José,10091140,437.2
2019,Catamarca,10,Santa María,10091,Santa María,10091150,7156
2019,Catamarca,10,Santa María,10091,Santa María,10091150,10702.14
2019,Catamarca,10,Santa María,10091,Yapes,10091160,8.6
2019,Catamarca,10,Tinogasta,10105,Anillaco,10105010,860.1
2019,Catamarca,10,Tinogasta,10105,Copacabana,10105050,6872.86
2019,Catamarca,10,Tinogasta,10105,El Puesto,10105090,1803.7
2019,Catamarca,10,Tinogasta,10105,Fiambalá,10105110,3576.04
2019,Catamarca,10,Tinogasta,10105,Medanitos,10105130,27443.97
2019,Catamarca,10,Tinogasta,10105,Tinogasta,10105180,2496.9
2019,Catamarca,10,Tinogasta,10105,Tinogasta,10105180,5631.96
2019,Catamarca,10,Tinogasta,10105,Tinogasta,10105180,14454.91
2019,Catamarca,10,Tinogasta,10105,San José Norte,10105A27,9415.5
2019,Córdoba,14,Calamuchita,14007,San Agustín,14007180,118.08
2019,Córdoba,14,Calamuchita,14007,Villa Ciudad Parque Los Reartes,14007270,420.91
2019,Córdoba,14,Calamuchita,14007,Villa General Belgrano,14007310,30
2019,Córdoba,14,Calamuchita,14007,Atos Pampa,14007A01,174.29
2019,Córdoba,14,Colón,14021,Colonia Caroya,14021050,5985.02
2019,Córdoba,14,Colón,14021,Colonia Vicente Agüero,14021070,355.8
2019,Córdoba,14,Cruz del Eje,14028,Cruz del Eje,14028050,48.4
2019,Córdoba,14,Cruz del Eje,14028,Las Playas,14028130,186
2019,Córdoba,14,Cruz del Eje,14028,San Marcos Sierra,14028170,52.05
2019,Córdoba,14,Ischilín,14049,Quilino,14049100,492.85
2019,Córdoba,14,Ischilín,14049,Ischilín,14049A07,570.3
2019,Córdoba,14,San Alberto,14126,Las Calles,14126050,27.4
2019,Córdoba,14,San Javier,14133,Las Chacras,14133095,25
2019,Córdoba,14,San Javier,14133,Las Tapias,14133100,16
2019,Córdoba,14,San Javier,14133,Luyaba,14133150,8
2019,Córdoba,14,San Javier,14133,San Javier y Yacanto,14133170,53
2019,Córdoba,14,San Javier,14133,San Javier y Yacanto,14133170,132
2019,Córdoba,14,San Javier,14133,Villa de las Rosas,14133190,4
2019,Córdoba,14,Santa María,14147,Potrero de Garay,14147230,149.5
2019,Córdoba,14,Tulumba,14175,San Pedro Norte,14175100,63.97
2019,Chubut,26,Cushamen,26014,Cushamen Centro,26014030,80
2019,Chubut,26,Cushamen,26014,El Hoyo,26014040,25.2
2019,Chubut,26,Cushamen,26014,Lago Puelo,26014090,38.82
2019,Chubut,26,Futaleufú,26035,Trevelín,26035060,41.1
2019,Chubut,26,Sarmiento,26091,Sarmiento,26091020,1031.88
2019,Entre Ríos,30,Colón,30008,Colón,30008020,159.96
2019,Entre Ríos,30,Concordia,30015,La Criolla,30015090,1155.6
2019,Entre Ríos,30,Diamante,30021,Colonia Ensayo,30021070,234.67
2019,Entre Ríos,30,Diamante,30021,Estación Puiggari,30021150,94.5
2019,Entre Ríos,30,Gualeguaychú,30056,Gualeguaychú,30056070,3
2019,Entre Ríos,30,Uruguay,30098,Concepción del Uruguay,30098040,4
2019,Jujuy,38,El Carmen,38014,Monterrico,38014070,124.9
2019,Jujuy,38,Tilcara,38094,Colonia San José,38094010,112.46
2019,Jujuy,38,Tilcara,38094,Huacalera,38094020,141.45
2019,Jujuy,38,Tilcara,38094,Maimará,38094040,363
2019,Jujuy,38,Tilcara,38094,Tilcara,38094050,40.61
2019,Jujuy,38,Tumbaya,38098,Purmamarca,38098030,162.59
2019,La Pampa,42,Curacó,42042,Gobernador Duval,42042010,301.5
2019,La Pampa,42,Puelén,42112,25 de Mayo,42112020,16856.2
2019,La Rioja,46,Castro Barros,46021,Aminga,46021010,24707
2019,La Rioja,46,Castro Barros,46021,Anillaco,46021020,5988.51
2019,La Rioja,46,General Felipe Varela,46028,Santa Clara,46028020,1199.7
2019,La Rioja,46,General Felipe Varela,46028,Guandacol,46028020,28041.8
2019,La Rioja,46,General Felipe Varela,46028,Los Palacios,46028030,4814.4
2019,La Rioja,46,General Felipe Varela,46028,Pagancillo,46028040,2215.4
2019,La Rioja,46,General Felipe Varela,46028,Villa Unión,46028050,14181.2
2019,La Rioja,46,General Felipe Varela,46028,Banda Florida,46028050,1539.1
2019,La Rioja,46,General Felipe Varela,46028,Paso San Isidro,46028A14,398
2019,La Rioja,46,General Felipe Varela,46028,Paso San Isidro,46028A14,175.3
2019,La Rioja,46,Chilecito,46042,Chilecito,46042010,449.1
2019,La Rioja,46,Chilecito,46042,Anguinán,46042010,105837.17
2019,La Rioja,46,Chilecito,46042,San Miguel,46042010,161.4
2019,La Rioja,46,Chilecito,46042,Los Sarmientos,46042010,113.6
2019,La Rioja,46,Chilecito,46042,Colonia Catinzaco,46042030,7198.5
2019,La Rioja,46,Chilecito,46042,Guanchín,46042060,705.8
2019,La Rioja,46,Chilecito,46042,Malligasta,46042070,92825.5
2019,La Rioja,46,Chilecito,46042,Miranda,46042080,49.2
2019,La Rioja,46,Chilecito,46042,Nonogasta,46042090,149429.76
2019,La Rioja,46,Chilecito,46042,San Nicolás,46042100,4461.6
2019,La Rioja,46,Chilecito,46042,Sañogasta,46042120,2098.8
2019,La Rioja,46,Chilecito,46042,Tilimuqui,46042130,60993.6
2019,La Rioja,46,Chilecito,46042,Vichigasta,46042140,153488.43
2019,La Rioja,46,Famatina,46049,Angulos,46049020,4614
2019,La Rioja,46,Famatina,46049,Antinaco,46049030,2512.6
2019,La Rioja,46,Famatina,46049,Chañarmuyo,46049060,9294.32
2019,La Rioja,46,Famatina,46049,Famatina,46049070,17.6
2019,La Rioja,46,Famatina,46049,Famatina,46049070,808.8
2019,La Rioja,46,Famatina,46049,Famatina,46049070,9274.68
2019,La Rioja,46,Famatina,46049,Pituil,46049090,7693.1
2019,La Rioja,46,Famatina,46049,Plaza Vieja,46049100,1592.8
2019,La Rioja,46,General Lamadrid,46077,Villa Castelli,46077010,624.7
2019,La Rioja,46,General Lamadrid,46077,Villa Castelli,46077010,10047.8
2019,La Rioja,46,Vinchina,46098,Villa San José de Vinchina,46098020,2863.2
2019,La Rioja,46,San Blas de Los Sauces,46119,Chaupihuasi,46119010,513.2
2019,La Rioja,46,San Blas de Los Sauces,46119,San Blas,46119010,628.6
2019,La Rioja,46,San Blas de Los Sauces,46119,Shaqui,46119010,2912.8
2019,La Rioja,46,San Blas de Los Sauces,46119,Alpasinche,46119010,1124.7
2019,La Rioja,46,Sanagasta,46126,Villa Sanagasta,46126010,133
2019,La Rioja,46,Sanagasta,46126,Huaco,46126A02,1199
2019,Mendoza,50,General Alvear,50014,Bowen,50014010,56052.5
2019,Mendoza,50,General Alvear,50014,Bowen,50014010,2274.6
2019,Mendoza,50,General Alvear,50014,Carmensa,50014020,17667.2
2019,Mendoza,50,General Alvear,50014,General Alvear,50014030,10001.1
2019,Mendoza,50,General Alvear,50014,General Alvear,50014030,1374.2
2019,Mendoza,50,General Alvear,50014,General Alvear,50014030,6726.54
2019,Mendoza,50,General Alvear,50014,General Alvear,50014030,15902.7
2019,Mendoza,50,General Alvear,50014,General Alvear,50014030,9005.54
2019,Mendoza,50,General Alvear,50014,Los Compartos,50014040,15979.4
2019,Mendoza,50,General Alvear,50014,Colonia San Pedro del Atuel,50014A04,136.4
2019,Mendoza,50,General Alvear,50014,El Ceibo,50014A08,1253.8
2019,Mendoza,50,General Alvear,50014,El Ceibo,50014A08,3363.5
2019,Mendoza,50,General Alvear,50014,La California,50014A12,1745.65
2019,Mendoza,50,General Alvear,50014,La Escandinava,50014A14,3626.8
2019,Mendoza,50,General Alvear,50014,La Marsolina,50014A16,21139.79
2019,Mendoza,50,General Alvear,50014,La Montilla,50014A17,284.4
2019,Mendoza,50,General Alvear,50014,Los Campamentos,50014A19,2998
2019,Mendoza,50,General Alvear,50014,Poste de Fierro,50014A24,7453.76
2019,Mendoza,50,Guaymallén,50028,Colonia Segovia,50028010,19844
2019,Mendoza,50,Guaymallén,50028,El Sauce,50028020,9831.73
2019,Mendoza,50,Guaymallén,50028,Rodeo de la Cruz,50028020,3789.05
2019,Mendoza,50,Guaymallén,50028,Bermejo,50028020,9377.5
2019,Mendoza,50,Guaymallén,50028,Villa Nueva,50028020,3030
2019,Mendoza,50,Guaymallén,50028,Dorrego,50028020,3406.65
2019,Mendoza,50,Guaymallén,50028,Buena Nueva,50028020,4479.6
2019,Mendoza,50,Guaymallén,50028,San Francisco del Monte,50028020,120
2019,Mendoza,50,Guaymallén,50028,La Primavera,50028030,4559
2019,Mendoza,50,Guaymallén,50028,La Primavera,50028030,106.6
2019,Mendoza,50,Guaymallén,50028,La Primavera,50028030,2560.5
2019,Mendoza,50,Guaymallén,50028,Los Corralitos,50028040,9769.97
2019,Mendoza,50,Junín,50035,Ingeniero Giagnoni,50035010,2454.4
2019,Mendoza,50,Junín,50035,Junín,50035020,17450.98
2019,Mendoza,50,Junín,50035,Junín,50035020,3209.1
2019,Mendoza,50,Junín,50035,Junín,50035020,3168.3
2019,Mendoza,50,Junín,50035,Junín,50035020,148397.3
2019,Mendoza,50,Junín,50035,La Colonia,50035030,133347.52
2019,Mendoza,50,Junín,50035,Los Barriales,50035040,4369.2
2019,Mendoza,50,Junín,50035,Los Barriales,50035040,1323.8
2019,Mendoza,50,Junín,50035,Los Barriales,50035040,196079.11
2019,Mendoza,50,Junín,50035,Medrano,50035050,1688.8
2019,Mendoza,50,Junín,50035,Medrano,50035050,5426.1
2019,Mendoza,50,Junín,50035,Medrano,50035050,206168.48
2019,Mendoza,50,Junín,50035,Phillips,50035060,1155
2019,Mendoza,50,Junín,50035,Phillips,50035060,283292.53
2019,Mendoza,50,Junín,50035,Rodríguez Peña,50035070,142512.17
2019,Mendoza,50,Junín,50035,Algarrobo Grande,50035A00,257483.83
2019,Mendoza,50,Junín,50035,Algarrobo Grande,50035A00,15150.06
2019,Mendoza,50,Junín,50035,Algarrobo Grande,50035A00,15126.7
2019,Mendoza,50,Junín,50035,Alto Verde,50035A01,142008.8
2019,Mendoza,50,Junín,50035,Alto Verde,50035A01,39873
2019,Mendoza,50,Junín,50035,Tres Esquinas,50035A02,839.6
2019,Mendoza,50,La Paz,50042,La Paz,50042020,2744.02
2019,Mendoza,50,La Paz,50042,La Paz,50042020,757.6
2019,Mendoza,50,La Paz,50042,Villa Antigua,50042030,832.6
2019,Mendoza,50,La Paz,50042,Las Chacritas,50042A07,1896.6
2019,Mendoza,50,Las Heras,50049,Jocolí,50049030,9601.6
2019,Mendoza,50,Las Heras,50049,El Algarrobal,50049050,49774.49
2019,Mendoza,50,Las Heras,50049,Las Heras,50049050,4217.6
2019,Mendoza,50,Las Heras,50049,Panquehuá,50049050,2592
2019,Mendoza,50,Las Heras,50049,El Borbollón,50049050,25472.5
2019,Mendoza,50,Las Heras,50049,El Challao,50049050,115.6
2019,Mendoza,50,Las Heras,50049,Capdevila,50049050,52229.06
2019,Mendoza,50,Las Heras,50049,El Plumerillo,50049050,3946.4
2019,Mendoza,50,Las Heras,50049,Las Heras,50049050,1027
2019,Mendoza,50,Las Heras,50049,Polvaredas,50049080,628
2019,Mendoza,50,Las Heras,50049,Uspallata,50049110,128.8
2019,Mendoza,50,Las Heras,50049,El Pastal,50049A04,1495
2019,Mendoza,50,Las Heras,50049,El Pastal,50049A04,28191.5
2019,Mendoza,50,Lavalle,50056,Barrio Alto del Olvido,50056010,4575.4
2019,Mendoza,50,Lavalle,50056,Barrio La Palmera,50056030,63236.5
2019,Mendoza,50,Lavalle,50056,Barrio La Pega,50056040,51867
2019,Mendoza,50,Lavalle,50056,Costa de Araujo,50056080,589559.26
2019,Mendoza,50,Lavalle,50056,Costa de Araujo,50056080,1164.2
2019,Mendoza,50,Lavalle,50056,Costa de Araujo,50056080,921.8
2019,Mendoza,50,Lavalle,50056,El Paramillo,50056090,42075.9
2019,Mendoza,50,Lavalle,50056,El Vergel,50056100,234.8
2019,Mendoza,50,Lavalle,50056,El Vergel,50056100,30930.29
2019,Mendoza,50,Lavalle,50056,Ingeniero Gustavo André,50056110,371015.89
2019,Mendoza,50,Lavalle,50056,Ingeniero Gustavo André,50056110,377.6
2019,Mendoza,50,Lavalle,50056,Jocolí,50056120,162068.43
2019,Mendoza,50,Lavalle,50056,Jocolí Viejo,50056130,35325.3
2019,Mendoza,50,Lavalle,50056,Las Violetas,50056140,15610.65
2019,Mendoza,50,Lavalle,50056,3 de Mayo,50056150,110173.06
2019,Mendoza,50,Lavalle,50056,3 de Mayo,50056150,11679.6
2019,Mendoza,50,Lavalle,50056,Villa Tulumaya,50056160,67379.9
2019,Mendoza,50,Lavalle,50056,Villa Tulumaya,50056160,3777.4
2019,Mendoza,50,Lavalle,50056,El Carmen,50056A05,17709.4
2019,Mendoza,50,Lavalle,50056,El Chilcal,50056A06,33653
2019,Mendoza,50,Lavalle,50056,El Chilcal,50056A06,727.2
2019,Mendoza,50,Lavalle,50056,El Plumero,50056A09,1065.6
2019,Mendoza,50,Lavalle,50056,El Plumero,50056A09,80764.8
2019,Mendoza,50,Lavalle,50056,El Retiro,50056A12,10842.6
2019,Mendoza,50,Lavalle,50056,La Asunción,50056A15,6727.2
2019,Mendoza,50,Lavalle,50056,La Holanda,50056A17,14554.4
2019,Mendoza,50,Lavalle,50056,Resurrección,50056A23,131
2019,Mendoza,50,Lavalle,50056,San Francisco,50056A24,20611.62
2019,Mendoza,50,Luján de Cuyo,50063,Agrelo,50063010,536758.04
2019,Mendoza,50,Luján de Cuyo,50063,El Carrizal,50063050,268749.64
2019,Mendoza,50,Luján de Cuyo,50063,Las Compuertas,50063070,27008.79
2019,Mendoza,50,Luján de Cuyo,50063,Vistalba,50063090,23451.1
2019,Mendoza,50,Luján de Cuyo,50063,Mayor Drummond,50063090,25016.3
2019,Mendoza,50,Luján de Cuyo,50063,Carrodilla,50063090,6092.28
2019,Mendoza,50,Luján de Cuyo,50063,Luján de Cuyo,50063090,7966.87
2019,Mendoza,50,Luján de Cuyo,50063,Chacras de Coria,50063090,5148.75
2019,Mendoza,50,Luján de Cuyo,50063,Perdriel,50063100,43.82
2019,Mendoza,50,Luján de Cuyo,50063,Perdriel,50063100,106785.91
2019,Mendoza,50,Luján de Cuyo,50063,Potrerillos,50063110,110.8
2019,Mendoza,50,Luján de Cuyo,50063,Ugarteche,50063120,413915.38
2019,Mendoza,50,Luján de Cuyo,50063,Anchoris,50063A01,9906.23
2019,Mendoza,50,Luján de Cuyo,50063,Baños Lunlunta,50063A02,2357.87
2019,Mendoza,50,Luján de Cuyo,50063,Industrial,50063A03,842.4
2019,Mendoza,50,Maipú,50070,Barrancas,50070010,414.4
2019,Mendoza,50,Maipú,50070,Barrancas,50070010,382751.81
2019,Mendoza,50,Maipú,50070,Barrio Jesús de Nazaret,50070020,644.4
2019,Mendoza,50,Maipú,50070,Cruz de Piedra,50070030,44615.93
2019,Mendoza,50,Maipú,50070,Cruz de Piedra,50070030,58000.88
2019,Mendoza,50,Maipú,50070,El Pedregal,50070040,4415.1
2019,Mendoza,50,Maipú,50070,Fray Luis Beltrán,50070050,39553.18
2019,Mendoza,50,Maipú,50070,Fray Luis Beltrán,50070050,34320.5
2019,Mendoza,50,Maipú,50070,Fray Luis Beltrán,50070050,564411.2
2019,Mendoza,50,Maipú,50070,General Gutiérrez,50070060,2381.8
2019,Mendoza,50,Maipú,50070,Coquimbito,50070060,30864.67
2019,Mendoza,50,Maipú,50070,Maipú,50070060,1827.72
2019,Mendoza,50,Maipú,50070,Rodeo del Medio,50070070,94535.88
2019,Mendoza,50,Maipú,50070,Rodeo del Medio,50070070,11269.8
2019,Mendoza,50,Maipú,50070,Rodeo del Medio,50070070,462.8
2019,Mendoza,50,Maipú,50070,Rodeo del Medio,50070070,837.3
2019,Mendoza,50,Maipú,50070,Russell,50070080,42257.49
2019,Mendoza,50,Maipú,50070,San Roque,50070090,34851.41
2019,Mendoza,50,Maipú,50070,San Roque,50070090,69914.78
2019,Mendoza,50,Maipú,50070,El Paraíso,50070A01,16439.2
2019,Mendoza,50,Maipú,50070,Los Álamos,50070A02,12513.3
2019,Mendoza,50,Rivadavia,50084,Andrade,50084010,127413.58
2019,Mendoza,50,Rivadavia,50084,El Mirador,50084040,225505.47
2019,Mendoza,50,Rivadavia,50084,El Mirador,50084040,13161.1
2019,Mendoza,50,Rivadavia,50084,La Central,50084050,333050.4
2019,Mendoza,50,Rivadavia,50084,La Libertad,50084080,141896.77
2019,Mendoza,50,Rivadavia,50084,Los Árboles,50084090,81488.37
2019,Mendoza,50,Rivadavia,50084,Los Campamentos,50084100,488311.7
2019,Mendoza,50,Rivadavia,50084,Los Campamentos,50084100,793.4
2019,Mendoza,50,Rivadavia,50084,Medrano,50084110,61950.15
2019,Mendoza,50,Rivadavia,50084,Mundo Nuevo,50084120,17027.43
2019,Mendoza,50,Rivadavia,50084,Reducción de Abajo,50084130,90879.6
2019,Mendoza,50,Rivadavia,50084,Rivadavia,50084140,103973.02
2019,Mendoza,50,Rivadavia,50084,Santa María de Oro,50084150,81906.1
2019,Mendoza,50,San Carlos,50091,Barrio El Cepillo,50091010,33786.88
2019,Mendoza,50,San Carlos,50091,Chilecito,50091020,48890.85
2019,Mendoza,50,San Carlos,50091,Eugenio Bustos,50091030,208584.11
2019,Mendoza,50,San Carlos,50091,La Consulta,50091040,358967.24
2019,Mendoza,50,San Carlos,50091,La Consulta,50091040,3949.2
2019,Mendoza,50,San Carlos,50091,La Consulta,50091040,825.4
2019,Mendoza,50,San Carlos,50091,Pareditas,50091050,18041.4
2019,Mendoza,50,San Carlos,50091,San Carlos,50091060,6406.3
2019,Mendoza,50,San Carlos,50091,San Carlos,50091060,34136.83
2019,Mendoza,50,San Carlos,50091,Casas Viejas,50091A01,9179.9
2019,Mendoza,50,San Carlos,50091,El Capacho,50091A03,1907.2
2019,Mendoza,50,San Carlos,50091,Tres Esquinas,50091A17,1483.9
2019,Mendoza,50,San Martín,50098,Alto Verde,50098020,414809.82
2019,Mendoza,50,San Martín,50098,Chapanay,50098060,650821.2
2019,Mendoza,50,San Martín,50098,Chivilcoy,50098070,91623.2
2019,Mendoza,50,San Martín,50098,El Espino,50098073,59231.12
2019,Mendoza,50,San Martín,50098,El Ramblón,50098077,81262.8
2019,Mendoza,50,San Martín,50098,El Ramblón,50098077,217705.2
2019,Mendoza,50,San Martín,50098,Montecaseros,50098080,966089.81
2019,Mendoza,50,San Martín,50098,Nueva California,50098090,392489.4
2019,Mendoza,50,San Martín,50098,San Martín,50098100,10882.8
2019,Mendoza,50,San Martín,50098,Palmira,50098100,203528.22
2019,Mendoza,50,San Martín,50098,San Martín,50098100,109402.63
2019,Mendoza,50,San Martín,50098,Tres Porteñas,50098110,278112.51
2019,Mendoza,50,San Martín,50098,Alto Chapanay,50098A00,11519.7
2019,Mendoza,50,San Martín,50098,Alto Salvador,50098A01,207661.49
2019,Mendoza,50,San Martín,50098,Buen Orden,50098A03,92503.4
2019,Mendoza,50,San Martín,50098,El Central,50098A06,230011
2019,Mendoza,50,San Martín,50098,El Divisadero,50098A07,154630.1
2019,Mendoza,50,San Martín,50098,Las Chimbas,50098A09,44019.5
2019,Mendoza,50,San Rafael,50105,Barrio Campos El Toledano,50105010,991.8
2019,Mendoza,50,San Rafael,50105,Capitán Montoya,50105050,1757.3
2019,Mendoza,50,San Rafael,50105,Cuadro Benegas,50105060,45570.57
2019,Mendoza,50,San Rafael,50105,El Tropezón,50105090,782
2019,Mendoza,50,San Rafael,50105,Goudge,50105100,43357.35
2019,Mendoza,50,San Rafael,50105,Jaime Prats,50105110,25428.6
2019,Mendoza,50,San Rafael,50105,Jaime Prats,50105110,27
2019,Mendoza,50,San Rafael,50105,La Llave Nueva,50105120,16544.92
2019,Mendoza,50,San Rafael,50105,La Llave Nueva,50105120,180.2
2019,Mendoza,50,San Rafael,50105,Las Malvinas,50105130,653.4
2019,Mendoza,50,San Rafael,50105,Monte Comán,50105150,3742
2019,Mendoza,50,San Rafael,50105,Rama Caída,50105180,41499.9
2019,Mendoza,50,San Rafael,50105,Rama Caída,50105180,2922.8
2019,Mendoza,50,San Rafael,50105,Real del Padre,50105190,117745.91
2019,Mendoza,50,San Rafael,50105,Salto de las Rosas,50105200,3585.2
2019,Mendoza,50,San Rafael,50105,San Rafael,50105210,5443.82
2019,Mendoza,50,San Rafael,50105,Cuadro Nacional,50105210,71128.15
2019,Mendoza,50,San Rafael,50105,San Rafael,50105210,706.6
2019,Mendoza,50,San Rafael,50105,Cuadro Nacional,50105210,5128.5
2019,Mendoza,50,San Rafael,50105,25 de Mayo,50105220,2871.38
2019,Mendoza,50,San Rafael,50105,Villa Atuel,50105230,39047.8
2019,Mendoza,50,San Rafael,50105,Villa Atuel,50105230,32030.15
2019,Mendoza,50,San Rafael,50105,Villa Atuel,50105230,2635.6
2019,Mendoza,50,San Rafael,50105,Cañada Seca,50105A04,430.8
2019,Mendoza,50,San Rafael,50105,Cañada Seca,50105A04,157426.07
2019,Mendoza,50,San Rafael,50105,Colonia Bombal y Tabanera,50105A06,8317.82
2019,Mendoza,50,San Rafael,50105,Colonia Colomer,50105A07,365
2019,Mendoza,50,San Rafael,50105,Colonia El Usillal,50105A08,8602.5
2019,Mendoza,50,San Rafael,50105,Colonia Elena,50105A09,6647.4
2019,Mendoza,50,San Rafael,50105,Colonia Española,50105A10,924
2019,Mendoza,50,San Rafael,50105,Colonia Gelman,50105A11,783.8
2019,Mendoza,50,San Rafael,50105,Colonia Jáuregui,50105A12,985.6
2019,Mendoza,50,San Rafael,50105,Colonia López,50105A13,16704.61
2019,Mendoza,50,San Rafael,50105,El Cerrito,50105A22,8686.7
2019,Mendoza,50,San Rafael,50105,La Guevarina,50105A32,3912
2019,Mendoza,50,San Rafael,50105,La Llave Vieja,50105A35,1323.6
2019,Mendoza,50,San Rafael,50105,Las Paredes,50105A44,1024.6
2019,Mendoza,50,San Rafael,50105,Las Paredes,50105A44,71917.81
2019,Mendoza,50,San Rafael,50105,Los Claveles,50105A46,480.4
2019,Mendoza,50,San Rafael,50105,Los Sifones,50105A51,91.2
2019,Mendoza,50,San Rafael,50105,Rincón del Atuel,50105A60,309.4
2019,Mendoza,50,San Rafael,50105,Soitué,50105A64,2639.9
2019,Mendoza,50,Santa Rosa,50112,Barrio 12 de Octubre,50112010,89729.28
2019,Mendoza,50,Santa Rosa,50112,Barrio 12 de Octubre,50112010,70030.85
2019,Mendoza,50,Santa Rosa,50112,Barrio Molina Cabrera,50112030,2151.4
2019,Mendoza,50,Santa Rosa,50112,La Dormida,50112040,98615.55
2019,Mendoza,50,Santa Rosa,50112,La Dormida,50112040,30476.2
2019,Mendoza,50,Santa Rosa,50112,Las Catitas,50112050,107522.69
2019,Mendoza,50,Santa Rosa,50112,Santa Rosa,50112060,280962.65
2019,Mendoza,50,Santa Rosa,50112,Santa Rosa,50112060,71964.9
2019,Mendoza,50,Santa Rosa,50112,Santa Rosa,50112060,13230.1
2019,Mendoza,50,Santa Rosa,50112,Gobernador Civit,50112A05,4222
2019,Mendoza,50,Santa Rosa,50112,Los Yoles,50112A10,4688
2019,Mendoza,50,Tunuyán,50119,Campo Los Andes,50119020,20678.43
2019,Mendoza,50,Tunuyán,50119,Colonia Las Rosas,50119030,2876.66
2019,Mendoza,50,Tunuyán,50119,El Manzano,50119040,162.33
2019,Mendoza,50,Tunuyán,50119,Los Sauces,50119050,109488.75
2019,Mendoza,50,Tunuyán,50119,Tunuyán,50119060,220.2
2019,Mendoza,50,Tunuyán,50119,Tunuyán,50119060,18275.38
2019,Mendoza,50,Tunuyán,50119,Tunuyán,50119060,99809.54
2019,Mendoza,50,Tunuyán,50119,Vista Flores,50119070,206635.3
2019,Mendoza,50,Tunuyán,50119,El Totoral,50119A02,14146.88
2019,Mendoza,50,Tunuyán,50119,El Totoral,50119A02,78783.61
2019,Mendoza,50,Tunuyán,50119,La Primavera,50119A04,17806.48
2019,Mendoza,50,Tunuyán,50119,Las Pintadas,50119A07,49070.52
2019,Mendoza,50,Tunuyán,50119,Los Árboles,50119A08,193650.92
2019,Mendoza,50,Tunuyán,50119,Los Árboles,50119A08,10538.6
2019,Mendoza,50,Tunuyán,50119,Los Chacales,50119A09,82726.99
2019,Mendoza,50,Tunuyán,50119,Villa Seca,50119A14,124579.88
2019,Mendoza,50,Tupungato,50126,Cordón del Plata,50126020,64155.6
2019,Mendoza,50,Tupungato,50126,Cordón del Plata,50126020,247872.9
2019,Mendoza,50,Tupungato,50126,Cordón del Plata,50126020,7296.91
2019,Mendoza,50,Tupungato,50126,El Peral,50126030,81951.66
2019,Mendoza,50,Tupungato,50126,El Zampal,50126035,139534.53
2019,Mendoza,50,Tupungato,50126,La Arboleda,50126040,198818.26
2019,Mendoza,50,Tupungato,50126,San José,50126050,31059.76
2019,Mendoza,50,Tupungato,50126,Tupungato,50126060,33.4
2019,Mendoza,50,Tupungato,50126,Tupungato,50126060,16631.06
2019,Mendoza,50,Tupungato,50126,Villa Bastias,50126060,40193.72
2019,Mendoza,50,Tupungato,50126,Tupungato,50126060,59251.47
2019,Mendoza,50,Tupungato,50126,Anchoris,50126A01,43311.74
2019,Mendoza,50,Tupungato,50126,Gualtallary,50126A05,217740.37
2019,Mendoza,50,Tupungato,50126,Zapata,50126A12,7877.2
2019,Neuquén,58,Añelo,58014,Añelo,58014010,3126
2019,Neuquén,58,Añelo,58014,San Patricio del Chañar,58014020,126173.21
2019,Neuquén,58,Confluencia,58035,Centenario,58035030,116
2019,Neuquén,58,Confluencia,58035,Cutral Có,58035040,179
2019,Neuquén,58,Confluencia,58035,Mari Menuco,58035060,2412.35
2019,Neuquén,58,Confluencia,58035,Plottier,58035100,47.5
2019,Neuquén,58,Confluencia,58035,Senillosa,58035110,690.24
2019,Neuquén,58,Lácar,58056,San Martín de los Andes,58056010,45
2019,Neuquén,58,Picún Leufú,58098,Picún Leufú,58098020,156
2019,Río Negro,62,Adolfo Alsina,62007,San Javier,62007080,1597.18
2019,Río Negro,62,Adolfo Alsina,62007,Viedma,62007090,765.21
2019,Río Negro,62,Avellaneda,62014,Darwin,62014060,3601.6
2019,Río Negro,62,Avellaneda,62014,Luis Beltrán,62014080,545.8
2019,Río Negro,62,Avellaneda,62014,Pomona,62014090,3519.22
2019,Río Negro,62,Bariloche,62021,El Bolsón,62021030,6
2019,Río Negro,62,El Cuy,62035,El Cuy,62035030,716.95
2019,Río Negro,62,El Cuy,62035,Valle Azul,62035080,3271.3
2019,Río Negro,62,General Roca,62042,Allen,62042010,5366.66
2019,Río Negro,62,General Roca,62042,Barrio Guerrico,62042160,306.74
2019,Río Negro,62,General Roca,62042,Cervantes,62042370,732.83
2019,Río Negro,62,General Roca,62042,Cipolletti,62042400,519
2019,Río Negro,62,General Roca,62042,General Enrique Godoy,62042430,1344.8
2019,Río Negro,62,General Roca,62042,General Fernández Oro,62042440,3272.11
2019,Río Negro,62,General Roca,62042,General Roca,62042450,10635.51
2019,Río Negro,62,General Roca,62042,General Roca,62042450,1111.8
2019,Río Negro,62,General Roca,62042,Ingeniero Luis A. Huergo,62042460,3690.46
2019,Río Negro,62,General Roca,62042,Mainqué,62042480,14882.31
2019,Río Negro,62,General Roca,62042,Villa Alberdi,62042530,18.8
2019,Río Negro,62,General Roca,62042,Villa Manzano,62042550,2146.06
2019,Río Negro,62,General Roca,62042,Villa Regina,62042560,186.4
2019,Salta,66,Cachi,66014,Cachi,66014010,1660.69
2019,Salta,66,Cachi,66014,Payogasta,66014020,3725.3
2019,Salta,66,Cafayate,66021,Cafayate,66021010,5399.7
2019,Salta,66,Cafayate,66021,Cafayate,66021010,222196.22
2019,Salta,66,Cafayate,66021,Cafayate,66021010,4618.75
2019,Salta,66,Cafayate,66021,Tolombón,66021020,36858.38
2019,Salta,66,Cafayate,66021,Chuscha,66021A01,93.4
2019,Salta,66,Cafayate,66021,Yacochuya Norte,66021A05,7919.3
2019,Salta,66,La Viña,66098,Las Curtiembres,66098A08,117.49
2019,Salta,66,Molinos,66119,Molinos,66119020,2334.71
2019,Salta,66,Molinos,66119,Seclantás,66119030,93
2019,Salta,66,Molinos,66119,Colomé,66119A06,4139.9
2019,Salta,66,Molinos,66119,Colomé,66119A06,292.33
2019,Salta,66,Molinos,66119,Luracatao,66119A10,363.7
2019,Salta,66,San Carlos,66154,Angastaco,66154010,4690.2
2019,Salta,66,San Carlos,66154,Animaná,66154020,47500.57
2019,Salta,66,San Carlos,66154,San Carlos,66154040,5239.8
2019,Salta,66,San Carlos,66154,Corralito,66154A01,470.8
2019,Salta,66,San Carlos,66154,Santa Rosa,66154A26,185
2019,San Juan,70,Albardón,70007,El Rincón,70007010,122974.17
2019,San Juan,70,Albardón,70007,El Rincón,70007010,10412.35
2019,San Juan,70,Albardón,70007,Villa General San Martín - Campo Afuera,70007020,1640.2
2019,San Juan,70,Albardón,70007,Villa General San Martín - Campo Afuera,70007020,15639.62
2019,San Juan,70,Albardón,70007,Villa General San Martín - Campo Afuera,70007020,3944.6
2019,San Juan,70,Albardón,70007,Villa General San Martín - Campo Afuera,70007020,15174.52
2019,San Juan,70,Albardón,70007,Villa General San Martín - Campo Afuera,70007020,36692.41
2019,San Juan,70,Albardón,70007,Baños La Laja,70007A02,703.8
2019,San Juan,70,Albardón,70007,El Salado,70007A03,12935
2019,San Juan,70,Albardón,70007,Las Tapias,70007A04,15637.3
2019,San Juan,70,Albardón,70007,Las Tapias,70007A04,902
2019,San Juan,70,Angaco,70014,Las Tapias,70014010,70441.8
2019,San Juan,70,Angaco,70014,Las Tapias,70014010,1067.2
2019,San Juan,70,Angaco,70014,Villa El Salvador,70014020,93384.32
2019,San Juan,70,Angaco,70014,Villa El Salvador,70014020,21582.7
2019,San Juan,70,Angaco,70014,Villa El Salvador,70014020,24610.42
2019,San Juan,70,Angaco,70014,Villa Sefair,70014020,61000.28
2019,San Juan,70,Angaco,70014,El Alamito,70014A01,7078.2
2019,San Juan,70,Angaco,70014,El Bosque,70014A02,44027.75
2019,San Juan,70,Angaco,70014,Punta del Monte,70014A05,75179.21
2019,San Juan,70,Calingasta,70021,Barreal - Villa Pituil,70021010,1193.23
2019,San Juan,70,Calingasta,70021,Calingasta,70021020,148
2019,San Juan,70,Calingasta,70021,Tamberías,70021030,7352.8
2019,San Juan,70,Calingasta,70021,Hilario,70021A10,1750.4
2019,San Juan,70,Calingasta,70021,Sorocayense,70021A30,3051.97
2019,San Juan,70,Calingasta,70021,Villa Corral,70021A31,1745.4
2019,San Juan,70,Caucete,70035,Caucete,70035020,1731.4
2019,San Juan,70,Caucete,70035,Caucete,70035020,414303.75
2019,San Juan,70,Caucete,70035,Caucete,70035020,262
2019,San Juan,70,Caucete,70035,Caucete,70035020,4610.5
2019,San Juan,70,Caucete,70035,Caucete,70035020,70
2019,San Juan,70,Caucete,70035,Caucete,70035020,134.4
2019,San Juan,70,Caucete,70035,El Rincón,70035030,104613.47
2019,San Juan,70,Caucete,70035,Las Talas - Los Médanos,70035040,49192.65
2019,San Juan,70,Caucete,70035,Pie de Palo,70035060,28274.27
2019,San Juan,70,Caucete,70035,Villa Independencia,70035080,126859.02
2019,San Juan,70,Caucete,70035,La Puntilla,70035A02,237515.26
2019,San Juan,70,Caucete,70035,Pozo de los Algarrobos,70035A07,215740.76
2019,San Juan,70,Chimbas,70042,Chimbas,70042010,11284.53
2019,San Juan,70,Chimbas,70042,Chimbas,70042010,133129.23
2019,San Juan,70,Iglesia,70049,Las Flores,70049040,123.2
2019,San Juan,70,9 de Julio,70063,Alto de Sierra,70063010,8152.5
2019,San Juan,70,9 de Julio,70063,Las Chacritas,70063030,90.6
2019,San Juan,70,9 de Julio,70063,Las Chacritas,70063030,89276.51
2019,San Juan,70,9 de Julio,70063,Las Chacritas,70063030,7076.9
2019,San Juan,70,9 de Julio,70063,9 de Julio,70063040,237912.43
2019,San Juan,70,9 de Julio,70063,La Majadita,70063A00,40819.32
2019,San Juan,70,9 de Julio,70063,Rincón Cercado,70063A02,20520.2
2019,San Juan,70,Pocito,70070,Carpintería,70070020,227667.56
2019,San Juan,70,Pocito,70070,Las Piedritas,70070025,1360.4
2019,San Juan,70,Pocito,70070,Quinto Cuartel,70070030,3669.6
2019,San Juan,70,Pocito,70070,La Rinconada,70070040,82770.75
2019,San Juan,70,Pocito,70070,Villa Aberastain,70070040,4840.8
2019,San Juan,70,Pocito,70070,Villa Aberastain,70070040,74690.27
2019,San Juan,70,Pocito,70070,Villa Aberastain,70070040,23111.22
2019,San Juan,70,Pocito,70070,Villa Nacusi,70070050,125.4
2019,San Juan,70,Pocito,70070,Villa Nacusi,70070050,7871.41
2019,San Juan,70,Pocito,70070,Villa Nacusi,70070050,1120.2
2019,San Juan,70,Rawson,70077,Rawson,70077010,94071.93
2019,San Juan,70,Rawson,70077,Rawson,70077010,4150.2
2019,San Juan,70,Rawson,70077,Rawson,70077010,2125.7
2019,San Juan,70,Rawson,70077,El Medanito,70077010,22202.75
2019,San Juan,70,Rawson,70077,Rawson,70077010,136.8
2019,San Juan,70,Rawson,70077,Colonia Médano de Oro,70077A00,97616.86
2019,San Juan,70,Rawson,70077,Colonia Rodas,70077A02,8474.7
2019,San Juan,70,Rawson,70077,Colonia Rodas,70077A02,15287.6
2019,San Juan,70,Rivadavia,70084,Rivadavia,70084010,5303.4
2019,San Juan,70,Rivadavia,70084,Rivadavia,70084010,9543.6
2019,San Juan,70,Rivadavia,70084,Rivadavia,70084010,8717.9
2019,San Juan,70,San Martín,70091,Dos Acequias,70091020,165155.49
2019,San Juan,70,San Martín,70091,San Isidro,70091030,101823.1
2019,San Juan,70,San Martín,70091,Villa San Martín,70091070,179290.6
2019,San Juan,70,San Martín,70091,Coll,70091A00,224.6
2019,San Juan,70,San Martín,70091,Los Compartos,70091A01,31612.2
2019,San Juan,70,San Martín,70091,Los Compartos,70091A01,167656.28
2019,San Juan,70,San Martín,70091,Los Compartos,70091A01,13583
2019,San Juan,70,San Martín,70091,Villa Lugano,70091A02,5362.7
2019,San Juan,70,San Martín,70091,Villa Lugano,70091A02,14025.6
2019,San Juan,70,Santa Lucía,70098,Santa Lucía,70098010,15145.1
2019,San Juan,70,Santa Lucía,70098,Santa Lucía,70098010,67587.91
2019,San Juan,70,Santa Lucía,70098,Santa Lucía,70098010,9425.3
2019,San Juan,70,Santa Lucía,70098,Colonia Gutiérrez,70098010,67412.09
2019,San Juan,70,Santa Lucía,70098,Santa Lucía,70098010,9819.12
2019,San Juan,70,Santa Lucía,70098,Colonia Gutiérrez,70098010,5349.29
2019,San Juan,70,Santa Lucía,70098,Colonia Gutiérrez,70098010,26565.54
2019,San Juan,70,Santa Lucía,70098,Santa Lucía,70098010,12321.9
2019,San Juan,70,Sarmiento,70105,Cañada Honda,70105010,67341.6
2019,San Juan,70,Sarmiento,70105,Colonia Fiscal,70105030,189138.48
2019,San Juan,70,Sarmiento,70105,Guanacache,70105050,3141.9
2019,San Juan,70,Sarmiento,70105,Las Lagunas,70105060,83545.04
2019,San Juan,70,Sarmiento,70105,Los Berros,70105070,3318.2
2019,San Juan,70,Sarmiento,70105,Los Berros,70105070,271.3
2019,San Juan,70,Sarmiento,70105,Pedernal,70105080,54403.84
2019,San Juan,70,Sarmiento,70105,Punta del Médano,70105090,49504.26
2019,San Juan,70,Sarmiento,70105,Villa Media Agua,70105100,72442.74
2019,San Juan,70,Sarmiento,70105,Villa Media Agua,70105100,225083.83
2019,San Juan,70,Sarmiento,70105,Cochagual,70105A01,423369.78
2019,San Juan,70,Sarmiento,70105,San Carlos,70105A07,16742.5
2019,San Juan,70,Sarmiento,70105,Tres Esquinas,70105A08,51494.85
2019,San Juan,70,Ullum,70112,Villa Ibáñez,70112010,122701.17
2019,San Juan,70,Ullum,70112,Villa Ibáñez,70112010,3262.65
2019,San Juan,70,Ullum,70112,La Banderita,70112A04,1640.8
2019,San Juan,70,25 de Mayo,70126,Tupelí,70126020,23846.45
2019,San Juan,70,25 de Mayo,70126,Tupelí,70126020,58159
2019,San Juan,70,25 de Mayo,70126,Villa Borjas - La Chimbera,70126030,129054.54
2019,San Juan,70,25 de Mayo,70126,Villa Santa Rosa,70126050,72245.42
2019,San Juan,70,25 de Mayo,70126,Villa Santa Rosa,70126050,244060.66
2019,San Juan,70,25 de Mayo,70126,Villa Santa Rosa,70126050,14015.7
2019,San Juan,70,25 de Mayo,70126,Villa Santa Rosa,70126050,255683.28
2019,San Juan,70,25 de Mayo,70126,Villa Santa Rosa,70126050,12968.55
2019,San Juan,70,25 de Mayo,70126,Algarrobo Verde,70126A00,8983.8
2019,San Juan,70,25 de Mayo,70126,Cuatro Esquinas,70126A04,2860.7
2019,San Juan,70,25 de Mayo,70126,Las Casuarinas,70126A06,349535.24
2019,San Juan,70,25 de Mayo,70126,Punta del Médano,70126A09,23075.56
2019,San Juan,70,Zonda,70133,Villa Basilio Nievas,70133010,324.2
2019,San Juan,70,Zonda,70133,Villa Basilio Nievas,70133010,18620.98
2019,San Juan,70,Zonda,70133,Villa Basilio Nievas,70133010,40734.82
2019,San Juan,70,Zonda,70133,Villa Basilio Nievas,70133010,42670.8
2019,San Juan,70,Zonda,70133,Villa Basilio Nievas,70133010,1386.8
2019,San Luis,74,Ayacucho,74007,Candelaria,74007010,207.88
2019,San Luis,74,Belgrano,74014,Nogolí,74014020,148.06
2019,San Luis,74,Coronel Pringles,74021,Río Grande,74021080,6.2
2019,San Luis,74,Junín,74049,Santa Rosa del Conlara,74049070,224.5
2019,San Luis,74,Juan Martín de Pueyrredón,74056,Beazley,74056040,1318.7
2019,Tucumán,90,Tafí del Valle,90098,Amaicha del Valle,90098010,247.3
2019,Tucumán,90,Tafí del Valle,90098,Amaicha del Valle,90098010,8.37
2019,Tucumán,90,Tafí del Valle,90098,Colalao del Valle,90098020,2907.17
2019,Tucumán,90,Tafí del Valle,90098,El Bañado,90098A12,85
2019,Tucumán,90,Tafí del Valle,90098,El Paso,90098A18,1079.44
2019,Tucumán,90,Tafí del Valle,90098,Quilmes,90098A48,16.36
2020,Buenos Aires,06,Balcarce,06063,Balcarce,06063010,384.46
2020,Buenos Aires,06,General Pueyrredón,06357,Chapadmalal,06357080,1574.38
2020,Buenos Aires,06,La Matanza,06427,Villa Luzuriaga,06427010,212
2020,Buenos Aires,06,Saavedra,06700,Pigüé,06700060,330.7
2020,Buenos Aires,06,Tornquist,06819,Saldungaray,06819020,244.9
2020,Buenos Aires,06,Tornquist,06819,Villa Ventana,06819070,86.28
2020,Buenos Aires,06,Villarino,06875,Médanos,06875060,606.49
2020,Catamarca,10,Belén,10035,Hualfín,10035070,6367.9
2020,Catamarca,10,Belén,10035,San Fernando,10035A42,73.7
2020,Catamarca,10,Pomán,10084,Siján,10084110,257.7
2020,Catamarca,10,Santa María,10091,Andalhualá,10091010,178.8
2020,Catamarca,10,Santa María,10091,Chañar Punco,10091030,28637.7
2020,Catamarca,10,Santa María,10091,Lampacito,10091030,190.55
2020,Catamarca,10,Santa María,10091,Lampacito,10091030,3869.76
2020,Catamarca,10,Santa María,10091,Famatanca,10091070,242.5
2020,Catamarca,10,Santa María,10091,Fuerte Quemado,10091080,3689.6
2020,Catamarca,10,Santa María,10091,La Loma,10091100,15.2
2020,Catamarca,10,Santa María,10091,Las Mojarras,10091110,1322.73
2020,Catamarca,10,Santa María,10091,El Cerrito,10091110,75.4
2020,Catamarca,10,Santa María,10091,Loro Huasi,10091120,92.2
2020,Catamarca,10,Santa María,10091,Punta de Balasto,10091130,38.4
2020,Catamarca,10,Santa María,10091,San José,10091140,576.4
2020,Catamarca,10,Santa María,10091,Santa María,10091150,7136.85
2020,Catamarca,10,Santa María,10091,Santa María,10091150,5762.2
2020,Catamarca,10,Tinogasta,10105,Anillaco,10105010,210.8
2020,Catamarca,10,Tinogasta,10105,Copacabana,10105050,4077.02
2020,Catamarca,10,Tinogasta,10105,El Puesto,10105090,2000.5
2020,Catamarca,10,Tinogasta,10105,Fiambalá,10105110,1265.66
2020,Catamarca,10,Tinogasta,10105,Medanitos,10105130,12597.56
2020,Catamarca,10,Tinogasta,10105,Tinogasta,10105180,9379.64
2020,Catamarca,10,Tinogasta,10105,Tinogasta,10105180,656.4
2020,Catamarca,10,Tinogasta,10105,Tinogasta,10105180,3051
2020,Catamarca,10,Tinogasta,10105,San José Norte,10105A27,4967.8
2020,Córdoba,14,Calamuchita,14007,San Agustín,14007180,132.54
2020,Córdoba,14,Calamuchita,14007,Villa Ciudad Parque Los Reartes,14007270,319.44
2020,Córdoba,14,Calamuchita,14007,Villa General Belgrano,14007310,25.5
2020,Córdoba,14,Calamuchita,14007,Atos Pampa,14007A01,109.7
2020,Córdoba,14,Colón,14021,Colonia Caroya,14021050,6266.89
2020,Córdoba,14,Colón,14021,Colonia Vicente Agüero,14021070,349.1
2020,Córdoba,14,Cruz del Eje,14028,Las Playas,14028130,44.4
2020,Córdoba,14,Cruz del Eje,14028,San Marcos Sierra,14028170,32
2020,Córdoba,14,Ischilín,14049,Quilino,14049100,599.04
2020,Córdoba,14,Ischilín,14049,Ischilín,14049A07,342.97
2020,Córdoba,14,San Alberto,14126,Las Calles,14126050,27.8
2020,Córdoba,14,San Javier,14133,Las Chacras,14133095,48
2020,Córdoba,14,San Javier,14133,Las Tapias,14133100,46.26
2020,Córdoba,14,San Javier,14133,Luyaba,14133150,10
2020,Córdoba,14,San Javier,14133,San Javier y Yacanto,14133170,113
2020,Córdoba,14,San Javier,14133,San Javier y Yacanto,14133170,19.5
2020,Córdoba,14,San Javier,14133,Villa de las Rosas,14133190,12
2020,Córdoba,14,Santa María,14147,Potrero de Garay,14147230,214.58
2020,Córdoba,14,Tulumba,14175,San Pedro Norte,14175100,106.2
2020,Chubut,26,Cushamen,26014,El Hoyo,26014040,135.15
2020,Chubut,26,Futaleufú,26035,Trevelín,26035060,28.93
2020,Chubut,26,Paso de Indios,26070,Los Altares,26070020,17.1
2020,Chubut,26,Sarmiento,26091,Sarmiento,26091020,1086.33
2020,Entre Ríos,30,Colón,30008,Arroyo Barú,30008010,30
2020,Entre Ríos,30,Colón,30008,Colón,30008020,58.9
2020,Entre Ríos,30,Colón,30008,Colonia San Anselmo,30008A13,103.2
2020,Entre Ríos,30,Concordia,30015,La Criolla,30015090,1009.89
2020,Entre Ríos,30,Diamante,30021,Colonia Ensayo,30021070,288.1
2020,Entre Ríos,30,Gualeguaychú,30056,Gualeguaychú,30056070,133.13
2020,Entre Ríos,30,Paraná,30084,La Picada,30084120,5
2020,Entre Ríos,30,Victoria,30105,Laguna del Pescado,30105A11,7.5
2020,Jujuy,38,El Carmen,38014,Monterrico,38014070,207.43
2020,Jujuy,38,Dr. Manuel Belgrano,38021,Guerrero,38021010,14.04
2020,Jujuy,38,San Antonio,38056,El Ceibal,38056010,45.07
2020,Jujuy,38,Tilcara,38094,Colonia San José,38094010,140
2020,Jujuy,38,Tilcara,38094,Huacalera,38094020,125.09
2020,Jujuy,38,Tilcara,38094,Maimará,38094040,477
2020,Jujuy,38,Tilcara,38094,Tilcara,38094050,83.3
2020,Jujuy,38,Tumbaya,38098,Purmamarca,38098030,187
2020,La Pampa,42,Curacó,42042,Gobernador Duval,42042010,419
2020,La Pampa,42,Puelén,42112,25 de Mayo,42112020,22300.37
2020,La Rioja,46,Castro Barros,46021,Aminga,46021010,22677.3
2020,La Rioja,46,Castro Barros,46021,Anillaco,46021020,6098.62
2020,La Rioja,46,General Felipe Varela,46028,Santa Clara,46028020,766.3
2020,La Rioja,46,General Felipe Varela,46028,Guandacol,46028020,31635.9
2020,La Rioja,46,General Felipe Varela,46028,Los Palacios,46028030,3123.3
2020,La Rioja,46,General Felipe Varela,46028,Pagancillo,46028040,1896.1
2020,La Rioja,46,General Felipe Varela,46028,Villa Unión,46028050,9305.4
2020,La Rioja,46,General Felipe Varela,46028,Banda Florida,46028050,928.2
2020,La Rioja,46,General Felipe Varela,46028,Paso San Isidro,46028A14,264.4
2020,La Rioja,46,General Felipe Varela,46028,Paso San Isidro,46028A14,28.9
2020,La Rioja,46,Chilecito,46042,Los Sarmientos,46042010,98
2020,La Rioja,46,Chilecito,46042,San Miguel,46042010,102.2
2020,La Rioja,46,Chilecito,46042,Anguinán,46042010,77778.75
2020,La Rioja,46,Chilecito,46042,Chilecito,46042010,384.5
2020,La Rioja,46,Chilecito,46042,Colonia Catinzaco,46042030,5243.2
2020,La Rioja,46,Chilecito,46042,Guanchín,46042060,372.8
2020,La Rioja,46,Chilecito,46042,Malligasta,46042070,93171.82
2020,La Rioja,46,Chilecito,46042,Miranda,46042080,42.8
2020,La Rioja,46,Chilecito,46042,Nonogasta,46042090,90601.6
2020,La Rioja,46,Chilecito,46042,San Nicolás,46042100,2964.7
2020,La Rioja,46,Chilecito,46042,Sañogasta,46042120,1366.8
2020,La Rioja,46,Chilecito,46042,Tilimuqui,46042130,58354.82
2020,La Rioja,46,Chilecito,46042,Vichigasta,46042140,134492.3
2020,La Rioja,46,Famatina,46049,Angulos,46049020,2031.3
2020,La Rioja,46,Famatina,46049,Chañarmuyo,46049060,5165.77
2020,La Rioja,46,Famatina,46049,Famatina,46049070,24.2
2020,La Rioja,46,Famatina,46049,Famatina,46049070,6764.5
2020,La Rioja,46,Famatina,46049,Famatina,46049070,864.9
2020,La Rioja,46,Famatina,46049,Pituil,46049090,5086
2020,La Rioja,46,Famatina,46049,Plaza Vieja,46049100,1491.6
2020,La Rioja,46,General Lamadrid,46077,Villa Castelli,46077010,344
2020,La Rioja,46,General Lamadrid,46077,Villa Castelli,46077010,6891.7
2020,La Rioja,46,Vinchina,46098,Villa San José de Vinchina,46098020,2046.3
2020,La Rioja,46,San Blas de Los Sauces,46119,Shaqui,46119010,4135.28
2020,La Rioja,46,San Blas de Los Sauces,46119,Alpasinche,46119010,825.4
2020,La Rioja,46,San Blas de Los Sauces,46119,Chaupihuasi,46119010,94.8
2020,La Rioja,46,Sanagasta,46126,Villa Sanagasta,46126010,17
2020,La Rioja,46,Sanagasta,46126,Huaco,46126A02,586.6
2020,Mendoza,50,Capital,50007,Mendoza,50007010,200
2020,Mendoza,50,General Alvear,50014,Bowen,50014010,1457.1
2020,Mendoza,50,General Alvear,50014,Bowen,50014010,58325.99
2020,Mendoza,50,General Alvear,50014,Carmensa,50014020,11614
2020,Mendoza,50,General Alvear,50014,Carmensa,50014020,227.6
2020,Mendoza,50,General Alvear,50014,General Alvear,50014030,10403.93
2020,Mendoza,50,General Alvear,50014,General Alvear,50014030,14352.3
2020,Mendoza,50,General Alvear,50014,General Alvear,50014030,6810.56
2020,Mendoza,50,General Alvear,50014,General Alvear,50014030,11810.22
2020,Mendoza,50,General Alvear,50014,General Alvear,50014030,1106.9
2020,Mendoza,50,General Alvear,50014,Los Compartos,50014040,25734.5
2020,Mendoza,50,General Alvear,50014,El Ceibo,50014A08,1320.4
2020,Mendoza,50,General Alvear,50014,El Ceibo,50014A08,5245.4
2020,Mendoza,50,General Alvear,50014,La California,50014A12,3240.73
2020,Mendoza,50,General Alvear,50014,La Escandinava,50014A14,7107.5
2020,Mendoza,50,General Alvear,50014,La Marsolina,50014A16,23083.27
2020,Mendoza,50,General Alvear,50014,La Montilla,50014A17,458.6
2020,Mendoza,50,General Alvear,50014,Los Campamentos,50014A19,6654.3
2020,Mendoza,50,General Alvear,50014,Poste de Fierro,50014A24,8745.04
2020,Mendoza,50,Guaymallén,50028,Colonia Segovia,50028010,12389.4
2020,Mendoza,50,Guaymallén,50028,El Sauce,50028020,6941.44
2020,Mendoza,50,Guaymallén,50028,Villa Nueva,50028020,869.8
2020,Mendoza,50,Guaymallén,50028,San Francisco del Monte,50028020,97
2020,Mendoza,50,Guaymallén,50028,Rodeo de la Cruz,50028020,2320.6
2020,Mendoza,50,Guaymallén,50028,Bermejo,50028020,5253.3
2020,Mendoza,50,Guaymallén,50028,Buena Nueva,50028020,2195.6
2020,Mendoza,50,Guaymallén,50028,Dorrego,50028020,2754.4
2020,Mendoza,50,Guaymallén,50028,La Primavera,50028030,3337
2020,Mendoza,50,Guaymallén,50028,La Primavera,50028030,50.2
2020,Mendoza,50,Guaymallén,50028,La Primavera,50028030,1650.72
2020,Mendoza,50,Guaymallén,50028,Los Corralitos,50028040,5659.1
2020,Mendoza,50,Junín,50035,Ingeniero Giagnoni,50035010,3385.8
2020,Mendoza,50,Junín,50035,Junín,50035020,19372.3
2020,Mendoza,50,Junín,50035,Junín,50035020,136339.86
2020,Mendoza,50,Junín,50035,Junín,50035020,3205.4
2020,Mendoza,50,Junín,50035,Junín,50035020,2432.7
2020,Mendoza,50,Junín,50035,La Colonia,50035030,127885.06
2020,Mendoza,50,Junín,50035,Los Barriales,50035040,175423.43
2020,Mendoza,50,Junín,50035,Los Barriales,50035040,3364.2
2020,Mendoza,50,Junín,50035,Los Barriales,50035040,1602
2020,Mendoza,50,Junín,50035,Medrano,50035050,5447.6
2020,Mendoza,50,Junín,50035,Medrano,50035050,1636.8
2020,Mendoza,50,Junín,50035,Medrano,50035050,217325.77
2020,Mendoza,50,Junín,50035,Phillips,50035060,521.7
2020,Mendoza,50,Junín,50035,Phillips,50035060,228450.53
2020,Mendoza,50,Junín,50035,Rodríguez Peña,50035070,130068.9
2020,Mendoza,50,Junín,50035,Algarrobo Grande,50035A00,11431.6
2020,Mendoza,50,Junín,50035,Algarrobo Grande,50035A00,6216.2
2020,Mendoza,50,Junín,50035,Algarrobo Grande,50035A00,198785.02
2020,Mendoza,50,Junín,50035,Alto Verde,50035A01,99833.4
2020,Mendoza,50,Junín,50035,Alto Verde,50035A01,30428.57
2020,Mendoza,50,Junín,50035,Tres Esquinas,50035A02,327.2
2020,Mendoza,50,La Paz,50042,La Paz,50042020,3454.96
2020,Mendoza,50,La Paz,50042,La Paz,50042020,1081.6
2020,Mendoza,50,La Paz,50042,Villa Antigua,50042030,1856.6
2020,Mendoza,50,La Paz,50042,Las Chacritas,50042A07,840.4
2020,Mendoza,50,Las Heras,50049,Jocolí,50049030,6279
2020,Mendoza,50,Las Heras,50049,Las Heras,50049050,595
2020,Mendoza,50,Las Heras,50049,Panquehuá,50049050,1375.4
2020,Mendoza,50,Las Heras,50049,El Challao,50049050,182.26
2020,Mendoza,50,Las Heras,50049,El Algarrobal,50049050,39083.22
2020,Mendoza,50,Las Heras,50049,El Plumerillo,50049050,2336.2
2020,Mendoza,50,Las Heras,50049,Capdevila,50049050,39763.55
2020,Mendoza,50,Las Heras,50049,El Borbollón,50049050,17821.3
2020,Mendoza,50,Las Heras,50049,Las Heras,50049050,4714.8
2020,Mendoza,50,Las Heras,50049,Polvaredas,50049080,472
2020,Mendoza,50,Las Heras,50049,Uspallata,50049110,119.29
2020,Mendoza,50,Las Heras,50049,El Pastal,50049A04,20257
2020,Mendoza,50,Las Heras,50049,El Pastal,50049A04,1033.2
2020,Mendoza,50,Lavalle,50056,Barrio Alto del Olvido,50056010,3209.2
2020,Mendoza,50,Lavalle,50056,Barrio La Palmera,50056030,49692.4
2020,Mendoza,50,Lavalle,50056,Barrio La Pega,50056040,34414.08
2020,Mendoza,50,Lavalle,50056,Costa de Araujo,50056080,772
2020,Mendoza,50,Lavalle,50056,Costa de Araujo,50056080,476842.33
2020,Mendoza,50,Lavalle,50056,Costa de Araujo,50056080,995.8
2020,Mendoza,50,Lavalle,50056,El Paramillo,50056090,32132.4
2020,Mendoza,50,Lavalle,50056,El Vergel,50056100,362
2020,Mendoza,50,Lavalle,50056,El Vergel,50056100,22922.4
2020,Mendoza,50,Lavalle,50056,Ingeniero Gustavo André,50056110,311163.98
2020,Mendoza,50,Lavalle,50056,Jocolí,50056120,106262.35
2020,Mendoza,50,Lavalle,50056,Jocolí Viejo,50056130,23340.6
2020,Mendoza,50,Lavalle,50056,Las Violetas,50056140,9739.29
2020,Mendoza,50,Lavalle,50056,3 de Mayo,50056150,9964.95
2020,Mendoza,50,Lavalle,50056,3 de Mayo,50056150,78407.96
2020,Mendoza,50,Lavalle,50056,Villa Tulumaya,50056160,47978.3
2020,Mendoza,50,Lavalle,50056,Villa Tulumaya,50056160,3458
2020,Mendoza,50,Lavalle,50056,El Carmen,50056A05,14655
2020,Mendoza,50,Lavalle,50056,El Chilcal,50056A06,25361.6
2020,Mendoza,50,Lavalle,50056,El Chilcal,50056A06,152.2
2020,Mendoza,50,Lavalle,50056,El Plumero,50056A09,52643.3
2020,Mendoza,50,Lavalle,50056,El Plumero,50056A09,655.2
2020,Mendoza,50,Lavalle,50056,El Retiro,50056A12,8459.6
2020,Mendoza,50,Lavalle,50056,La Asunción,50056A15,4967.8
2020,Mendoza,50,Lavalle,50056,La Holanda,50056A17,12227
2020,Mendoza,50,Lavalle,50056,Resurrección,50056A23,40
2020,Mendoza,50,Lavalle,50056,San Francisco,50056A24,20598.6
2020,Mendoza,50,Lavalle,50056,San José,50056A26,164.4
2020,Mendoza,50,Luján de Cuyo,50063,Agrelo,50063010,457901.79
2020,Mendoza,50,Luján de Cuyo,50063,El Carrizal,50063050,202755.73
2020,Mendoza,50,Luján de Cuyo,50063,Las Compuertas,50063070,27368.14
2020,Mendoza,50,Luján de Cuyo,50063,Carrodilla,50063090,3709.4
2020,Mendoza,50,Luján de Cuyo,50063,Luján de Cuyo,50063090,7794.29
2020,Mendoza,50,Luján de Cuyo,50063,Mayor Drummond,50063090,22401.41
2020,Mendoza,50,Luján de Cuyo,50063,Chacras de Coria,50063090,3781.29
2020,Mendoza,50,Luján de Cuyo,50063,Vistalba,50063090,23619.97
2020,Mendoza,50,Luján de Cuyo,50063,Perdriel,50063100,93253.64
2020,Mendoza,50,Luján de Cuyo,50063,Potrerillos,50063110,248.5
2020,Mendoza,50,Luján de Cuyo,50063,Ugarteche,50063120,351470.87
2020,Mendoza,50,Luján de Cuyo,50063,Anchoris,50063A01,8689.29
2020,Mendoza,50,Luján de Cuyo,50063,Baños Lunlunta,50063A02,2172.56
2020,Mendoza,50,Luján de Cuyo,50063,Industrial,50063A03,951.8
2020,Mendoza,50,Maipú,50070,Barrancas,50070010,323
2020,Mendoza,50,Maipú,50070,Barrancas,50070010,283253.16
2020,Mendoza,50,Maipú,50070,Barrio Jesús de Nazaret,50070020,408.2
2020,Mendoza,50,Maipú,50070,Cruz de Piedra,50070030,46540.73
2020,Mendoza,50,Maipú,50070,Cruz de Piedra,50070030,43097.21
2020,Mendoza,50,Maipú,50070,El Pedregal,50070040,3698.3
2020,Mendoza,50,Maipú,50070,Fray Luis Beltrán,50070050,27936.4
2020,Mendoza,50,Maipú,50070,Fray Luis Beltrán,50070050,29407.58
2020,Mendoza,50,Maipú,50070,Fray Luis Beltrán,50070050,445573.55
2020,Mendoza,50,Maipú,50070,Coquimbito,50070060,25778.16
2020,Mendoza,50,Maipú,50070,Maipú,50070060,1595.44
2020,Mendoza,50,Maipú,50070,General Gutiérrez,50070060,2100.6
2020,Mendoza,50,Maipú,50070,Rodeo del Medio,50070070,370.4
2020,Mendoza,50,Maipú,50070,Rodeo del Medio,50070070,67833.32
2020,Mendoza,50,Maipú,50070,Rodeo del Medio,50070070,976.6
2020,Mendoza,50,Maipú,50070,Rodeo del Medio,50070070,7941.3
2020,Mendoza,50,Maipú,50070,Russell,50070080,34514.5
2020,Mendoza,50,Maipú,50070,San Roque,50070090,29265.15
2020,Mendoza,50,Maipú,50070,San Roque,50070090,52211.28
2020,Mendoza,50,Maipú,50070,El Paraíso,50070A01,15273.9
2020,Mendoza,50,Maipú,50070,Los Álamos,50070A02,7548.5
2020,Mendoza,50,Rivadavia,50084,Andrade,50084010,114589.05
2020,Mendoza,50,Rivadavia,50084,El Mirador,50084040,198188
2020,Mendoza,50,Rivadavia,50084,El Mirador,50084040,10057.8
2020,Mendoza,50,Rivadavia,50084,La Central,50084050,268869.98
2020,Mendoza,50,Rivadavia,50084,La Libertad,50084080,110323.2
2020,Mendoza,50,Rivadavia,50084,Los Árboles,50084090,71391.51
2020,Mendoza,50,Rivadavia,50084,Los Campamentos,50084100,378585.51
2020,Mendoza,50,Rivadavia,50084,Medrano,50084110,71092.85
2020,Mendoza,50,Rivadavia,50084,Mundo Nuevo,50084120,13894.92
2020,Mendoza,50,Rivadavia,50084,Reducción de Abajo,50084130,77093.8
2020,Mendoza,50,Rivadavia,50084,Rivadavia,50084140,81449.84
2020,Mendoza,50,Rivadavia,50084,Santa María de Oro,50084150,71618.11
2020,Mendoza,50,San Carlos,50091,Barrio El Cepillo,50091010,35375.09
2020,Mendoza,50,San Carlos,50091,Chilecito,50091020,35359.27
2020,Mendoza,50,San Carlos,50091,Eugenio Bustos,50091030,173895.08
2020,Mendoza,50,San Carlos,50091,La Consulta,50091040,332683.55
2020,Mendoza,50,San Carlos,50091,La Consulta,50091040,3224.8
2020,Mendoza,50,San Carlos,50091,La Consulta,50091040,497
2020,Mendoza,50,San Carlos,50091,Pareditas,50091050,11871.1
2020,Mendoza,50,San Carlos,50091,San Carlos,50091060,24074.27
2020,Mendoza,50,San Carlos,50091,San Carlos,50091060,9335.37
2020,Mendoza,50,San Carlos,50091,Casas Viejas,50091A01,7612.9
2020,Mendoza,50,San Carlos,50091,El Capacho,50091A03,1364.4
2020,Mendoza,50,San Carlos,50091,Tres Esquinas,50091A17,2108.5
2020,Mendoza,50,San Martín,50098,Alto Verde,50098020,311686.03
2020,Mendoza,50,San Martín,50098,Chapanay,50098060,562514.63
2020,Mendoza,50,San Martín,50098,Chivilcoy,50098070,87444
2020,Mendoza,50,San Martín,50098,El Espino,50098073,56978.9
2020,Mendoza,50,San Martín,50098,El Ramblón,50098077,164212.3
2020,Mendoza,50,San Martín,50098,El Ramblón,50098077,61454.5
2020,Mendoza,50,San Martín,50098,Montecaseros,50098080,793998.68
2020,Mendoza,50,San Martín,50098,Nueva California,50098090,294128.6
2020,Mendoza,50,San Martín,50098,San Martín,50098100,10259
2020,Mendoza,50,San Martín,50098,Palmira,50098100,187116.78
2020,Mendoza,50,San Martín,50098,San Martín,50098100,90510
2020,Mendoza,50,San Martín,50098,Tres Porteñas,50098110,204428.28
2020,Mendoza,50,San Martín,50098,Alto Chapanay,50098A00,10503.5
2020,Mendoza,50,San Martín,50098,Alto Salvador,50098A01,196516.75
2020,Mendoza,50,San Martín,50098,Buen Orden,50098A03,83077.42
2020,Mendoza,50,San Martín,50098,El Central,50098A06,173679
2020,Mendoza,50,San Martín,50098,El Divisadero,50098A07,119941.5
2020,Mendoza,50,San Martín,50098,Las Chimbas,50098A09,43154.8
2020,Mendoza,50,San Rafael,50105,Barrio Campos El Toledano,50105010,798
2020,Mendoza,50,San Rafael,50105,Capitán Montoya,50105050,1922.64
2020,Mendoza,50,San Rafael,50105,Cuadro Benegas,50105060,44137.18
2020,Mendoza,50,San Rafael,50105,El Tropezón,50105090,674.6
2020,Mendoza,50,San Rafael,50105,Goudge,50105100,63073
2020,Mendoza,50,San Rafael,50105,Jaime Prats,50105110,24.2
2020,Mendoza,50,San Rafael,50105,Jaime Prats,50105110,30833.98
2020,Mendoza,50,San Rafael,50105,La Llave Nueva,50105120,24497.7
2020,Mendoza,50,San Rafael,50105,La Llave Nueva,50105120,449.2
2020,Mendoza,50,San Rafael,50105,Las Malvinas,50105130,525.4
2020,Mendoza,50,San Rafael,50105,Monte Comán,50105150,7837.6
2020,Mendoza,50,San Rafael,50105,Punta del Agua,50105170,3.16
2020,Mendoza,50,San Rafael,50105,Rama Caída,50105180,2390.6
2020,Mendoza,50,San Rafael,50105,Rama Caída,50105180,37135.99
2020,Mendoza,50,San Rafael,50105,Real del Padre,50105190,142031.75
2020,Mendoza,50,San Rafael,50105,Salto de las Rosas,50105200,4071.6
2020,Mendoza,50,San Rafael,50105,Cuadro Nacional,50105210,76014.28
2020,Mendoza,50,San Rafael,50105,San Rafael,50105210,5889.97
2020,Mendoza,50,San Rafael,50105,San Rafael,50105210,120
2020,Mendoza,50,San Rafael,50105,San Rafael,50105210,850.4
2020,Mendoza,50,San Rafael,50105,Cuadro Nacional,50105210,2427.3
2020,Mendoza,50,San Rafael,50105,25 de Mayo,50105220,3118.23
2020,Mendoza,50,San Rafael,50105,Villa Atuel,50105230,39216.3
2020,Mendoza,50,San Rafael,50105,Villa Atuel,50105230,1933
2020,Mendoza,50,San Rafael,50105,Villa Atuel,50105230,37118.5
2020,Mendoza,50,San Rafael,50105,Cañada Seca,50105A04,158947.33
2020,Mendoza,50,San Rafael,50105,Cañada Seca,50105A04,416.6
2020,Mendoza,50,San Rafael,50105,Colonia Bombal y Tabanera,50105A06,10744.98
2020,Mendoza,50,San Rafael,50105,Colonia Colomer,50105A07,785.4
2020,Mendoza,50,San Rafael,50105,Colonia El Usillal,50105A08,11141.55
2020,Mendoza,50,San Rafael,50105,Colonia Elena,50105A09,5973
2020,Mendoza,50,San Rafael,50105,Colonia Española,50105A10,1584.6
2020,Mendoza,50,San Rafael,50105,Colonia Gelman,50105A11,1994.4
2020,Mendoza,50,San Rafael,50105,Colonia Jáuregui,50105A12,1030
2020,Mendoza,50,San Rafael,50105,Colonia López,50105A13,20829.02
2020,Mendoza,50,San Rafael,50105,El Cerrito,50105A22,7966.9
2020,Mendoza,50,San Rafael,50105,La Guevarina,50105A32,3534.2
2020,Mendoza,50,San Rafael,50105,La Llave Vieja,50105A35,1122
2020,Mendoza,50,San Rafael,50105,Las Paredes,50105A44,1099.6
2020,Mendoza,50,San Rafael,50105,Las Paredes,50105A44,69641.48
2020,Mendoza,50,San Rafael,50105,Los Claveles,50105A46,978.8
2020,Mendoza,50,San Rafael,50105,Los Sifones,50105A51,217
2020,Mendoza,50,San Rafael,50105,Rincón del Atuel,50105A60,457
2020,Mendoza,50,San Rafael,50105,Soitué,50105A64,2839.4
2020,Mendoza,50,Santa Rosa,50112,Barrio 12 de Octubre,50112010,52366.63
2020,Mendoza,50,Santa Rosa,50112,Barrio 12 de Octubre,50112010,68196.3
2020,Mendoza,50,Santa Rosa,50112,Barrio Molina Cabrera,50112030,3060.4
2020,Mendoza,50,Santa Rosa,50112,La Dormida,50112040,87757.1
2020,Mendoza,50,Santa Rosa,50112,La Dormida,50112040,20903.9
2020,Mendoza,50,Santa Rosa,50112,Las Catitas,50112050,93367.08
2020,Mendoza,50,Santa Rosa,50112,Santa Rosa,50112060,11193.01
2020,Mendoza,50,Santa Rosa,50112,Santa Rosa,50112060,281343.56
2020,Mendoza,50,Santa Rosa,50112,Santa Rosa,50112060,56766.8
2020,Mendoza,50,Santa Rosa,50112,Gobernador Civit,50112A05,4865.2
2020,Mendoza,50,Santa Rosa,50112,Los Yoles,50112A10,4329.2
2020,Mendoza,50,Tunuyán,50119,Campo Los Andes,50119020,21550.43
2020,Mendoza,50,Tunuyán,50119,Colonia Las Rosas,50119030,2474.05
2020,Mendoza,50,Tunuyán,50119,El Manzano,50119040,110.89
2020,Mendoza,50,Tunuyán,50119,Los Sauces,50119050,106385.87
2020,Mendoza,50,Tunuyán,50119,Tunuyán,50119060,86827.53
2020,Mendoza,50,Tunuyán,50119,Tunuyán,50119060,7467.27
2020,Mendoza,50,Tunuyán,50119,Tunuyán,50119060,245.6
2020,Mendoza,50,Tunuyán,50119,Vista Flores,50119070,176050.5
2020,Mendoza,50,Tunuyán,50119,El Totoral,50119A02,14379.18
2020,Mendoza,50,Tunuyán,50119,El Totoral,50119A02,71712.95
2020,Mendoza,50,Tunuyán,50119,La Primavera,50119A04,18578.76
2020,Mendoza,50,Tunuyán,50119,Las Pintadas,50119A07,33649.64
2020,Mendoza,50,Tunuyán,50119,Los Árboles,50119A08,180054.48
2020,Mendoza,50,Tunuyán,50119,Los Árboles,50119A08,7193.8
2020,Mendoza,50,Tunuyán,50119,Los Chacales,50119A09,79621.94
2020,Mendoza,50,Tunuyán,50119,Villa Seca,50119A14,114694.55
2020,Mendoza,50,Tupungato,50126,Cordón del Plata,50126020,5933.6
2020,Mendoza,50,Tupungato,50126,Cordón del Plata,50126020,64257.77
2020,Mendoza,50,Tupungato,50126,Cordón del Plata,50126020,217439.36
2020,Mendoza,50,Tupungato,50126,El Peral,50126030,73820.15
2020,Mendoza,50,Tupungato,50126,El Zampal,50126035,109249.81
2020,Mendoza,50,Tupungato,50126,La Arboleda,50126040,172514.18
2020,Mendoza,50,Tupungato,50126,San José,50126050,30814.91
2020,Mendoza,50,Tupungato,50126,Tupungato,50126060,14782.81
2020,Mendoza,50,Tupungato,50126,Villa Bastias,50126060,33099.39
2020,Mendoza,50,Tupungato,50126,Tupungato,50126060,51344.93
2020,Mendoza,50,Tupungato,50126,Anchoris,50126A01,32471.3
2020,Mendoza,50,Tupungato,50126,Ancón,50126A02,72.6
2020,Mendoza,50,Tupungato,50126,Gualtallary,50126A05,182729.78
2020,Mendoza,50,Tupungato,50126,Zapata,50126A12,6195.9
2020,Neuquén,58,Añelo,58014,Añelo,58014010,2847.42
2020,Neuquén,58,Añelo,58014,San Patricio del Chañar,58014020,83778.93
2020,Neuquén,58,Confluencia,58035,Centenario,58035030,36
2020,Neuquén,58,Confluencia,58035,Cutral Có,58035040,214.6
2020,Neuquén,58,Confluencia,58035,Mari Menuco,58035060,2008
2020,Neuquén,58,Confluencia,58035,Senillosa,58035110,434.22
2020,Neuquén,58,Lácar,58056,San Martín de los Andes,58056010,40
2020,Neuquén,58,Picún Leufú,58098,Picún Leufú,58098020,196.6
2020,Río Negro,62,Adolfo Alsina,62007,San Javier,62007080,2167.29
2020,Río Negro,62,Adolfo Alsina,62007,Viedma,62007090,884.4
2020,Río Negro,62,Avellaneda,62014,Darwin,62014060,2628.8
2020,Río Negro,62,Avellaneda,62014,Luis Beltrán,62014080,755.7
2020,Río Negro,62,Avellaneda,62014,Pomona,62014090,3056.55
2020,Río Negro,62,Bariloche,62021,El Bolsón,62021030,14.81
2020,Río Negro,62,El Cuy,62035,El Cuy,62035030,482.75
2020,Río Negro,62,El Cuy,62035,Valle Azul,62035080,2740.9
2020,Río Negro,62,General Roca,62042,Allen,62042010,3692.76
2020,Río Negro,62,General Roca,62042,Barrio Guerrico,62042160,242.31
2020,Río Negro,62,General Roca,62042,Cervantes,62042370,721.63
2020,Río Negro,62,General Roca,62042,Cipolletti,62042400,38
2020,Río Negro,62,General Roca,62042,General Enrique Godoy,62042430,1073.3
2020,Río Negro,62,General Roca,62042,General Fernández Oro,62042440,2538.38
2020,Río Negro,62,General Roca,62042,General Roca,62042450,11169.6
2020,Río Negro,62,General Roca,62042,General Roca,62042450,1175.7
2020,Río Negro,62,General Roca,62042,Ingeniero Luis A. Huergo,62042460,1382.77
2020,Río Negro,62,General Roca,62042,Mainqué,62042480,8674.74
2020,Río Negro,62,General Roca,62042,Villa Alberdi,62042530,22.2
2020,Río Negro,62,General Roca,62042,Villa Manzano,62042550,1671.3
2020,Río Negro,62,General Roca,62042,Villa Regina,62042560,230
2020,Salta,66,Cachi,66014,Cachi,66014010,1959.84
2020,Salta,66,Cachi,66014,Payogasta,66014020,3000.45
2020,Salta,66,Cafayate,66021,Cafayate,66021010,198214.04
2020,Salta,66,Cafayate,66021,Cafayate,66021010,6441.63
2020,Salta,66,Cafayate,66021,Cafayate,66021010,3100.27
2020,Salta,66,Cafayate,66021,Tolombón,66021020,44999.37
2020,Salta,66,Cafayate,66021,Yacochuya Norte,66021A05,3339.3
2020,Salta,66,La Viña,66098,Las Curtiembres,66098A08,90
2020,Salta,66,Molinos,66119,Molinos,66119020,2403.99
2020,Salta,66,Molinos,66119,Seclantás,66119030,76
2020,Salta,66,Molinos,66119,Colomé,66119A06,4685
2020,Salta,66,Molinos,66119,Colomé,66119A06,519.2
2020,Salta,66,Molinos,66119,Luracatao,66119A10,323.05
2020,Salta,66,San Carlos,66154,Angastaco,66154010,4380.2
2020,Salta,66,San Carlos,66154,Animaná,66154020,34149.13
2020,Salta,66,San Carlos,66154,San Carlos,66154040,4732.8
2020,Salta,66,San Carlos,66154,San Carlos,66154040,38.79
2020,Salta,66,San Carlos,66154,Santa Rosa,66154A26,120
2020,San Juan,70,Albardón,70007,El Rincón,70007010,101012.01
2020,San Juan,70,Albardón,70007,El Rincón,70007010,6118.2
2020,San Juan,70,Albardón,70007,Villa General San Martín - Campo Afuera,70007020,28283.68
2020,San Juan,70,Albardón,70007,Villa General San Martín - Campo Afuera,70007020,2559
2020,San Juan,70,Albardón,70007,Villa General San Martín - Campo Afuera,70007020,3161.32
2020,San Juan,70,Albardón,70007,Villa General San Martín - Campo Afuera,70007020,17351.3
2020,San Juan,70,Albardón,70007,Villa General San Martín - Campo Afuera,70007020,11289.39
2020,San Juan,70,Albardón,70007,Baños La Laja,70007A02,770.2
2020,San Juan,70,Albardón,70007,El Salado,70007A03,11225.6
2020,San Juan,70,Albardón,70007,Las Tapias,70007A04,3328.3
2020,San Juan,70,Albardón,70007,Las Tapias,70007A04,8082.8
2020,San Juan,70,Angaco,70014,Las Tapias,70014010,52789.64
2020,San Juan,70,Angaco,70014,Las Tapias,70014010,523.4
2020,San Juan,70,Angaco,70014,Villa Sefair,70014020,50422.88
2020,San Juan,70,Angaco,70014,Villa El Salvador,70014020,69772.8
2020,San Juan,70,Angaco,70014,Villa El Salvador,70014020,17768.9
2020,San Juan,70,Angaco,70014,Villa El Salvador,70014020,19104.35
2020,San Juan,70,Angaco,70014,El Alamito,70014A01,6804.4
2020,San Juan,70,Angaco,70014,El Bosque,70014A02,33514.98
2020,San Juan,70,Angaco,70014,Punta del Monte,70014A05,66665.58
2020,San Juan,70,Calingasta,70021,Barreal - Villa Pituil,70021010,833.23
2020,San Juan,70,Calingasta,70021,Tamberías,70021030,4982.2
2020,San Juan,70,Calingasta,70021,Hilario,70021A10,2036.58
2020,San Juan,70,Calingasta,70021,Sorocayense,70021A30,4055.72
2020,San Juan,70,Calingasta,70021,Villa Corral,70021A31,1099.2
2020,San Juan,70,Caucete,70035,Caucete,70035020,302765.12
2020,San Juan,70,Caucete,70035,Caucete,70035020,1568.4
2020,San Juan,70,Caucete,70035,Caucete,70035020,220.8
2020,San Juan,70,Caucete,70035,Caucete,70035020,275.2
2020,San Juan,70,Caucete,70035,Caucete,70035020,355.6
2020,San Juan,70,Caucete,70035,Caucete,70035020,3832.5
2020,San Juan,70,Caucete,70035,El Rincón,70035030,85487.53
2020,San Juan,70,Caucete,70035,Las Talas - Los Médanos,70035040,34700.8
2020,San Juan,70,Caucete,70035,Pie de Palo,70035060,20612.59
2020,San Juan,70,Caucete,70035,Villa Independencia,70035080,94989.58
2020,San Juan,70,Caucete,70035,La Puntilla,70035A02,169710.04
2020,San Juan,70,Caucete,70035,Pozo de los Algarrobos,70035A07,155610.45
2020,San Juan,70,Chimbas,70042,Chimbas,70042010,111435.88
2020,San Juan,70,Chimbas,70042,Chimbas,70042010,5708.6
2020,San Juan,70,Iglesia,70049,Las Flores,70049040,48.2
2020,San Juan,70,9 de Julio,70063,Alto de Sierra,70063010,2557.4
2020,San Juan,70,9 de Julio,70063,Las Chacritas,70063030,49.4
2020,San Juan,70,9 de Julio,70063,Las Chacritas,70063030,6008.64
2020,San Juan,70,9 de Julio,70063,Las Chacritas,70063030,71766.05
2020,San Juan,70,9 de Julio,70063,9 de Julio,70063040,182205
2020,San Juan,70,9 de Julio,70063,La Majadita,70063A00,32209.77
2020,San Juan,70,9 de Julio,70063,Rincón Cercado,70063A02,19359.7
2020,San Juan,70,Pocito,70070,Carpintería,70070020,117934.9
2020,San Juan,70,Pocito,70070,Las Piedritas,70070025,1147.6
2020,San Juan,70,Pocito,70070,Quinto Cuartel,70070030,2307.4
2020,San Juan,70,Pocito,70070,Villa Aberastain,70070040,3540.3
2020,San Juan,70,Pocito,70070,Villa Aberastain,70070040,21763.83
2020,San Juan,70,Pocito,70070,Villa Aberastain,70070040,61117.85
2020,San Juan,70,Pocito,70070,La Rinconada,70070040,66700.31
2020,San Juan,70,Pocito,70070,Villa Nacusi,70070050,109.4
2020,San Juan,70,Pocito,70070,Villa Nacusi,70070050,5433.28
2020,San Juan,70,Pocito,70070,Villa Nacusi,70070050,919.6
2020,San Juan,70,Rawson,70077,El Medanito,70077010,15040.09
2020,San Juan,70,Rawson,70077,Rawson,70077010,3487.4
2020,San Juan,70,Rawson,70077,Rawson,70077010,56350.39
2020,San Juan,70,Rawson,70077,Rawson,70077010,209.8
2020,San Juan,70,Rawson,70077,Rawson,70077010,2863
2020,San Juan,70,Rawson,70077,Colonia Médano de Oro,70077A00,87377.68
2020,San Juan,70,Rawson,70077,Colonia Rodas,70077A02,6194.4
2020,San Juan,70,Rawson,70077,Colonia Rodas,70077A02,1707.8
2020,San Juan,70,Rivadavia,70084,Rivadavia,70084010,7771.2
2020,San Juan,70,Rivadavia,70084,Rivadavia,70084010,8054.07
2020,San Juan,70,Rivadavia,70084,Rivadavia,70084010,8102
2020,San Juan,70,San Martín,70091,Dos Acequias,70091020,139900.59
2020,San Juan,70,San Martín,70091,San Isidro,70091030,98208
2020,San Juan,70,San Martín,70091,Villa San Martín,70091070,122864.79
2020,San Juan,70,San Martín,70091,Los Compartos,70091A01,17709.3
2020,San Juan,70,San Martín,70091,Los Compartos,70091A01,8752.6
2020,San Juan,70,San Martín,70091,Los Compartos,70091A01,119566.03
2020,San Juan,70,San Martín,70091,Villa Lugano,70091A02,5014.4
2020,San Juan,70,San Martín,70091,Villa Lugano,70091A02,11062
2020,San Juan,70,Santa Lucía,70098,Santa Lucía,70098010,9748.3
2020,San Juan,70,Santa Lucía,70098,Santa Lucía,70098010,7072
2020,San Juan,70,Santa Lucía,70098,Colonia Gutiérrez,70098010,22657.78
2020,San Juan,70,Santa Lucía,70098,Colonia Gutiérrez,70098010,3737.2
2020,San Juan,70,Santa Lucía,70098,Santa Lucía,70098010,50728.84
2020,San Juan,70,Santa Lucía,70098,Colonia Gutiérrez,70098010,49642.89
2020,San Juan,70,Santa Lucía,70098,Santa Lucía,70098010,9911.6
2020,San Juan,70,Santa Lucía,70098,Santa Lucía,70098010,7145.2
2020,San Juan,70,Sarmiento,70105,Cañada Honda,70105010,37878.2
2020,San Juan,70,Sarmiento,70105,Colonia Fiscal,70105030,119898.7
2020,San Juan,70,Sarmiento,70105,Guanacache,70105050,2177.5
2020,San Juan,70,Sarmiento,70105,Las Lagunas,70105060,55450.8
2020,San Juan,70,Sarmiento,70105,Los Berros,70105070,184.2
2020,San Juan,70,Sarmiento,70105,Los Berros,70105070,2093.8
2020,San Juan,70,Sarmiento,70105,Pedernal,70105080,52036.54
2020,San Juan,70,Sarmiento,70105,Punta del Médano,70105090,31197.1
2020,San Juan,70,Sarmiento,70105,Villa Media Agua,70105100,160042.82
2020,San Juan,70,Sarmiento,70105,Villa Media Agua,70105100,46541.8
2020,San Juan,70,Sarmiento,70105,Cochagual,70105A01,297502.3
2020,San Juan,70,Sarmiento,70105,San Carlos,70105A07,16113.2
2020,San Juan,70,Sarmiento,70105,Tres Esquinas,70105A08,38031.3
2020,San Juan,70,Ullum,70112,Villa Ibáñez,70112010,76590.7
2020,San Juan,70,Ullum,70112,Villa Ibáñez,70112010,3028.6
2020,San Juan,70,Ullum,70112,La Banderita,70112A04,1575.2
2020,San Juan,70,25 de Mayo,70126,Tupelí,70126020,47400.07
2020,San Juan,70,25 de Mayo,70126,Tupelí,70126020,7919.6
2020,San Juan,70,25 de Mayo,70126,Villa Borjas - La Chimbera,70126030,94312.3
2020,San Juan,70,25 de Mayo,70126,Villa Santa Rosa,70126050,12452.7
2020,San Juan,70,25 de Mayo,70126,Villa Santa Rosa,70126050,187474.1
2020,San Juan,70,25 de Mayo,70126,Villa Santa Rosa,70126050,203931.68
2020,San Juan,70,25 de Mayo,70126,Villa Santa Rosa,70126050,12249.92
2020,San Juan,70,25 de Mayo,70126,Villa Santa Rosa,70126050,79977.35
2020,San Juan,70,25 de Mayo,70126,Algarrobo Verde,70126A00,7987.8
2020,San Juan,70,25 de Mayo,70126,Cuatro Esquinas,70126A04,3014.8
2020,San Juan,70,25 de Mayo,70126,Las Casuarinas,70126A06,238835.53
2020,San Juan,70,25 de Mayo,70126,Punta del Médano,70126A09,13275.9
2020,San Juan,70,Zonda,70133,Villa Basilio Nievas,70133010,39844.78
2020,San Juan,70,Zonda,70133,Villa Basilio Nievas,70133010,2280
2020,San Juan,70,Zonda,70133,Villa Basilio Nievas,70133010,608.2
2020,San Juan,70,Zonda,70133,Villa Basilio Nievas,70133010,25396.45
2020,San Juan,70,Zonda,70133,Villa Basilio Nievas,70133010,33412.3
2020,San Luis,74,Ayacucho,74007,Candelaria,74007010,12.92
2020,San Luis,74,Belgrano,74014,Nogolí,74014020,173.64
2020,San Luis,74,Junín,74049,Santa Rosa del Conlara,74049070,262.37
2020,San Luis,74,Juan Martín de Pueyrredón,74056,Beazley,74056040,952.2
2020,San Luis,74,Juan Martín de Pueyrredón,74056,San Luis,74056150,95.1
2020,Tucumán,90,Tafí del Valle,90098,Amaicha del Valle,90098010,8.45
2020,Tucumán,90,Tafí del Valle,90098,Amaicha del Valle,90098010,226.37
2020,Tucumán,90,Tafí del Valle,90098,Colalao del Valle,90098020,2020.22
2020,Tucumán,90,Tafí del Valle,90098,El Paso,90098A18,677
2020,Tucumán,90,Tafí del Valle,90098,Quilmes,90098A48,22.5
2021,Buenos Aires,06,Balcarce,06063,Balcarce,06063010,354.42
2021,Buenos Aires,06,Coronel Pringles,06196,Coronel Pringles,06196010,119
2021,Buenos Aires,06,General Pueyrredón,06357,Batán,06357070,187.78
2021,Buenos Aires,06,General Pueyrredón,06357,Chapadmalal,06357080,1729.03
2021,Buenos Aires,06,Tornquist,06819,Saldungaray,06819020,94.5
2021,Buenos Aires,06,Tornquist,06819,Villa Ventana,06819070,86.87
2021,Buenos Aires,06,Villarino,06875,Médanos,06875060,471.8
2021,Catamarca,10,Belén,10035,Hualfín,10035070,11494.42
2021,Catamarca,10,Belén,10035,Los Nacimientos,10035120,101.5
2021,Catamarca,10,Belén,10035,Puerta de Corral Quemado,10035130,331.8
2021,Catamarca,10,Belén,10035,San Fernando,10035A42,444.1
2021,Catamarca,10,Pomán,10084,San Miguel,10084090,781.7
2021,Catamarca,10,Pomán,10084,Siján,10084110,363.61
2021,Catamarca,10,Santa María,10091,Lampacito,10091030,1102.21
2021,Catamarca,10,Santa María,10091,Chañar Punco,10091030,28318.7
2021,Catamarca,10,Santa María,10091,Lampacito,10091030,4145.83
2021,Catamarca,10,Santa María,10091,Famatanca,10091070,34.1
2021,Catamarca,10,Santa María,10091,Fuerte Quemado,10091080,2956.4
2021,Catamarca,10,Santa María,10091,Las Mojarras,10091110,1002.1
2021,Catamarca,10,Santa María,10091,El Cerrito,10091110,86.8
2021,Catamarca,10,Santa María,10091,Punta de Balasto,10091130,188.35
2021,Catamarca,10,Santa María,10091,San José,10091140,1608.3
2021,Catamarca,10,Santa María,10091,Santa María,10091150,5544.2
2021,Catamarca,10,Santa María,10091,Santa María,10091150,6405.7
2021,Catamarca,10,Tinogasta,10105,Anillaco,10105010,571
2021,Catamarca,10,Tinogasta,10105,Copacabana,10105050,7771.13
2021,Catamarca,10,Tinogasta,10105,El Puesto,10105090,5481.8
2021,Catamarca,10,Tinogasta,10105,Fiambalá,10105110,6951.11
2021,Catamarca,10,Tinogasta,10105,Medanitos,10105130,25843.41
2021,Catamarca,10,Tinogasta,10105,Palo Blanco,10105140,339.9
2021,Catamarca,10,Tinogasta,10105,Tinogasta,10105180,4488.9
2021,Catamarca,10,Tinogasta,10105,Tinogasta,10105180,1124.8
2021,Catamarca,10,Tinogasta,10105,Tinogasta,10105180,20793.14
2021,Catamarca,10,Tinogasta,10105,San José Norte,10105A27,11830.15
2021,Córdoba,14,Calamuchita,14007,San Agustín,14007180,84.94
2021,Córdoba,14,Calamuchita,14007,Villa Ciudad Parque Los Reartes,14007270,321.77
2021,Córdoba,14,Calamuchita,14007,Villa General Belgrano,14007310,22.33
2021,Córdoba,14,Calamuchita,14007,Atos Pampa,14007A01,139
2021,Córdoba,14,Colón,14021,Colonia Caroya,14021050,6242.67
2021,Córdoba,14,Colón,14021,Colonia Vicente Agüero,14021070,378.5
2021,Córdoba,14,Cruz del Eje,14028,Las Playas,14028130,161.03
2021,Córdoba,14,Cruz del Eje,14028,San Marcos Sierra,14028170,39
2021,Córdoba,14,Ischilín,14049,Quilino,14049100,793.14
2021,Córdoba,14,Ischilín,14049,Ischilín,14049A07,276.69
2021,Córdoba,14,San Alberto,14126,Las Calles,14126050,53.3
2021,Córdoba,14,San Javier,14133,Las Chacras,14133095,83
2021,Córdoba,14,San Javier,14133,Las Tapias,14133100,191.8
2021,Córdoba,14,San Javier,14133,Luyaba,14133150,15
2021,Córdoba,14,San Javier,14133,San Javier y Yacanto,14133170,132
2021,Córdoba,14,San Javier,14133,San Javier y Yacanto,14133170,28
2021,Córdoba,14,Santa María,14147,Potrero de Garay,14147230,175.8
2021,Córdoba,14,Tulumba,14175,San Pedro Norte,14175100,180
2021,Chubut,26,Cushamen,26014,El Hoyo,26014040,96.08
2021,Chubut,26,Futaleufú,26035,Trevelín,26035060,124.01
2021,Chubut,26,Paso de Indios,26070,Los Altares,26070020,36.5
2021,Chubut,26,Sarmiento,26091,Sarmiento,26091020,2307.32
2021,Entre Ríos,30,Colón,30008,Arroyo Barú,30008010,3
2021,Entre Ríos,30,Colón,30008,Colón,30008020,104.3
2021,Entre Ríos,30,Colón,30008,Ubajay,30008100,11
2021,Entre Ríos,30,Colón,30008,Colonia San Anselmo,30008A13,48.29
2021,Entre Ríos,30,Concordia,30015,La Criolla,30015090,1369.34
2021,Entre Ríos,30,Diamante,30021,Colonia Ensayo,30021070,284.56
2021,Entre Ríos,30,Diamante,30021,Estación Puiggari,30021150,75
2021,Entre Ríos,30,Gualeguaychú,30056,Gualeguaychú,30056070,125.55
2021,Jujuy,38,El Carmen,38014,Monterrico,38014070,234.69
2021,Jujuy,38,Dr. Manuel Belgrano,38021,Guerrero,38021010,41.38
2021,Jujuy,38,San Antonio,38056,El Ceibal,38056010,22.34
2021,Jujuy,38,Tilcara,38094,Colonia San José,38094010,199.69
2021,Jujuy,38,Tilcara,38094,Huacalera,38094020,320.53
2021,Jujuy,38,Tilcara,38094,Maimará,38094040,544.52
2021,Jujuy,38,Tilcara,38094,Tilcara,38094050,57.9
2021,Jujuy,38,Tumbaya,38098,Purmamarca,38098030,142.71
2021,Jujuy,38,Tumbaya,38098,Tumbaya,38098040,10.32
2021,La Pampa,42,Curacó,42042,Gobernador Duval,42042010,271.83
2021,La Pampa,42,Puelén,42112,25 de Mayo,42112020,21969.14
2021,La Rioja,46,Castro Barros,46021,Aminga,46021010,24943.9
2021,La Rioja,46,Castro Barros,46021,Anillaco,46021020,7159.69
2021,La Rioja,46,General Felipe Varela,46028,Guandacol,46028020,18571.3
2021,La Rioja,46,General Felipe Varela,46028,Santa Clara,46028020,956.2
2021,La Rioja,46,General Felipe Varela,46028,Los Palacios,46028030,3666.9
2021,La Rioja,46,General Felipe Varela,46028,Pagancillo,46028040,2085.5
2021,La Rioja,46,General Felipe Varela,46028,Banda Florida,46028050,1339.6
2021,La Rioja,46,General Felipe Varela,46028,Villa Unión,46028050,11898.2
2021,La Rioja,46,General Felipe Varela,46028,Paso San Isidro,46028A14,14
2021,La Rioja,46,General Felipe Varela,46028,Paso San Isidro,46028A14,244
2021,La Rioja,46,Chilecito,46042,Anguinán,46042010,94892.63
2021,La Rioja,46,Chilecito,46042,Chilecito,46042010,390
2021,La Rioja,46,Chilecito,46042,San Miguel,46042010,129.6
2021,La Rioja,46,Chilecito,46042,Los Sarmientos,46042010,82.4
2021,La Rioja,46,Chilecito,46042,Colonia Catinzaco,46042030,6375.6
2021,La Rioja,46,Chilecito,46042,Guanchín,46042060,950.4
2021,La Rioja,46,Chilecito,46042,Malligasta,46042070,108264
2021,La Rioja,46,Chilecito,46042,Nonogasta,46042090,103582.48
2021,La Rioja,46,Chilecito,46042,San Nicolás,46042100,3492.9
2021,La Rioja,46,Chilecito,46042,Sañogasta,46042120,2184
2021,La Rioja,46,Chilecito,46042,Tilimuqui,46042130,59858.2
2021,La Rioja,46,Chilecito,46042,Vichigasta,46042140,149812.36
2021,La Rioja,46,Famatina,46049,Angulos,46049020,5580
2021,La Rioja,46,Famatina,46049,Antinaco,46049030,1698.3
2021,La Rioja,46,Famatina,46049,Chañarmuyo,46049060,5749.24
2021,La Rioja,46,Famatina,46049,Famatina,46049070,22
2021,La Rioja,46,Famatina,46049,Famatina,46049070,696.2
2021,La Rioja,46,Famatina,46049,Famatina,46049070,9687.95
2021,La Rioja,46,Famatina,46049,Pituil,46049090,6172.7
2021,La Rioja,46,Famatina,46049,Plaza Vieja,46049100,1298.8
2021,La Rioja,46,General Lamadrid,46077,Villa Castelli,46077010,9104.8
2021,La Rioja,46,General Lamadrid,46077,Villa Castelli,46077010,382.5
2021,La Rioja,46,Vinchina,46098,Villa San José de Vinchina,46098020,2816.5
2021,La Rioja,46,San Blas de Los Sauces,46119,Alpasinche,46119010,273.5
2021,La Rioja,46,San Blas de Los Sauces,46119,Chaupihuasi,46119010,320.6
2021,La Rioja,46,San Blas de Los Sauces,46119,San Blas,46119010,379.84
2021,La Rioja,46,Sanagasta,46126,Villa Sanagasta,46126010,64
2021,La Rioja,46,Sanagasta,46126,Huaco,46126A02,605.3
2021,Mendoza,50,General Alvear,50014,Bowen,50014010,65886.8
2021,Mendoza,50,General Alvear,50014,Bowen,50014010,1994
2021,Mendoza,50,General Alvear,50014,Carmensa,50014020,15845.1
2021,Mendoza,50,General Alvear,50014,Carmensa,50014020,407.4
2021,Mendoza,50,General Alvear,50014,General Alvear,50014030,11383.6
2021,Mendoza,50,General Alvear,50014,General Alvear,50014030,1178.6
2021,Mendoza,50,General Alvear,50014,General Alvear,50014030,5901.3
2021,Mendoza,50,General Alvear,50014,General Alvear,50014030,13587
2021,Mendoza,50,General Alvear,50014,General Alvear,50014030,8765.99
2021,Mendoza,50,General Alvear,50014,Los Compartos,50014040,34579.79
2021,Mendoza,50,General Alvear,50014,El Ceibo,50014A08,1277.4
2021,Mendoza,50,General Alvear,50014,El Ceibo,50014A08,4515.48
2021,Mendoza,50,General Alvear,50014,La California,50014A12,2513.3
2021,Mendoza,50,General Alvear,50014,La Escandinava,50014A14,9852.85
2021,Mendoza,50,General Alvear,50014,La Marsolina,50014A16,18752.58
2021,Mendoza,50,General Alvear,50014,La Montilla,50014A17,490.8
2021,Mendoza,50,General Alvear,50014,Los Campamentos,50014A19,6477.4
2021,Mendoza,50,General Alvear,50014,Poste de Fierro,50014A24,8743.71
2021,Mendoza,50,Guaymallén,50028,Colonia Segovia,50028010,15659
2021,Mendoza,50,Guaymallén,50028,Rodeo de la Cruz,50028020,3566.9
2021,Mendoza,50,Guaymallén,50028,El Sauce,50028020,7118.1
2021,Mendoza,50,Guaymallén,50028,Villa Nueva,50028020,1006.7
2021,Mendoza,50,Guaymallén,50028,Bermejo,50028020,3654.8
2021,Mendoza,50,Guaymallén,50028,Dorrego,50028020,3643.6
2021,Mendoza,50,Guaymallén,50028,Buena Nueva,50028020,3405.8
2021,Mendoza,50,Guaymallén,50028,San Francisco del Monte,50028020,118.8
2021,Mendoza,50,Guaymallén,50028,La Primavera,50028030,26.6
2021,Mendoza,50,Guaymallén,50028,La Primavera,50028030,3403.4
2021,Mendoza,50,Guaymallén,50028,La Primavera,50028030,1377.8
2021,Mendoza,50,Guaymallén,50028,Los Corralitos,50028040,6767.08
2021,Mendoza,50,Junín,50035,Ingeniero Giagnoni,50035010,3855
2021,Mendoza,50,Junín,50035,Junín,50035020,3207.6
2021,Mendoza,50,Junín,50035,Junín,50035020,17518
2021,Mendoza,50,Junín,50035,Junín,50035020,2223.4
2021,Mendoza,50,Junín,50035,Junín,50035020,137140.33
2021,Mendoza,50,Junín,50035,La Colonia,50035030,128246.79
2021,Mendoza,50,Junín,50035,Los Barriales,50035040,3143.8
2021,Mendoza,50,Junín,50035,Los Barriales,50035040,185085.86
2021,Mendoza,50,Junín,50035,Los Barriales,50035040,228.8
2021,Mendoza,50,Junín,50035,Medrano,50035050,219395.75
2021,Mendoza,50,Junín,50035,Medrano,50035050,4318.8
2021,Mendoza,50,Junín,50035,Medrano,50035050,1643
2021,Mendoza,50,Junín,50035,Phillips,50035060,265028.63
2021,Mendoza,50,Junín,50035,Rodríguez Peña,50035070,137316.2
2021,Mendoza,50,Junín,50035,Algarrobo Grande,50035A00,12272.2
2021,Mendoza,50,Junín,50035,Algarrobo Grande,50035A00,219603.45
2021,Mendoza,50,Junín,50035,Algarrobo Grande,50035A00,7399.5
2021,Mendoza,50,Junín,50035,Alto Verde,50035A01,117756.6
2021,Mendoza,50,Junín,50035,Alto Verde,50035A01,31783.3
2021,Mendoza,50,Junín,50035,Tres Esquinas,50035A02,575
2021,Mendoza,50,La Paz,50042,La Paz,50042020,1160.2
2021,Mendoza,50,La Paz,50042,La Paz,50042020,2123.6
2021,Mendoza,50,La Paz,50042,Villa Antigua,50042030,749.6
2021,Mendoza,50,La Paz,50042,Las Chacritas,50042A07,442.8
2021,Mendoza,50,Las Heras,50049,Jocolí,50049030,9617.4
2021,Mendoza,50,Las Heras,50049,Las Heras,50049050,7610
2021,Mendoza,50,Las Heras,50049,El Algarrobal,50049050,12284.5
2021,Mendoza,50,Las Heras,50049,El Challao,50049050,136.19
2021,Mendoza,50,Las Heras,50049,Capdevila,50049050,52944.76
2021,Mendoza,50,Las Heras,50049,Panquehuá,50049050,2793
2021,Mendoza,50,Las Heras,50049,Las Heras,50049050,759.8
2021,Mendoza,50,Las Heras,50049,El Borbollón,50049050,17410.4
2021,Mendoza,50,Las Heras,50049,El Plumerillo,50049050,41.8
2021,Mendoza,50,Las Heras,50049,Polvaredas,50049080,494.2
2021,Mendoza,50,Las Heras,50049,Uspallata,50049110,116.1
2021,Mendoza,50,Las Heras,50049,El Pastal,50049A04,21071.4
2021,Mendoza,50,Las Heras,50049,El Pastal,50049A04,821.2
2021,Mendoza,50,Lavalle,50056,Barrio Alto del Olvido,50056010,3582
2021,Mendoza,50,Lavalle,50056,Barrio La Palmera,50056030,50153.7
2021,Mendoza,50,Lavalle,50056,Barrio La Pega,50056040,22257.6
2021,Mendoza,50,Lavalle,50056,Costa de Araujo,50056080,533251
2021,Mendoza,50,Lavalle,50056,Costa de Araujo,50056080,1222.2
2021,Mendoza,50,Lavalle,50056,Costa de Araujo,50056080,432.4
2021,Mendoza,50,Lavalle,50056,El Paramillo,50056090,34049.9
2021,Mendoza,50,Lavalle,50056,El Vergel,50056100,8028.8
2021,Mendoza,50,Lavalle,50056,Ingeniero Gustavo André,50056110,302594.41
2021,Mendoza,50,Lavalle,50056,Jocolí,50056120,116666.92
2021,Mendoza,50,Lavalle,50056,Jocolí Viejo,50056130,32673.5
2021,Mendoza,50,Lavalle,50056,Las Violetas,50056140,7225.61
2021,Mendoza,50,Lavalle,50056,3 de Mayo,50056150,10610.6
2021,Mendoza,50,Lavalle,50056,3 de Mayo,50056150,103123.54
2021,Mendoza,50,Lavalle,50056,Villa Tulumaya,50056160,57585.4
2021,Mendoza,50,Lavalle,50056,Villa Tulumaya,50056160,4755.8
2021,Mendoza,50,Lavalle,50056,El Carmen,50056A05,16916.4
2021,Mendoza,50,Lavalle,50056,El Chilcal,50056A06,21450.5
2021,Mendoza,50,Lavalle,50056,El Plumero,50056A09,1082.8
2021,Mendoza,50,Lavalle,50056,El Plumero,50056A09,64541
2021,Mendoza,50,Lavalle,50056,La Asunción,50056A15,3259.7
2021,Mendoza,50,Lavalle,50056,La Holanda,50056A17,13517.6
2021,Mendoza,50,Lavalle,50056,San Francisco,50056A24,19010.2
2021,Mendoza,50,Lavalle,50056,San José,50056A26,151.8
2021,Mendoza,50,Luján de Cuyo,50063,Agrelo,50063010,572203.47
2021,Mendoza,50,Luján de Cuyo,50063,El Carrizal,50063050,216280.28
2021,Mendoza,50,Luján de Cuyo,50063,Las Compuertas,50063070,33587.57
2021,Mendoza,50,Luján de Cuyo,50063,Carrodilla,50063090,4149.76
2021,Mendoza,50,Luján de Cuyo,50063,Vistalba,50063090,27073.45
2021,Mendoza,50,Luján de Cuyo,50063,Luján de Cuyo,50063090,5606.72
2021,Mendoza,50,Luján de Cuyo,50063,Mayor Drummond,50063090,22792.52
2021,Mendoza,50,Luján de Cuyo,50063,Chacras de Coria,50063090,4121.35
2021,Mendoza,50,Luján de Cuyo,50063,Perdriel,50063100,104947.74
2021,Mendoza,50,Luján de Cuyo,50063,Perdriel,50063100,37.6
2021,Mendoza,50,Luján de Cuyo,50063,Potrerillos,50063110,212.9
2021,Mendoza,50,Luján de Cuyo,50063,Ugarteche,50063120,417225.36
2021,Mendoza,50,Luján de Cuyo,50063,Anchoris,50063A01,9172.04
2021,Mendoza,50,Luján de Cuyo,50063,Baños Lunlunta,50063A02,2151.75
2021,Mendoza,50,Luján de Cuyo,50063,Industrial,50063A03,840.6
2021,Mendoza,50,Maipú,50070,Barrancas,50070010,329168.4
2021,Mendoza,50,Maipú,50070,Barrancas,50070010,276.4
2021,Mendoza,50,Maipú,50070,Barrio Jesús de Nazaret,50070020,325.74
2021,Mendoza,50,Maipú,50070,Cruz de Piedra,50070030,49916.89
2021,Mendoza,50,Maipú,50070,Cruz de Piedra,50070030,52593.92
2021,Mendoza,50,Maipú,50070,El Pedregal,50070040,3414.3
2021,Mendoza,50,Maipú,50070,Fray Luis Beltrán,50070050,33093.68
2021,Mendoza,50,Maipú,50070,Fray Luis Beltrán,50070050,457587.29
2021,Mendoza,50,Maipú,50070,Fray Luis Beltrán,50070050,32873.2
2021,Mendoza,50,Maipú,50070,Coquimbito,50070060,34167.77
2021,Mendoza,50,Maipú,50070,Maipú,50070060,1997.86
2021,Mendoza,50,Maipú,50070,General Gutiérrez,50070060,1923.2
2021,Mendoza,50,Maipú,50070,Rodeo del Medio,50070070,397.4
2021,Mendoza,50,Maipú,50070,Rodeo del Medio,50070070,81372.75
2021,Mendoza,50,Maipú,50070,Rodeo del Medio,50070070,1107.5
2021,Mendoza,50,Maipú,50070,Rodeo del Medio,50070070,6157.2
2021,Mendoza,50,Maipú,50070,Russell,50070080,35937.97
2021,Mendoza,50,Maipú,50070,San Roque,50070090,31273.52
2021,Mendoza,50,Maipú,50070,San Roque,50070090,63771.3
2021,Mendoza,50,Maipú,50070,El Paraíso,50070A01,16597.7
2021,Mendoza,50,Maipú,50070,Los Álamos,50070A02,6014.3
2021,Mendoza,50,Rivadavia,50084,Andrade,50084010,125985.13
2021,Mendoza,50,Rivadavia,50084,El Mirador,50084040,210604.4
2021,Mendoza,50,Rivadavia,50084,El Mirador,50084040,8676.02
2021,Mendoza,50,Rivadavia,50084,La Central,50084050,272061.59
2021,Mendoza,50,Rivadavia,50084,La Libertad,50084080,132207.39
2021,Mendoza,50,Rivadavia,50084,Los Árboles,50084090,78236.9
2021,Mendoza,50,Rivadavia,50084,Los Campamentos,50084100,448406.97
2021,Mendoza,50,Rivadavia,50084,Medrano,50084110,82066.94
2021,Mendoza,50,Rivadavia,50084,Mundo Nuevo,50084120,15392.5
2021,Mendoza,50,Rivadavia,50084,Reducción de Abajo,50084130,87341.61
2021,Mendoza,50,Rivadavia,50084,Rivadavia,50084140,101827.3
2021,Mendoza,50,Rivadavia,50084,Santa María de Oro,50084150,73934.7
2021,Mendoza,50,San Carlos,50091,Barrio El Cepillo,50091010,39614.72
2021,Mendoza,50,San Carlos,50091,Chilecito,50091020,43443.14
2021,Mendoza,50,San Carlos,50091,Eugenio Bustos,50091030,204970.19
2021,Mendoza,50,San Carlos,50091,La Consulta,50091040,812.01
2021,Mendoza,50,San Carlos,50091,La Consulta,50091040,409383.61
2021,Mendoza,50,San Carlos,50091,La Consulta,50091040,7330.93
2021,Mendoza,50,San Carlos,50091,Pareditas,50091050,14851.98
2021,Mendoza,50,San Carlos,50091,San Carlos,50091060,31613.17
2021,Mendoza,50,San Carlos,50091,San Carlos,50091060,8838.11
2021,Mendoza,50,San Carlos,50091,Casas Viejas,50091A01,8851.2
2021,Mendoza,50,San Carlos,50091,El Capacho,50091A03,1998.8
2021,Mendoza,50,San Carlos,50091,Tres Esquinas,50091A17,2236.4
2021,Mendoza,50,San Martín,50098,Alto Verde,50098020,335202.68
2021,Mendoza,50,San Martín,50098,Chapanay,50098060,651463.62
2021,Mendoza,50,San Martín,50098,Chivilcoy,50098070,90884.1
2021,Mendoza,50,San Martín,50098,El Espino,50098073,58139.86
2021,Mendoza,50,San Martín,50098,El Ramblón,50098077,64351.2
2021,Mendoza,50,San Martín,50098,El Ramblón,50098077,171591.49
2021,Mendoza,50,San Martín,50098,Montecaseros,50098080,819543.68
2021,Mendoza,50,San Martín,50098,Nueva California,50098090,312455.53
2021,Mendoza,50,San Martín,50098,San Martín,50098100,10324
2021,Mendoza,50,San Martín,50098,Palmira,50098100,219834.83
2021,Mendoza,50,San Martín,50098,San Martín,50098100,92102.32
2021,Mendoza,50,San Martín,50098,Tres Porteñas,50098110,222098.85
2021,Mendoza,50,San Martín,50098,Alto Chapanay,50098A00,10083.4
2021,Mendoza,50,San Martín,50098,Alto Salvador,50098A01,193851.26
2021,Mendoza,50,San Martín,50098,Buen Orden,50098A03,79207.1
2021,Mendoza,50,San Martín,50098,El Central,50098A06,189282.62
2021,Mendoza,50,San Martín,50098,El Divisadero,50098A07,131303.99
2021,Mendoza,50,San Martín,50098,Las Chimbas,50098A09,55522.35
2021,Mendoza,50,San Rafael,50105,Barrio Campos El Toledano,50105010,784
2021,Mendoza,50,San Rafael,50105,Capitán Montoya,50105050,1605.6
2021,Mendoza,50,San Rafael,50105,Cuadro Benegas,50105060,37768.54
2021,Mendoza,50,San Rafael,50105,El Tropezón,50105090,421.4
2021,Mendoza,50,San Rafael,50105,Goudge,50105100,56251.4
2021,Mendoza,50,San Rafael,50105,Jaime Prats,50105110,38
2021,Mendoza,50,San Rafael,50105,Jaime Prats,50105110,22730.44
2021,Mendoza,50,San Rafael,50105,La Llave Nueva,50105120,25748
2021,Mendoza,50,San Rafael,50105,La Llave Nueva,50105120,437.8
2021,Mendoza,50,San Rafael,50105,Las Malvinas,50105130,346.2
2021,Mendoza,50,San Rafael,50105,Monte Comán,50105150,10006.8
2021,Mendoza,50,San Rafael,50105,Rama Caída,50105180,1959.4
2021,Mendoza,50,San Rafael,50105,Rama Caída,50105180,33713.11
2021,Mendoza,50,San Rafael,50105,Real del Padre,50105190,118505.36
2021,Mendoza,50,San Rafael,50105,Salto de las Rosas,50105200,2176.7
2021,Mendoza,50,San Rafael,50105,San Rafael,50105210,728.8
2021,Mendoza,50,San Rafael,50105,Cuadro Nacional,50105210,2476.7
2021,Mendoza,50,San Rafael,50105,Cuadro Nacional,50105210,79605.46
2021,Mendoza,50,San Rafael,50105,San Rafael,50105210,4536.13
2021,Mendoza,50,San Rafael,50105,San Rafael,50105210,80.4
2021,Mendoza,50,San Rafael,50105,25 de Mayo,50105220,3464.98
2021,Mendoza,50,San Rafael,50105,Villa Atuel,50105230,165.4
2021,Mendoza,50,San Rafael,50105,Villa Atuel,50105230,33475.7
2021,Mendoza,50,San Rafael,50105,Villa Atuel,50105230,23952.3
2021,Mendoza,50,San Rafael,50105,Cañada Seca,50105A04,135339.94
2021,Mendoza,50,San Rafael,50105,Cañada Seca,50105A04,404.2
2021,Mendoza,50,San Rafael,50105,Colonia Bombal y Tabanera,50105A06,10182.9
2021,Mendoza,50,San Rafael,50105,Colonia Colomer,50105A07,1785.2
2021,Mendoza,50,San Rafael,50105,Colonia El Usillal,50105A08,9850.6
2021,Mendoza,50,San Rafael,50105,Colonia Elena,50105A09,5667.7
2021,Mendoza,50,San Rafael,50105,Colonia Española,50105A10,1174.8
2021,Mendoza,50,San Rafael,50105,Colonia Gelman,50105A11,2709.8
2021,Mendoza,50,San Rafael,50105,Colonia Jáuregui,50105A12,1532.8
2021,Mendoza,50,San Rafael,50105,Colonia López,50105A13,19623.11
2021,Mendoza,50,San Rafael,50105,El Cerrito,50105A22,8563.8
2021,Mendoza,50,San Rafael,50105,La Guevarina,50105A32,3544.8
2021,Mendoza,50,San Rafael,50105,La Llave Vieja,50105A35,1102.4
2021,Mendoza,50,San Rafael,50105,Las Paredes,50105A44,1055.4
2021,Mendoza,50,San Rafael,50105,Las Paredes,50105A44,57948.27
2021,Mendoza,50,San Rafael,50105,Los Claveles,50105A46,942.6
2021,Mendoza,50,San Rafael,50105,Los Sifones,50105A51,126.8
2021,Mendoza,50,San Rafael,50105,Rincón del Atuel,50105A60,376.1
2021,Mendoza,50,San Rafael,50105,Soitué,50105A64,3001
2021,Mendoza,50,Santa Rosa,50112,Barrio 12 de Octubre,50112010,68057.4
2021,Mendoza,50,Santa Rosa,50112,Barrio 12 de Octubre,50112010,57755.08
2021,Mendoza,50,Santa Rosa,50112,Barrio Molina Cabrera,50112030,3076.6
2021,Mendoza,50,Santa Rosa,50112,La Dormida,50112040,68338.62
2021,Mendoza,50,Santa Rosa,50112,La Dormida,50112040,23441
2021,Mendoza,50,Santa Rosa,50112,Las Catitas,50112050,82301
2021,Mendoza,50,Santa Rosa,50112,Santa Rosa,50112060,44708.2
2021,Mendoza,50,Santa Rosa,50112,Santa Rosa,50112060,11112.5
2021,Mendoza,50,Santa Rosa,50112,Santa Rosa,50112060,246557.7
2021,Mendoza,50,Santa Rosa,50112,Gobernador Civit,50112A05,500.4
2021,Mendoza,50,Santa Rosa,50112,Los Yoles,50112A10,5592.2
2021,Mendoza,50,Tunuyán,50119,Campo Los Andes,50119020,18595.11
2021,Mendoza,50,Tunuyán,50119,Colonia Las Rosas,50119030,2338.8
2021,Mendoza,50,Tunuyán,50119,El Manzano,50119040,119.49
2021,Mendoza,50,Tunuyán,50119,Los Sauces,50119050,107951.93
2021,Mendoza,50,Tunuyán,50119,Tunuyán,50119060,7951.17
2021,Mendoza,50,Tunuyán,50119,Tunuyán,50119060,148
2021,Mendoza,50,Tunuyán,50119,Tunuyán,50119060,89485.44
2021,Mendoza,50,Tunuyán,50119,Vista Flores,50119070,211917.38
2021,Mendoza,50,Tunuyán,50119,El Totoral,50119A02,84917.51
2021,Mendoza,50,Tunuyán,50119,El Totoral,50119A02,13499.2
2021,Mendoza,50,Tunuyán,50119,La Primavera,50119A04,19163.12
2021,Mendoza,50,Tunuyán,50119,Las Pintadas,50119A07,46301.01
2021,Mendoza,50,Tunuyán,50119,Los Árboles,50119A08,11313.1
2021,Mendoza,50,Tunuyán,50119,Los Árboles,50119A08,218186.78
2021,Mendoza,50,Tunuyán,50119,Los Chacales,50119A09,102427.15
2021,Mendoza,50,Tunuyán,50119,Villa Seca,50119A14,129016.78
2021,Mendoza,50,Tupungato,50126,Cordón del Plata,50126020,72199.1
2021,Mendoza,50,Tupungato,50126,Cordón del Plata,50126020,6148.7
2021,Mendoza,50,Tupungato,50126,Cordón del Plata,50126020,245345.21
2021,Mendoza,50,Tupungato,50126,El Peral,50126030,83346.36
2021,Mendoza,50,Tupungato,50126,El Zampal,50126035,118454.7
2021,Mendoza,50,Tupungato,50126,La Arboleda,50126040,184601.31
2021,Mendoza,50,Tupungato,50126,San José,50126050,38145.79
2021,Mendoza,50,Tupungato,50126,Villa Bastias,50126060,40166.59
2021,Mendoza,50,Tupungato,50126,Tupungato,50126060,17354.37
2021,Mendoza,50,Tupungato,50126,Tupungato,50126060,65108.66
2021,Mendoza,50,Tupungato,50126,Anchoris,50126A01,33257.92
2021,Mendoza,50,Tupungato,50126,Ancón,50126A02,54.1
2021,Mendoza,50,Tupungato,50126,Gualtallary,50126A05,223179.62
2021,Mendoza,50,Tupungato,50126,Zapata,50126A12,6169.6
2021,Neuquén,58,Añelo,58014,Añelo,58014010,5212.1
2021,Neuquén,58,Añelo,58014,San Patricio del Chañar,58014020,105470.91
2021,Neuquén,58,Confluencia,58035,Centenario,58035030,42.5
2021,Neuquén,58,Confluencia,58035,Cutral Có,58035040,287.1
2021,Neuquén,58,Confluencia,58035,Mari Menuco,58035060,2228.2
2021,Neuquén,58,Confluencia,58035,Senillosa,58035110,675.6
2021,Neuquén,58,Lácar,58056,San Martín de los Andes,58056010,20.5
2021,Neuquén,58,Picún Leufú,58098,Picún Leufú,58098020,309.6
2021,Río Negro,62,Adolfo Alsina,62007,San Javier,62007080,1369.93
2021,Río Negro,62,Adolfo Alsina,62007,Viedma,62007090,635.39
2021,Río Negro,62,Avellaneda,62014,Darwin,62014060,2252.46
2021,Río Negro,62,Avellaneda,62014,Luis Beltrán,62014080,346
2021,Río Negro,62,Avellaneda,62014,Pomona,62014090,3458.84
2021,Río Negro,62,Bariloche,62021,El Bolsón,62021030,9.97
2021,Río Negro,62,El Cuy,62035,El Cuy,62035030,267
2021,Río Negro,62,El Cuy,62035,Valle Azul,62035080,1649.6
2021,Río Negro,62,General Roca,62042,Allen,62042010,4661.78
2021,Río Negro,62,General Roca,62042,Barrio Guerrico,62042160,307.95
2021,Río Negro,62,General Roca,62042,Cervantes,62042370,285.66
2021,Río Negro,62,General Roca,62042,Cipolletti,62042400,105.5
2021,Río Negro,62,General Roca,62042,General Enrique Godoy,62042430,1103.5
2021,Río Negro,62,General Roca,62042,General Fernández Oro,62042440,2025.16
2021,Río Negro,62,General Roca,62042,General Roca,62042450,999.8
2021,Río Negro,62,General Roca,62042,General Roca,62042450,11400.65
2021,Río Negro,62,General Roca,62042,Ingeniero Luis A. Huergo,62042460,1925.38
2021,Río Negro,62,General Roca,62042,Mainqué,62042480,10692.85
2021,Río Negro,62,General Roca,62042,Villa Alberdi,62042530,25.2
2021,Río Negro,62,General Roca,62042,Villa Manzano,62042550,1434.7
2021,Río Negro,62,General Roca,62042,Villa Regina,62042560,340.4
2021,Salta,66,Cachi,66014,Cachi,66014010,2078.94
2021,Salta,66,Cachi,66014,Payogasta,66014020,2646
2021,Salta,66,Cafayate,66021,Cafayate,66021010,3803.47
2021,Salta,66,Cafayate,66021,Cafayate,66021010,6245.8
2021,Salta,66,Cafayate,66021,Cafayate,66021010,197456.04
2021,Salta,66,Cafayate,66021,Tolombón,66021020,43306.68
2021,Salta,66,Cafayate,66021,Chuscha,66021A01,112.6
2021,Salta,66,Cafayate,66021,Las Conchas,66021A04,66.4
2021,Salta,66,Cafayate,66021,Yacochuya Norte,66021A05,5196.4
2021,Salta,66,La Viña,66098,Las Curtiembres,66098A08,95
2021,Salta,66,Molinos,66119,Molinos,66119020,1889.66
2021,Salta,66,Molinos,66119,Seclantás,66119030,45.6
2021,Salta,66,Molinos,66119,Colomé,66119A06,3782.6
2021,Salta,66,Molinos,66119,Colomé,66119A06,216.64
2021,Salta,66,Molinos,66119,Luracatao,66119A10,183.8
2021,Salta,66,San Carlos,66154,Angastaco,66154010,3928.28
2021,Salta,66,San Carlos,66154,Animaná,66154020,32544.51
2021,Salta,66,San Carlos,66154,San Carlos,66154040,269.64
2021,Salta,66,San Carlos,66154,San Carlos,66154040,6311.4
2021,Salta,66,San Carlos,66154,Corralito,66154A01,424.8
2021,Salta,66,San Carlos,66154,Santa Rosa,66154A26,106
2021,San Juan,70,Albardón,70007,El Rincón,70007010,94166.52
2021,San Juan,70,Albardón,70007,El Rincón,70007010,4050.6
2021,San Juan,70,Albardón,70007,Villa General San Martín - Campo Afuera,70007020,3054.3
2021,San Juan,70,Albardón,70007,Villa General San Martín - Campo Afuera,70007020,22963
2021,San Juan,70,Albardón,70007,Villa General San Martín - Campo Afuera,70007020,1772
2021,San Juan,70,Albardón,70007,Villa General San Martín - Campo Afuera,70007020,28028.9
2021,San Juan,70,Albardón,70007,Villa General San Martín - Campo Afuera,70007020,13587.32
2021,San Juan,70,Albardón,70007,Baños La Laja,70007A02,788.2
2021,San Juan,70,Albardón,70007,El Salado,70007A03,8903.4
2021,San Juan,70,Albardón,70007,Las Tapias,70007A04,3873.2
2021,San Juan,70,Albardón,70007,Las Tapias,70007A04,2496.7
2021,San Juan,70,Angaco,70014,Las Tapias,70014010,54585.94
2021,San Juan,70,Angaco,70014,Villa El Salvador,70014020,19674.51
2021,San Juan,70,Angaco,70014,Villa El Salvador,70014020,81139.62
2021,San Juan,70,Angaco,70014,Villa El Salvador,70014020,15983.2
2021,San Juan,70,Angaco,70014,Villa Sefair,70014020,49559.97
2021,San Juan,70,Angaco,70014,El Alamito,70014A01,6279.8
2021,San Juan,70,Angaco,70014,El Bosque,70014A02,31992.71
2021,San Juan,70,Angaco,70014,Punta del Monte,70014A05,71621.68
2021,San Juan,70,Calingasta,70021,Barreal - Villa Pituil,70021010,1068.45
2021,San Juan,70,Calingasta,70021,Tamberías,70021030,6889
2021,San Juan,70,Calingasta,70021,Hilario,70021A10,1972.8
2021,San Juan,70,Calingasta,70021,Puchuzún,70021A28,76.4
2021,San Juan,70,Calingasta,70021,Sorocayense,70021A30,5613.5
2021,San Juan,70,Calingasta,70021,Villa Corral,70021A31,882.16
2021,San Juan,70,Caucete,70035,Caucete,70035020,3195.5
2021,San Juan,70,Caucete,70035,Caucete,70035020,211.2
2021,San Juan,70,Caucete,70035,Caucete,70035020,1401.2
2021,San Juan,70,Caucete,70035,Caucete,70035020,189.4
2021,San Juan,70,Caucete,70035,Caucete,70035020,323987.24
2021,San Juan,70,Caucete,70035,El Rincón,70035030,90752.93
2021,San Juan,70,Caucete,70035,Las Talas - Los Médanos,70035040,29582.6
2021,San Juan,70,Caucete,70035,Pie de Palo,70035060,25104.4
2021,San Juan,70,Caucete,70035,Villa Independencia,70035080,96135.8
2021,San Juan,70,Caucete,70035,La Puntilla,70035A02,168280.45
2021,San Juan,70,Caucete,70035,Pozo de los Algarrobos,70035A07,164307.52
2021,San Juan,70,Chimbas,70042,Chimbas,70042010,6569.9
2021,San Juan,70,Chimbas,70042,Chimbas,70042010,122735.1
2021,San Juan,70,Iglesia,70049,Las Flores,70049040,62
2021,San Juan,70,9 de Julio,70063,Alto de Sierra,70063010,2551
2021,San Juan,70,9 de Julio,70063,Las Chacritas,70063030,7117.9
2021,San Juan,70,9 de Julio,70063,Las Chacritas,70063030,31.6
2021,San Juan,70,9 de Julio,70063,Las Chacritas,70063030,80936.5
2021,San Juan,70,9 de Julio,70063,9 de Julio,70063040,206117.92
2021,San Juan,70,9 de Julio,70063,La Majadita,70063A00,30024.8
2021,San Juan,70,9 de Julio,70063,Rincón Cercado,70063A02,18990.1
2021,San Juan,70,Pocito,70070,Carpintería,70070020,126472.36
2021,San Juan,70,Pocito,70070,Las Piedritas,70070025,1988.2
2021,San Juan,70,Pocito,70070,Quinto Cuartel,70070030,1512
2021,San Juan,70,Pocito,70070,La Rinconada,70070040,67818.3
2021,San Juan,70,Pocito,70070,Villa Aberastain,70070040,62453.76
2021,San Juan,70,Pocito,70070,Villa Aberastain,70070040,22447.2
2021,San Juan,70,Pocito,70070,Villa Aberastain,70070040,1133.6
2021,San Juan,70,Pocito,70070,Villa Nacusi,70070050,4656
2021,San Juan,70,Pocito,70070,Villa Nacusi,70070050,84.2
2021,San Juan,70,Pocito,70070,Villa Nacusi,70070050,788.4
2021,San Juan,70,Rawson,70077,Rawson,70077010,269.15
2021,San Juan,70,Rawson,70077,Rawson,70077010,3165
2021,San Juan,70,Rawson,70077,El Medanito,70077010,15179.1
2021,San Juan,70,Rawson,70077,Rawson,70077010,48709
2021,San Juan,70,Rawson,70077,Rawson,70077010,2252.5
2021,San Juan,70,Rawson,70077,Colonia Médano de Oro,70077A00,97474.9
2021,San Juan,70,Rawson,70077,Colonia Rodas,70077A02,6700.52
2021,San Juan,70,Rawson,70077,Colonia Rodas,70077A02,1407.4
2021,San Juan,70,Rivadavia,70084,Rivadavia,70084010,8078.6
2021,San Juan,70,Rivadavia,70084,Rivadavia,70084010,9815.1
2021,San Juan,70,Rivadavia,70084,Rivadavia,70084010,8246.95
2021,San Juan,70,San Martín,70091,Dos Acequias,70091020,155914.39
2021,San Juan,70,San Martín,70091,San Isidro,70091030,99815.35
2021,San Juan,70,San Martín,70091,Villa San Martín,70091070,146838.69
2021,San Juan,70,San Martín,70091,Los Compartos,70091A01,23857.2
2021,San Juan,70,San Martín,70091,Los Compartos,70091A01,10173.6
2021,San Juan,70,San Martín,70091,Los Compartos,70091A01,154697.38
2021,San Juan,70,San Martín,70091,Villa Lugano,70091A02,10812.8
2021,San Juan,70,San Martín,70091,Villa Lugano,70091A02,5756.8
2021,San Juan,70,Santa Lucía,70098,Santa Lucía,70098010,7832
2021,San Juan,70,Santa Lucía,70098,Colonia Gutiérrez,70098010,61102.27
2021,San Juan,70,Santa Lucía,70098,Santa Lucía,70098010,7609.6
2021,San Juan,70,Santa Lucía,70098,Santa Lucía,70098010,9978.8
2021,San Juan,70,Santa Lucía,70098,Colonia Gutiérrez,70098010,3897.13
2021,San Juan,70,Santa Lucía,70098,Santa Lucía,70098010,56423
2021,San Juan,70,Santa Lucía,70098,Santa Lucía,70098010,9457.8
2021,San Juan,70,Santa Lucía,70098,Colonia Gutiérrez,70098010,25878.86
2021,San Juan,70,Sarmiento,70105,Cañada Honda,70105010,43464.48
2021,San Juan,70,Sarmiento,70105,Colonia Fiscal,70105030,137158.9
2021,San Juan,70,Sarmiento,70105,Guanacache,70105050,3671.44
2021,San Juan,70,Sarmiento,70105,Las Lagunas,70105060,63400.4
2021,San Juan,70,Sarmiento,70105,Los Berros,70105070,517.8
2021,San Juan,70,Sarmiento,70105,Los Berros,70105070,628.6
2021,San Juan,70,Sarmiento,70105,Pedernal,70105080,80422.14
2021,San Juan,70,Sarmiento,70105,Punta del Médano,70105090,39729.7
2021,San Juan,70,Sarmiento,70105,Villa Media Agua,70105100,192736.73
2021,San Juan,70,Sarmiento,70105,Villa Media Agua,70105100,52606.21
2021,San Juan,70,Sarmiento,70105,Cochagual,70105A01,341175
2021,San Juan,70,Sarmiento,70105,San Carlos,70105A07,20813.5
2021,San Juan,70,Sarmiento,70105,Tres Esquinas,70105A08,44104.38
2021,San Juan,70,Ullum,70112,Villa Ibáñez,70112010,2758
2021,San Juan,70,Ullum,70112,Villa Ibáñez,70112010,81983.17
2021,San Juan,70,Ullum,70112,La Banderita,70112A04,1302.6
2021,San Juan,70,25 de Mayo,70126,Tupelí,70126020,7214.3
2021,San Juan,70,25 de Mayo,70126,Tupelí,70126020,53578.71
2021,San Juan,70,25 de Mayo,70126,Villa Borjas - La Chimbera,70126030,90622.98
2021,San Juan,70,25 de Mayo,70126,Villa Santa Rosa,70126050,85212.57
2021,San Juan,70,25 de Mayo,70126,Villa Santa Rosa,70126050,190509.6
2021,San Juan,70,25 de Mayo,70126,Villa Santa Rosa,70126050,10589.28
2021,San Juan,70,25 de Mayo,70126,Villa Santa Rosa,70126050,205631.12
2021,San Juan,70,25 de Mayo,70126,Villa Santa Rosa,70126050,15624.9
2021,San Juan,70,25 de Mayo,70126,Algarrobo Verde,70126A00,12499
2021,San Juan,70,25 de Mayo,70126,Cuatro Esquinas,70126A04,3544.5
2021,San Juan,70,25 de Mayo,70126,Las Casuarinas,70126A06,226617.9
2021,San Juan,70,25 de Mayo,70126,Punta del Médano,70126A09,10967.8
2021,San Juan,70,Zonda,70133,Villa Basilio Nievas,70133010,23871.4
2021,San Juan,70,Zonda,70133,Villa Basilio Nievas,70133010,4013.3
2021,San Juan,70,Zonda,70133,Villa Basilio Nievas,70133010,41977.2
2021,San Juan,70,Zonda,70133,Villa Basilio Nievas,70133010,26523.01
2021,San Juan,70,Zonda,70133,Villa Basilio Nievas,70133010,1743.2
2021,San Luis,74,Junín,74049,Santa Rosa del Conlara,74049070,211.91
2021,San Luis,74,Juan Martín de Pueyrredón,74056,Beazley,74056040,312
2021,San Luis,74,Juan Martín de Pueyrredón,74056,San Luis,74056150,56.1
2021,Tucumán,90,Tafí del Valle,90098,Amaicha del Valle,90098010,68.69
2021,Tucumán,90,Tafí del Valle,90098,Amaicha del Valle,90098010,3.44
2021,Tucumán,90,Tafí del Valle,90098,Colalao del Valle,90098020,1677.11
2021,Tucumán,90,Tafí del Valle,90098,El Bañado,90098A12,98
2021,Tucumán,90,Tafí del Valle,90098,El Paso,90098A18,802.01
2021,Tucumán,90,Tafí del Valle,90098,Los Zazos,90098A40,55.3
2021,Tucumán,90,Tafí del Valle,90098,Quilmes,90098A48,14.54
2022,Buenos Aires,06,Balcarce,06063,Balcarce,06063010,331.68
2022,Buenos Aires,06,Coronel Pringles,06196,Coronel Pringles,06196010,45
2022,Buenos Aires,06,General Juan Madariaga,06315,Macedo,06315A13,9
2022,Buenos Aires,06,General Pueyrredón,06357,Batán,06357070,108.4
2022,Buenos Aires,06,General Pueyrredón,06357,Chapadmalal,06357080,959.84
2022,Buenos Aires,06,Tornquist,06819,Saldungaray,06819020,228.2
2022,Buenos Aires,06,Tornquist,06819,Villa Ventana,06819070,22.17
2022,Buenos Aires,06,Villarino,06875,Médanos,06875060,919.98
2022,Catamarca,10,Belén,10035,Hualfín,10035070,13603.71
2022,Catamarca,10,Belén,10035,Los Nacimientos,10035120,124.4
2022,Catamarca,10,Belén,10035,Puerta de Corral Quemado,10035130,577.9
2022,Catamarca,10,Belén,10035,San Fernando,10035A42,331.1
2022,Catamarca,10,Pomán,10084,Siján,10084110,560.7
2022,Catamarca,10,Santa María,10091,Andalhualá,10091010,42.8
2022,Catamarca,10,Santa María,10091,Lampacito,10091030,1012.88
2022,Catamarca,10,Santa María,10091,Lampacito,10091030,4968.5
2022,Catamarca,10,Santa María,10091,Chañar Punco,10091030,34875.8
2022,Catamarca,10,Santa María,10091,Famatanca,10091070,117.5
2022,Catamarca,10,Santa María,10091,Fuerte Quemado,10091080,4671.6
2022,Catamarca,10,Santa María,10091,La Loma,10091100,62.2
2022,Catamarca,10,Santa María,10091,Las Mojarras,10091110,759.05
2022,Catamarca,10,Santa María,10091,El Cerrito,10091110,134
2022,Catamarca,10,Santa María,10091,Punta de Balasto,10091130,207
2022,Catamarca,10,Santa María,10091,San José,10091140,2394.8
2022,Catamarca,10,Santa María,10091,Palo Seco,10091140,16
2022,Catamarca,10,Santa María,10091,Santa María,10091150,9600.1
2022,Catamarca,10,Santa María,10091,Santa María,10091150,5852.2
2022,Catamarca,10,Santa María,10091,Yapes,10091160,15
2022,Catamarca,10,Tinogasta,10105,Anillaco,10105010,1552.4
2022,Catamarca,10,Tinogasta,10105,Copacabana,10105050,8724.3
2022,Catamarca,10,Tinogasta,10105,El Puesto,10105090,9158.6
2022,Catamarca,10,Tinogasta,10105,Fiambalá,10105110,9861.54
2022,Catamarca,10,Tinogasta,10105,Medanitos,10105130,35233.47
2022,Catamarca,10,Tinogasta,10105,Tinogasta,10105180,26756.84
2022,Catamarca,10,Tinogasta,10105,Tinogasta,10105180,3330.4
2022,Catamarca,10,Tinogasta,10105,Tinogasta,10105180,6324
2022,Catamarca,10,Tinogasta,10105,San José Norte,10105A27,12170.4
2022,Córdoba,14,Calamuchita,14007,San Agustín,14007180,132.36
2022,Córdoba,14,Calamuchita,14007,Villa Ciudad Parque Los Reartes,14007270,452.03
2022,Córdoba,14,Calamuchita,14007,Villa General Belgrano,14007310,16.55
2022,Córdoba,14,Calamuchita,14007,Atos Pampa,14007A01,129.9
2022,Córdoba,14,Colón,14021,Colonia Caroya,14021050,4066.09
2022,Córdoba,14,Colón,14021,Colonia Vicente Agüero,14021070,247.4
2022,Córdoba,14,Cruz del Eje,14028,Cruz del Eje,14028050,90
2022,Córdoba,14,Cruz del Eje,14028,Las Playas,14028130,118.94
2022,Córdoba,14,Cruz del Eje,14028,San Marcos Sierra,14028170,46
2022,Córdoba,14,Ischilín,14049,Quilino,14049100,522.92
2022,Córdoba,14,Ischilín,14049,Ischilín,14049A07,340.2
2022,Córdoba,14,San Javier,14133,Las Chacras,14133095,42.13
2022,Córdoba,14,San Javier,14133,Las Tapias,14133100,31.75
2022,Córdoba,14,San Javier,14133,Luyaba,14133150,27
2022,Córdoba,14,San Javier,14133,San Javier y Yacanto,14133170,20
2022,Córdoba,14,San Javier,14133,San Javier y Yacanto,14133170,158
2022,Córdoba,14,Santa María,14147,Potrero de Garay,14147230,235.3
2022,Córdoba,14,Santa María,14147,Valle de Anisacate,14147300,52.4
2022,Córdoba,14,Tulumba,14175,San Pedro Norte,14175100,120.8
2022,Chubut,26,Cushamen,26014,El Hoyo,26014040,125.22
2022,Chubut,26,Cushamen,26014,Lago Puelo,26014090,8.74
2022,Chubut,26,Futaleufú,26035,Trevelín,26035060,181.78
2022,Chubut,26,Paso de Indios,26070,Los Altares,26070020,20.7
2022,Chubut,26,Sarmiento,26091,Sarmiento,26091020,3366.51
2022,Entre Ríos,30,Colón,30008,Colón,30008020,196.51
2022,Entre Ríos,30,Colón,30008,Ubajay,30008100,10
2022,Entre Ríos,30,Colón,30008,Colonia San Anselmo,30008A13,109.36
2022,Entre Ríos,30,Concordia,30015,La Criolla,30015090,962.41
2022,Entre Ríos,30,Diamante,30021,Colonia Ensayo,30021070,240.1
2022,Entre Ríos,30,Diamante,30021,Estación Puiggari,30021150,180
2022,Entre Ríos,30,Gualeguaychú,30056,Gualeguaychú,30056070,167.69
2022,Jujuy,38,El Carmen,38014,Barrio El Milagro,38014020,141.47
2022,Jujuy,38,El Carmen,38014,Monterrico,38014070,484.79
2022,Jujuy,38,Dr. Manuel Belgrano,38021,Guerrero,38021010,46.41
2022,Jujuy,38,Tilcara,38094,Colonia San José,38094010,90
2022,Jujuy,38,Tilcara,38094,Huacalera,38094020,337.45
2022,Jujuy,38,Tilcara,38094,Maimará,38094040,589.8
2022,Jujuy,38,Tilcara,38094,Tilcara,38094050,43.18
2022,Jujuy,38,Tumbaya,38098,Purmamarca,38098030,162.52
2022,Jujuy,38,Tumbaya,38098,Tumbaya,38098040,103.92
2022,La Pampa,42,Curacó,42042,Gobernador Duval,42042010,334.47
2022,La Pampa,42,Puelén,42112,25 de Mayo,42112020,22609.8
2022,La Rioja,46,Castro Barros,46021,Aminga,46021010,22998.8
2022,La Rioja,46,Castro Barros,46021,Anillaco,46021020,5740.77
2022,La Rioja,46,General Felipe Varela,46028,Guandacol,46028020,44246.66
2022,La Rioja,46,General Felipe Varela,46028,Santa Clara,46028020,925.8
2022,La Rioja,46,General Felipe Varela,46028,Los Palacios,46028030,3374.5
2022,La Rioja,46,General Felipe Varela,46028,Pagancillo,46028040,1968.4
2022,La Rioja,46,General Felipe Varela,46028,Villa Unión,46028050,11181.6
2022,La Rioja,46,General Felipe Varela,46028,Banda Florida,46028050,1545.1
2022,La Rioja,46,General Felipe Varela,46028,Paso San Isidro,46028A14,166.1
2022,La Rioja,46,Chilecito,46042,Anguinán,46042010,126174.37
2022,La Rioja,46,Chilecito,46042,Los Sarmientos,46042010,98.4
2022,La Rioja,46,Chilecito,46042,San Miguel,46042010,108.1
2022,La Rioja,46,Chilecito,46042,Colonia Catinzaco,46042030,6930.1
2022,La Rioja,46,Chilecito,46042,Guanchín,46042060,767.6
2022,La Rioja,46,Chilecito,46042,Malligasta,46042070,125537.56
2022,La Rioja,46,Chilecito,46042,Nonogasta,46042090,110784.87
2022,La Rioja,46,Chilecito,46042,San Nicolás,46042100,3534.6
2022,La Rioja,46,Chilecito,46042,Sañogasta,46042120,1900
2022,La Rioja,46,Chilecito,46042,Tilimuqui,46042130,66322.24
2022,La Rioja,46,Chilecito,46042,Vichigasta,46042140,138561.24
2022,La Rioja,46,Famatina,46049,Angulos,46049020,4915.7
2022,La Rioja,46,Famatina,46049,Antinaco,46049030,2888.9
2022,La Rioja,46,Famatina,46049,Chañarmuyo,46049060,7978.6
2022,La Rioja,46,Famatina,46049,Famatina,46049070,35.9
2022,La Rioja,46,Famatina,46049,Famatina,46049070,6985.7
2022,La Rioja,46,Famatina,46049,Famatina,46049070,806.6
2022,La Rioja,46,Famatina,46049,Pituil,46049090,6259.1
2022,La Rioja,46,Famatina,46049,Plaza Vieja,46049100,1624.2
2022,La Rioja,46,General Lamadrid,46077,Villa Castelli,46077010,450.6
2022,La Rioja,46,General Lamadrid,46077,Villa Castelli,46077010,9467.8
2022,La Rioja,46,Vinchina,46098,Villa San José de Vinchina,46098020,2339.5
2022,La Rioja,46,San Blas de Los Sauces,46119,Shaqui,46119010,4979.17
2022,La Rioja,46,San Blas de Los Sauces,46119,Alpasinche,46119010,247.6
2022,La Rioja,46,San Blas de Los Sauces,46119,Chaupihuasi,46119010,236.4
2022,La Rioja,46,San Blas de Los Sauces,46119,San Blas,46119010,327.9
2022,La Rioja,46,Sanagasta,46126,Villa Sanagasta,46126010,20.6
2022,La Rioja,46,Sanagasta,46126,Huaco,46126A02,887.4
2022,Mendoza,50,General Alvear,50014,Bowen,50014010,74384.09
2022,Mendoza,50,General Alvear,50014,Bowen,50014010,1782.2
2022,Mendoza,50,General Alvear,50014,Carmensa,50014020,13637.8
2022,Mendoza,50,General Alvear,50014,Carmensa,50014020,674
2022,Mendoza,50,General Alvear,50014,General Alvear,50014030,6869.7
2022,Mendoza,50,General Alvear,50014,General Alvear,50014030,13139.13
2022,Mendoza,50,General Alvear,50014,General Alvear,50014030,2003.4
2022,Mendoza,50,General Alvear,50014,General Alvear,50014030,9894.81
2022,Mendoza,50,General Alvear,50014,General Alvear,50014030,15096.48
2022,Mendoza,50,General Alvear,50014,Los Compartos,50014040,34090.9
2022,Mendoza,50,General Alvear,50014,El Ceibo,50014A08,3855.31
2022,Mendoza,50,General Alvear,50014,El Ceibo,50014A08,807.4
2022,Mendoza,50,General Alvear,50014,La California,50014A12,2341.6
2022,Mendoza,50,General Alvear,50014,La Escandinava,50014A14,7987.03
2022,Mendoza,50,General Alvear,50014,La Marsolina,50014A16,22518.64
2022,Mendoza,50,General Alvear,50014,La Montilla,50014A17,181.4
2022,Mendoza,50,General Alvear,50014,Los Campamentos,50014A19,4926.8
2022,Mendoza,50,General Alvear,50014,Poste de Fierro,50014A24,9076.06
2022,Mendoza,50,Guaymallén,50028,Colonia Segovia,50028010,13480
2022,Mendoza,50,Guaymallén,50028,Rodeo de la Cruz,50028020,1974.2
2022,Mendoza,50,Guaymallén,50028,San Francisco del Monte,50028020,138
2022,Mendoza,50,Guaymallén,50028,Villa Nueva,50028020,811.9
2022,Mendoza,50,Guaymallén,50028,Bermejo,50028020,3887.9
2022,Mendoza,50,Guaymallén,50028,Buena Nueva,50028020,2103.4
2022,Mendoza,50,Guaymallén,50028,El Sauce,50028020,6040.6
2022,Mendoza,50,Guaymallén,50028,Dorrego,50028020,3649.6
2022,Mendoza,50,Guaymallén,50028,La Primavera,50028030,2765.2
2022,Mendoza,50,Guaymallén,50028,La Primavera,50028030,16.4
2022,Mendoza,50,Guaymallén,50028,La Primavera,50028030,750.6
2022,Mendoza,50,Guaymallén,50028,Los Corralitos,50028040,5955.8
2022,Mendoza,50,Junín,50035,Ingeniero Giagnoni,50035010,2216.6
2022,Mendoza,50,Junín,50035,Junín,50035020,1267.8
2022,Mendoza,50,Junín,50035,Junín,50035020,16461.5
2022,Mendoza,50,Junín,50035,Junín,50035020,111662.08
2022,Mendoza,50,Junín,50035,Junín,50035020,1710.4
2022,Mendoza,50,Junín,50035,La Colonia,50035030,86440.27
2022,Mendoza,50,Junín,50035,Los Barriales,50035040,130.8
2022,Mendoza,50,Junín,50035,Los Barriales,50035040,161387.78
2022,Mendoza,50,Junín,50035,Los Barriales,50035040,3553
2022,Mendoza,50,Junín,50035,Medrano,50035050,1678.6
2022,Mendoza,50,Junín,50035,Medrano,50035050,4950.2
2022,Mendoza,50,Junín,50035,Medrano,50035050,224727.46
2022,Mendoza,50,Junín,50035,Phillips,50035060,236299.97
2022,Mendoza,50,Junín,50035,Rodríguez Peña,50035070,124747.89
2022,Mendoza,50,Junín,50035,Algarrobo Grande,50035A00,150913.69
2022,Mendoza,50,Junín,50035,Algarrobo Grande,50035A00,10852.7
2022,Mendoza,50,Junín,50035,Algarrobo Grande,50035A00,9042.9
2022,Mendoza,50,Junín,50035,Alto Verde,50035A01,97088.53
2022,Mendoza,50,Junín,50035,Alto Verde,50035A01,25917.1
2022,Mendoza,50,Junín,50035,Tres Esquinas,50035A02,514.8
2022,Mendoza,50,La Paz,50042,La Paz,50042020,197.8
2022,Mendoza,50,La Paz,50042,La Paz,50042020,2780.64
2022,Mendoza,50,La Paz,50042,Villa Antigua,50042030,1763.8
2022,Mendoza,50,La Paz,50042,Las Chacritas,50042A07,665.8
2022,Mendoza,50,Las Heras,50049,Jocolí,50049030,7476.2
2022,Mendoza,50,Las Heras,50049,Las Heras,50049050,6130.2
2022,Mendoza,50,Las Heras,50049,El Algarrobal,50049050,22376.4
2022,Mendoza,50,Las Heras,50049,Capdevila,50049050,39247.31
2022,Mendoza,50,Las Heras,50049,Panquehuá,50049050,1805.2
2022,Mendoza,50,Las Heras,50049,Las Heras,50049050,569.8
2022,Mendoza,50,Las Heras,50049,El Plumerillo,50049050,1138.6
2022,Mendoza,50,Las Heras,50049,El Challao,50049050,138.05
2022,Mendoza,50,Las Heras,50049,El Borbollón,50049050,18876.19
2022,Mendoza,50,Las Heras,50049,Polvaredas,50049080,398.4
2022,Mendoza,50,Las Heras,50049,Uspallata,50049110,113.5
2022,Mendoza,50,Las Heras,50049,El Pastal,50049A04,16819.2
2022,Mendoza,50,Las Heras,50049,El Pastal,50049A04,999.4
2022,Mendoza,50,Lavalle,50056,Barrio Alto del Olvido,50056010,1479.2
2022,Mendoza,50,Lavalle,50056,Barrio La Palmera,50056030,33866.7
2022,Mendoza,50,Lavalle,50056,Barrio La Pega,50056040,29932.9
2022,Mendoza,50,Lavalle,50056,Costa de Araujo,50056080,466048.39
2022,Mendoza,50,Lavalle,50056,Costa de Araujo,50056080,383.2
2022,Mendoza,50,Lavalle,50056,Costa de Araujo,50056080,1240.2
2022,Mendoza,50,Lavalle,50056,El Paramillo,50056090,30500.3
2022,Mendoza,50,Lavalle,50056,El Vergel,50056100,11543.1
2022,Mendoza,50,Lavalle,50056,Ingeniero Gustavo André,50056110,239660.9
2022,Mendoza,50,Lavalle,50056,Jocolí,50056120,75067.22
2022,Mendoza,50,Lavalle,50056,Jocolí Viejo,50056130,15786.6
2022,Mendoza,50,Lavalle,50056,Las Violetas,50056140,7925.85
2022,Mendoza,50,Lavalle,50056,3 de Mayo,50056150,3959
2022,Mendoza,50,Lavalle,50056,3 de Mayo,50056150,38989.2
2022,Mendoza,50,Lavalle,50056,Villa Tulumaya,50056160,22164.2
2022,Mendoza,50,Lavalle,50056,Villa Tulumaya,50056160,3286.6
2022,Mendoza,50,Lavalle,50056,El Carmen,50056A05,15817.6
2022,Mendoza,50,Lavalle,50056,El Chilcal,50056A06,23445.4
2022,Mendoza,50,Lavalle,50056,El Plumero,50056A09,1004
2022,Mendoza,50,Lavalle,50056,El Plumero,50056A09,82159.7
2022,Mendoza,50,Lavalle,50056,El Retiro,50056A12,4460
2022,Mendoza,50,Lavalle,50056,La Asunción,50056A15,2345.4
2022,Mendoza,50,Lavalle,50056,La Holanda,50056A17,10259.2
2022,Mendoza,50,Lavalle,50056,San Francisco,50056A24,16842.5
2022,Mendoza,50,Lavalle,50056,San José,50056A26,349.2
2022,Mendoza,50,Luján de Cuyo,50063,Agrelo,50063010,528722.1
2022,Mendoza,50,Luján de Cuyo,50063,El Carrizal,50063050,182469.01
2022,Mendoza,50,Luján de Cuyo,50063,Las Compuertas,50063070,18461.34
2022,Mendoza,50,Luján de Cuyo,50063,Mayor Drummond,50063090,19773.1
2022,Mendoza,50,Luján de Cuyo,50063,Luján de Cuyo,50063090,7273.48
2022,Mendoza,50,Luján de Cuyo,50063,Chacras de Coria,50063090,3166.51
2022,Mendoza,50,Luján de Cuyo,50063,Carrodilla,50063090,3793.88
2022,Mendoza,50,Luján de Cuyo,50063,Vistalba,50063090,31290.32
2022,Mendoza,50,Luján de Cuyo,50063,Perdriel,50063100,98803.76
2022,Mendoza,50,Luján de Cuyo,50063,Perdriel,50063100,19.5
2022,Mendoza,50,Luján de Cuyo,50063,Potrerillos,50063110,136.2
2022,Mendoza,50,Luján de Cuyo,50063,Ugarteche,50063120,350754.14
2022,Mendoza,50,Luján de Cuyo,50063,Anchoris,50063A01,7363.67
2022,Mendoza,50,Luján de Cuyo,50063,Baños Lunlunta,50063A02,2160.56
2022,Mendoza,50,Luján de Cuyo,50063,Industrial,50063A03,453
2022,Mendoza,50,Maipú,50070,Barrancas,50070010,226.2
2022,Mendoza,50,Maipú,50070,Barrancas,50070010,322359.16
2022,Mendoza,50,Maipú,50070,Barrio Jesús de Nazaret,50070020,388.45
2022,Mendoza,50,Maipú,50070,Cruz de Piedra,50070030,46422.91
2022,Mendoza,50,Maipú,50070,Cruz de Piedra,50070030,47428.2
2022,Mendoza,50,Maipú,50070,El Pedregal,50070040,2758.8
2022,Mendoza,50,Maipú,50070,Fray Luis Beltrán,50070050,32204.3
2022,Mendoza,50,Maipú,50070,Fray Luis Beltrán,50070050,23861.14
2022,Mendoza,50,Maipú,50070,Fray Luis Beltrán,50070050,420976.84
2022,Mendoza,50,Maipú,50070,Maipú,50070060,2511.98
2022,Mendoza,50,Maipú,50070,General Gutiérrez,50070060,1517.1
2022,Mendoza,50,Maipú,50070,Coquimbito,50070060,27201.33
2022,Mendoza,50,Maipú,50070,Rodeo del Medio,50070070,304.2
2022,Mendoza,50,Maipú,50070,Rodeo del Medio,50070070,74539.1
2022,Mendoza,50,Maipú,50070,Rodeo del Medio,50070070,5755.28
2022,Mendoza,50,Maipú,50070,Rodeo del Medio,50070070,1020.2
2022,Mendoza,50,Maipú,50070,Russell,50070080,35811.7
2022,Mendoza,50,Maipú,50070,San Roque,50070090,27732.68
2022,Mendoza,50,Maipú,50070,San Roque,50070090,55346.57
2022,Mendoza,50,Maipú,50070,El Paraíso,50070A01,16018.94
2022,Mendoza,50,Maipú,50070,Los Álamos,50070A02,6388.2
2022,Mendoza,50,Rivadavia,50084,Andrade,50084010,108779.7
2022,Mendoza,50,Rivadavia,50084,El Mirador,50084040,158849.82
2022,Mendoza,50,Rivadavia,50084,El Mirador,50084040,10329.56
2022,Mendoza,50,Rivadavia,50084,La Central,50084050,222006.75
2022,Mendoza,50,Rivadavia,50084,La Libertad,50084080,132393.59
2022,Mendoza,50,Rivadavia,50084,Los Árboles,50084090,64883.96
2022,Mendoza,50,Rivadavia,50084,Los Campamentos,50084100,386940.8
2022,Mendoza,50,Rivadavia,50084,Medrano,50084110,88982.73
2022,Mendoza,50,Rivadavia,50084,Mundo Nuevo,50084120,10467.5
2022,Mendoza,50,Rivadavia,50084,Reducción de Abajo,50084130,94616.08
2022,Mendoza,50,Rivadavia,50084,Rivadavia,50084140,75129.13
2022,Mendoza,50,Rivadavia,50084,Santa María de Oro,50084150,65028.5
2022,Mendoza,50,San Carlos,50091,Barrio El Cepillo,50091010,34490.06
2022,Mendoza,50,San Carlos,50091,Chilecito,50091020,28075.5
2022,Mendoza,50,San Carlos,50091,Eugenio Bustos,50091030,164134.27
2022,Mendoza,50,San Carlos,50091,La Consulta,50091040,454.6
2022,Mendoza,50,San Carlos,50091,La Consulta,50091040,339535.88
2022,Mendoza,50,San Carlos,50091,La Consulta,50091040,5551.65
2022,Mendoza,50,San Carlos,50091,Pareditas,50091050,10775.78
2022,Mendoza,50,San Carlos,50091,San Carlos,50091060,6185.26
2022,Mendoza,50,San Carlos,50091,San Carlos,50091060,24176.29
2022,Mendoza,50,San Carlos,50091,Casas Viejas,50091A01,7125.91
2022,Mendoza,50,San Carlos,50091,El Capacho,50091A03,1821.8
2022,Mendoza,50,San Carlos,50091,Tres Esquinas,50091A17,1174.5
2022,Mendoza,50,San Martín,50098,Alto Verde,50098020,204720.52
2022,Mendoza,50,San Martín,50098,Chapanay,50098060,490832.16
2022,Mendoza,50,San Martín,50098,Chivilcoy,50098070,60406.6
2022,Mendoza,50,San Martín,50098,El Espino,50098073,34612.5
2022,Mendoza,50,San Martín,50098,El Ramblón,50098077,95387.68
2022,Mendoza,50,San Martín,50098,El Ramblón,50098077,46267.15
2022,Mendoza,50,San Martín,50098,Montecaseros,50098080,620264.45
2022,Mendoza,50,San Martín,50098,Nueva California,50098090,264587.3
2022,Mendoza,50,San Martín,50098,Palmira,50098100,151424.94
2022,Mendoza,50,San Martín,50098,San Martín,50098100,70493.53
2022,Mendoza,50,San Martín,50098,San Martín,50098100,9937.6
2022,Mendoza,50,San Martín,50098,Tres Porteñas,50098110,178436.38
2022,Mendoza,50,San Martín,50098,Alto Chapanay,50098A00,6867.6
2022,Mendoza,50,San Martín,50098,Alto Salvador,50098A01,145625.45
2022,Mendoza,50,San Martín,50098,Buen Orden,50098A03,45621.5
2022,Mendoza,50,San Martín,50098,El Central,50098A06,175872.5
2022,Mendoza,50,San Martín,50098,El Divisadero,50098A07,117250.33
2022,Mendoza,50,San Martín,50098,Las Chimbas,50098A09,38374.18
2022,Mendoza,50,San Rafael,50105,Barrio Campos El Toledano,50105010,519.2
2022,Mendoza,50,San Rafael,50105,Capitán Montoya,50105050,1813.6
2022,Mendoza,50,San Rafael,50105,Cuadro Benegas,50105060,42427.35
2022,Mendoza,50,San Rafael,50105,El Tropezón,50105090,301.8
2022,Mendoza,50,San Rafael,50105,Goudge,50105100,69277.16
2022,Mendoza,50,San Rafael,50105,Jaime Prats,50105110,67.8
2022,Mendoza,50,San Rafael,50105,Jaime Prats,50105110,24925.34
2022,Mendoza,50,San Rafael,50105,La Llave Nueva,50105120,377.6
2022,Mendoza,50,San Rafael,50105,La Llave Nueva,50105120,25907.4
2022,Mendoza,50,San Rafael,50105,Las Malvinas,50105130,394.2
2022,Mendoza,50,San Rafael,50105,Monte Comán,50105150,5750.3
2022,Mendoza,50,San Rafael,50105,Punta del Agua,50105170,6.8
2022,Mendoza,50,San Rafael,50105,Rama Caída,50105180,32496.05
2022,Mendoza,50,San Rafael,50105,Rama Caída,50105180,1267.4
2022,Mendoza,50,San Rafael,50105,Real del Padre,50105190,114921.21
2022,Mendoza,50,San Rafael,50105,Salto de las Rosas,50105200,2350.9
2022,Mendoza,50,San Rafael,50105,San Rafael,50105210,244.6
2022,Mendoza,50,San Rafael,50105,San Rafael,50105210,4059
2022,Mendoza,50,San Rafael,50105,San Rafael,50105210,222.4
2022,Mendoza,50,San Rafael,50105,Cuadro Nacional,50105210,1702
2022,Mendoza,50,San Rafael,50105,Cuadro Nacional,50105210,77128.21
2022,Mendoza,50,San Rafael,50105,San Rafael,50105210,925.2
2022,Mendoza,50,San Rafael,50105,25 de Mayo,50105220,4587.58
2022,Mendoza,50,San Rafael,50105,Villa Atuel,50105230,762.4
2022,Mendoza,50,San Rafael,50105,Villa Atuel,50105230,38579.2
2022,Mendoza,50,San Rafael,50105,Villa Atuel,50105230,23764.13
2022,Mendoza,50,San Rafael,50105,Cañada Seca,50105A04,144258.88
2022,Mendoza,50,San Rafael,50105,Cañada Seca,50105A04,365.4
2022,Mendoza,50,San Rafael,50105,Colonia Bombal y Tabanera,50105A06,7744.7
2022,Mendoza,50,San Rafael,50105,Colonia Colomer,50105A07,504.73
2022,Mendoza,50,San Rafael,50105,Colonia El Usillal,50105A08,7414.9
2022,Mendoza,50,San Rafael,50105,Colonia Elena,50105A09,4735
2022,Mendoza,50,San Rafael,50105,Colonia Española,50105A10,545.6
2022,Mendoza,50,San Rafael,50105,Colonia Gelman,50105A11,325.2
2022,Mendoza,50,San Rafael,50105,Colonia Jáuregui,50105A12,1390.2
2022,Mendoza,50,San Rafael,50105,Colonia López,50105A13,15102.07
2022,Mendoza,50,San Rafael,50105,El Cerrito,50105A22,9683.84
2022,Mendoza,50,San Rafael,50105,La Guevarina,50105A32,3565.2
2022,Mendoza,50,San Rafael,50105,La Llave Vieja,50105A35,930.8
2022,Mendoza,50,San Rafael,50105,Las Paredes,50105A44,133.4
2022,Mendoza,50,San Rafael,50105,Las Paredes,50105A44,52226.65
2022,Mendoza,50,San Rafael,50105,Los Claveles,50105A46,443
2022,Mendoza,50,San Rafael,50105,Los Sifones,50105A51,59.2
2022,Mendoza,50,San Rafael,50105,Rincón del Atuel,50105A60,634.1
2022,Mendoza,50,San Rafael,50105,Soitué,50105A64,3359.2
2022,Mendoza,50,Santa Rosa,50112,Barrio 12 de Octubre,50112010,37698.77
2022,Mendoza,50,Santa Rosa,50112,Barrio 12 de Octubre,50112010,59837.43
2022,Mendoza,50,Santa Rosa,50112,Barrio Molina Cabrera,50112030,3222.6
2022,Mendoza,50,Santa Rosa,50112,La Dormida,50112040,68145.8
2022,Mendoza,50,Santa Rosa,50112,La Dormida,50112040,15635.9
2022,Mendoza,50,Santa Rosa,50112,Las Catitas,50112050,68139.13
2022,Mendoza,50,Santa Rosa,50112,Santa Rosa,50112060,10759.79
2022,Mendoza,50,Santa Rosa,50112,Santa Rosa,50112060,241117.69
2022,Mendoza,50,Santa Rosa,50112,Santa Rosa,50112060,39055.3
2022,Mendoza,50,Santa Rosa,50112,Gobernador Civit,50112A05,2197.8
2022,Mendoza,50,Santa Rosa,50112,Los Yoles,50112A10,4105.8
2022,Mendoza,50,Tunuyán,50119,Campo Los Andes,50119020,20773.35
2022,Mendoza,50,Tunuyán,50119,Colonia Las Rosas,50119030,701.7
2022,Mendoza,50,Tunuyán,50119,El Manzano,50119040,95.3
2022,Mendoza,50,Tunuyán,50119,Los Sauces,50119050,101354.71
2022,Mendoza,50,Tunuyán,50119,Tunuyán,50119060,85000.5
2022,Mendoza,50,Tunuyán,50119,Tunuyán,50119060,9105.55
2022,Mendoza,50,Tunuyán,50119,Tunuyán,50119060,1140.2
2022,Mendoza,50,Tunuyán,50119,Vista Flores,50119070,164151.33
2022,Mendoza,50,Tunuyán,50119,El Totoral,50119A02,71991.83
2022,Mendoza,50,Tunuyán,50119,El Totoral,50119A02,12021.81
2022,Mendoza,50,Tunuyán,50119,La Primavera,50119A04,18926.82
2022,Mendoza,50,Tunuyán,50119,Las Pintadas,50119A07,39367.52
2022,Mendoza,50,Tunuyán,50119,Los Árboles,50119A08,10826.75
2022,Mendoza,50,Tunuyán,50119,Los Árboles,50119A08,180255.64
2022,Mendoza,50,Tunuyán,50119,Los Chacales,50119A09,107588.23
2022,Mendoza,50,Tunuyán,50119,Villa Seca,50119A14,115626.53
2022,Mendoza,50,Tupungato,50126,Cordón del Plata,50126020,51349.31
2022,Mendoza,50,Tupungato,50126,Cordón del Plata,50126020,3102.62
2022,Mendoza,50,Tupungato,50126,Cordón del Plata,50126020,208527.38
2022,Mendoza,50,Tupungato,50126,El Peral,50126030,79377.7
2022,Mendoza,50,Tupungato,50126,El Zampal,50126035,107625
2022,Mendoza,50,Tupungato,50126,La Arboleda,50126040,173242.67
2022,Mendoza,50,Tupungato,50126,San José,50126050,36716.79
2022,Mendoza,50,Tupungato,50126,Villa Bastias,50126060,33191.52
2022,Mendoza,50,Tupungato,50126,Tupungato,50126060,52005.01
2022,Mendoza,50,Tupungato,50126,Tupungato,50126060,16289.98
2022,Mendoza,50,Tupungato,50126,Anchoris,50126A01,30758.96
2022,Mendoza,50,Tupungato,50126,Gualtallary,50126A05,226475.88
2022,Mendoza,50,Tupungato,50126,Zapata,50126A12,6786.2
2022,Neuquén,58,Añelo,58014,Añelo,58014010,2461.32
2022,Neuquén,58,Añelo,58014,San Patricio del Chañar,58014020,90944.21
2022,Neuquén,58,Confluencia,58035,Centenario,58035030,74
2022,Neuquén,58,Confluencia,58035,Cutral Có,58035040,247.45
2022,Neuquén,58,Confluencia,58035,Mari Menuco,58035060,1860
2022,Neuquén,58,Confluencia,58035,Neuquén,58035070,347.5
2022,Neuquén,58,Confluencia,58035,Senillosa,58035110,460.19
2022,Neuquén,58,Lácar,58056,San Martín de los Andes,58056010,20
2022,Neuquén,58,Picún Leufú,58098,Picún Leufú,58098020,135.2
2022,Río Negro,62,Adolfo Alsina,62007,San Javier,62007080,2538.02
2022,Río Negro,62,Adolfo Alsina,62007,Viedma,62007090,986.61
2022,Río Negro,62,Avellaneda,62014,Darwin,62014060,2291.25
2022,Río Negro,62,Avellaneda,62014,Luis Beltrán,62014080,961.8
2022,Río Negro,62,Avellaneda,62014,Pomona,62014090,2451.24
2022,Río Negro,62,Bariloche,62021,El Bolsón,62021030,24.05
2022,Río Negro,62,El Cuy,62035,El Cuy,62035030,614.03
2022,Río Negro,62,El Cuy,62035,Valle Azul,62035080,1723.55
2022,Río Negro,62,General Roca,62042,Allen,62042010,3063.6
2022,Río Negro,62,General Roca,62042,Barrio Guerrico,62042160,434.3
2022,Río Negro,62,General Roca,62042,Cervantes,62042370,464.25
2022,Río Negro,62,General Roca,62042,Cipolletti,62042400,20
2022,Río Negro,62,General Roca,62042,General Enrique Godoy,62042430,1141.5
2022,Río Negro,62,General Roca,62042,General Fernández Oro,62042440,1452.05
2022,Río Negro,62,General Roca,62042,General Roca,62042450,1310.8
2022,Río Negro,62,General Roca,62042,General Roca,62042450,12338.4
2022,Río Negro,62,General Roca,62042,Ingeniero Luis A. Huergo,62042460,3377.6
2022,Río Negro,62,General Roca,62042,Mainqué,62042480,10121.05
2022,Río Negro,62,General Roca,62042,Villa Manzano,62042550,1807.3
2022,Río Negro,62,General Roca,62042,Villa Regina,62042560,369.8
2022,Salta,66,Cachi,66014,Cachi,66014010,2706.24
2022,Salta,66,Cachi,66014,Payogasta,66014020,2809.3
2022,Salta,66,Cafayate,66021,Cafayate,66021010,175784.42
2022,Salta,66,Cafayate,66021,Cafayate,66021010,24100.29
2022,Salta,66,Cafayate,66021,Cafayate,66021010,5209.68
2022,Salta,66,Cafayate,66021,Tolombón,66021020,61892.35
2022,Salta,66,Cafayate,66021,Chuscha,66021A01,94.4
2022,Salta,66,Cafayate,66021,Las Conchas,66021A04,313.2
2022,Salta,66,Cafayate,66021,Yacochuya Norte,66021A05,8105.9
2022,Salta,66,La Viña,66098,Las Curtiembres,66098A08,30
2022,Salta,66,Molinos,66119,Molinos,66119020,2113.71
2022,Salta,66,Molinos,66119,Seclantás,66119030,128.1
2022,Salta,66,Molinos,66119,Colomé,66119A06,290.66
2022,Salta,66,Molinos,66119,Colomé,66119A06,3724.9
2022,Salta,66,Molinos,66119,Luracatao,66119A10,179.7
2022,Salta,66,San Carlos,66154,Angastaco,66154010,5738.88
2022,Salta,66,San Carlos,66154,Animaná,66154020,37590.8
2022,Salta,66,San Carlos,66154,San Carlos,66154040,441.65
2022,Salta,66,San Carlos,66154,San Carlos,66154040,6644.32
2022,Salta,66,San Carlos,66154,Corralito,66154A01,773.6
2022,Salta,66,San Carlos,66154,Santa Rosa,66154A26,190
2022,San Juan,70,Albardón,70007,El Rincón,70007010,7522.2
2022,San Juan,70,Albardón,70007,El Rincón,70007010,77924.65
2022,San Juan,70,Albardón,70007,Villa General San Martín - Campo Afuera,70007020,2629.6
2022,San Juan,70,Albardón,70007,Villa General San Martín - Campo Afuera,70007020,14771.6
2022,San Juan,70,Albardón,70007,Villa General San Martín - Campo Afuera,70007020,25436.1
2022,San Juan,70,Albardón,70007,Villa General San Martín - Campo Afuera,70007020,1193.8
2022,San Juan,70,Albardón,70007,Villa General San Martín - Campo Afuera,70007020,11986.5
2022,San Juan,70,Albardón,70007,Baños La Laja,70007A02,669
2022,San Juan,70,Albardón,70007,El Salado,70007A03,5879.6
2022,San Juan,70,Albardón,70007,Las Tapias,70007A04,5572.6
2022,San Juan,70,Albardón,70007,Las Tapias,70007A04,1667
2022,San Juan,70,Angaco,70014,Las Tapias,70014010,48916.36
2022,San Juan,70,Angaco,70014,Villa El Salvador,70014020,21602.3
2022,San Juan,70,Angaco,70014,Villa El Salvador,70014020,20598.2
2022,San Juan,70,Angaco,70014,Villa Sefair,70014020,44104.81
2022,San Juan,70,Angaco,70014,Villa El Salvador,70014020,74919.3
2022,San Juan,70,Angaco,70014,El Alamito,70014A01,6823.4
2022,San Juan,70,Angaco,70014,El Bosque,70014A02,34215.19
2022,San Juan,70,Angaco,70014,Punta del Monte,70014A05,69777.8
2022,San Juan,70,Calingasta,70021,Barreal - Villa Pituil,70021010,2674.77
2022,San Juan,70,Calingasta,70021,Calingasta,70021020,120.4
2022,San Juan,70,Calingasta,70021,Tamberías,70021030,6083.2
2022,San Juan,70,Calingasta,70021,Hilario,70021A10,1476.31
2022,San Juan,70,Calingasta,70021,Puchuzún,70021A28,875.8
2022,San Juan,70,Calingasta,70021,Sorocayense,70021A30,10873.18
2022,San Juan,70,Calingasta,70021,Villa Corral,70021A31,1431.17
2022,San Juan,70,Caucete,70035,Caucete,70035020,119.4
2022,San Juan,70,Caucete,70035,Caucete,70035020,287489.56
2022,San Juan,70,Caucete,70035,Caucete,70035020,285
2022,San Juan,70,Caucete,70035,Caucete,70035020,1138.2
2022,San Juan,70,Caucete,70035,Caucete,70035020,3003.5
2022,San Juan,70,Caucete,70035,El Rincón,70035030,69663.52
2022,San Juan,70,Caucete,70035,Las Talas - Los Médanos,70035040,20739.8
2022,San Juan,70,Caucete,70035,Pie de Palo,70035060,22698.6
2022,San Juan,70,Caucete,70035,Villa Independencia,70035080,87223.63
2022,San Juan,70,Caucete,70035,La Puntilla,70035A02,132212.03
2022,San Juan,70,Caucete,70035,Pozo de los Algarrobos,70035A07,140675.58
2022,San Juan,70,Chimbas,70042,Chimbas,70042010,110700.15
2022,San Juan,70,Chimbas,70042,Chimbas,70042010,5822.5
2022,San Juan,70,Iglesia,70049,Las Flores,70049040,64.2
2022,San Juan,70,9 de Julio,70063,Alto de Sierra,70063010,2536
2022,San Juan,70,9 de Julio,70063,Las Chacritas,70063030,4674.3
2022,San Juan,70,9 de Julio,70063,Las Chacritas,70063030,54364.98
2022,San Juan,70,9 de Julio,70063,9 de Julio,70063040,180190.74
2022,San Juan,70,9 de Julio,70063,La Majadita,70063A00,29441.37
2022,San Juan,70,9 de Julio,70063,Rincón Cercado,70063A02,18710.55
2022,San Juan,70,Pocito,70070,Carpintería,70070020,144365.25
2022,San Juan,70,Pocito,70070,Las Piedritas,70070025,1883.6
2022,San Juan,70,Pocito,70070,Quinto Cuartel,70070030,1734.5
2022,San Juan,70,Pocito,70070,Villa Aberastain,70070040,63907.68
2022,San Juan,70,Pocito,70070,La Rinconada,70070040,55654.48
2022,San Juan,70,Pocito,70070,Villa Aberastain,70070040,2010.1
2022,San Juan,70,Pocito,70070,Villa Aberastain,70070040,16485.9
2022,San Juan,70,Pocito,70070,Villa Nacusi,70070050,87.8
2022,San Juan,70,Pocito,70070,Villa Nacusi,70070050,671.4
2022,San Juan,70,Pocito,70070,Villa Nacusi,70070050,3986.35
2022,San Juan,70,Rawson,70077,El Medanito,70077010,12936.3
2022,San Juan,70,Rawson,70077,Rawson,70077010,2650.8
2022,San Juan,70,Rawson,70077,Rawson,70077010,37397.4
2022,San Juan,70,Rawson,70077,Rawson,70077010,216.8
2022,San Juan,70,Rawson,70077,Rawson,70077010,1090.8
2022,San Juan,70,Rawson,70077,Colonia Médano de Oro,70077A00,96946
2022,San Juan,70,Rawson,70077,Colonia Rodas,70077A02,5647.1
2022,San Juan,70,Rawson,70077,Colonia Rodas,70077A02,1073.8
2022,San Juan,70,Rivadavia,70084,Rivadavia,70084010,6181.7
2022,San Juan,70,Rivadavia,70084,Rivadavia,70084010,1714.05
2022,San Juan,70,Rivadavia,70084,Rivadavia,70084010,4327.2
2022,San Juan,70,San Martín,70091,Dos Acequias,70091020,147116.35
2022,San Juan,70,San Martín,70091,San Isidro,70091030,81357.58
2022,San Juan,70,San Martín,70091,Villa San Martín,70091070,123039.72
2022,San Juan,70,San Martín,70091,Los Compartos,70091A01,19350.2
2022,San Juan,70,San Martín,70091,Los Compartos,70091A01,8094
2022,San Juan,70,San Martín,70091,Los Compartos,70091A01,146265.47
2022,San Juan,70,San Martín,70091,Villa Lugano,70091A02,4839.3
2022,San Juan,70,San Martín,70091,Villa Lugano,70091A02,9286
2022,San Juan,70,Santa Lucía,70098,Santa Lucía,70098010,7623.3
2022,San Juan,70,Santa Lucía,70098,Santa Lucía,70098010,33144.89
2022,San Juan,70,Santa Lucía,70098,Santa Lucía,70098010,8899.4
2022,San Juan,70,Santa Lucía,70098,Colonia Gutiérrez,70098010,46382.22
2022,San Juan,70,Santa Lucía,70098,Colonia Gutiérrez,70098010,2826.48
2022,San Juan,70,Santa Lucía,70098,Colonia Gutiérrez,70098010,19524.46
2022,San Juan,70,Santa Lucía,70098,Santa Lucía,70098010,5686.71
2022,San Juan,70,Santa Lucía,70098,Santa Lucía,70098010,2812.6
2022,San Juan,70,Sarmiento,70105,Cañada Honda,70105010,34027.9
2022,San Juan,70,Sarmiento,70105,Colonia Fiscal,70105030,89729.9
2022,San Juan,70,Sarmiento,70105,Guanacache,70105050,2478.8
2022,San Juan,70,Sarmiento,70105,Las Lagunas,70105060,68370.5
2022,San Juan,70,Sarmiento,70105,Los Berros,70105070,603.8
2022,San Juan,70,Sarmiento,70105,Los Berros,70105070,373.8
2022,San Juan,70,Sarmiento,70105,Pedernal,70105080,47351.05
2022,San Juan,70,Sarmiento,70105,Punta del Médano,70105090,37330.5
2022,San Juan,70,Sarmiento,70105,Villa Media Agua,70105100,141868.03
2022,San Juan,70,Sarmiento,70105,Villa Media Agua,70105100,35683.73
2022,San Juan,70,Sarmiento,70105,Cochagual,70105A01,265500.27
2022,San Juan,70,Sarmiento,70105,San Carlos,70105A07,23987.3
2022,San Juan,70,Sarmiento,70105,Tres Esquinas,70105A08,51507.58
2022,San Juan,70,Ullum,70112,Villa Ibáñez,70112010,63442.39
2022,San Juan,70,Ullum,70112,Villa Ibáñez,70112010,2588.2
2022,San Juan,70,Ullum,70112,La Banderita,70112A04,1327.6
2022,San Juan,70,25 de Mayo,70126,Tupelí,70126020,56400.72
2022,San Juan,70,25 de Mayo,70126,Tupelí,70126020,9853.6
2022,San Juan,70,25 de Mayo,70126,Villa Borjas - La Chimbera,70126030,97287.15
2022,San Juan,70,25 de Mayo,70126,Villa Santa Rosa,70126050,190395.77
2022,San Juan,70,25 de Mayo,70126,Villa Santa Rosa,70126050,212640.21
2022,San Juan,70,25 de Mayo,70126,Villa Santa Rosa,70126050,13709.03
2022,San Juan,70,25 de Mayo,70126,Villa Santa Rosa,70126050,80780.7
2022,San Juan,70,25 de Mayo,70126,Villa Santa Rosa,70126050,17659.8
2022,San Juan,70,25 de Mayo,70126,Algarrobo Verde,70126A00,16964.4
2022,San Juan,70,25 de Mayo,70126,Cuatro Esquinas,70126A04,3231.7
2022,San Juan,70,25 de Mayo,70126,Las Casuarinas,70126A06,231276.12
2022,San Juan,70,25 de Mayo,70126,Punta del Médano,70126A09,10718.76
2022,San Juan,70,Zonda,70133,Villa Basilio Nievas,70133010,2525.8
2022,San Juan,70,Zonda,70133,Villa Basilio Nievas,70133010,33357.4
2022,San Juan,70,Zonda,70133,Villa Basilio Nievas,70133010,20923.94
2022,San Juan,70,Zonda,70133,Villa Basilio Nievas,70133010,12812.6
2022,San Juan,70,Zonda,70133,Villa Basilio Nievas,70133010,6028.4
2022,San Luis,74,Belgrano,74014,Nogolí,74014020,12
2022,San Luis,74,Junín,74049,Santa Rosa del Conlara,74049070,449.62
2022,San Luis,74,Juan Martín de Pueyrredón,74056,Beazley,74056040,63.8
2022,Tucumán,90,Tafí del Valle,90098,Amaicha del Valle,90098010,4.71
2022,Tucumán,90,Tafí del Valle,90098,Amaicha del Valle,90098010,128.15
2022,Tucumán,90,Tafí del Valle,90098,Colalao del Valle,90098020,2427.02
2022,Tucumán,90,Tafí del Valle,90098,El Bañado,90098A12,106
2022,Tucumán,90,Tafí del Valle,90098,El Paso,90098A18,817.9
2022,Tucumán,90,Tafí del Valle,90098,Los Zazos,90098A40,89
2022,Tucumán,90,Tafí del Valle,90098,Quilmes,90098A48,14.52
2023,Buenos Aires,06,Balcarce,06063,Balcarce,06063010,631.84
2023,Buenos Aires,06,Coronel Suárez,06203,Coronel Suárez,06203020,13
2023,Buenos Aires,06,General Juan Madariaga,06315,Macedo,06315A13,40
2023,Buenos Aires,06,General Pueyrredón,06357,Batán,06357070,163.41
2023,Buenos Aires,06,General Pueyrredón,06357,Chapadmalal,06357080,645.82
2023,Buenos Aires,06,Saavedra,06700,Pigüé,06700060,19.02
2023,Buenos Aires,06,Tornquist,06819,Saldungaray,06819020,347.45
2023,Buenos Aires,06,Tornquist,06819,Villa Ventana,06819070,62.44
2023,Buenos Aires,06,Villarino,06875,Médanos,06875060,95
2023,Catamarca,10,Belén,10035,Hualfín,10035070,5030.52
2023,Catamarca,10,Belén,10035,Los Nacimientos,10035120,26.4
2023,Catamarca,10,Belén,10035,Puerta de Corral Quemado,10035130,212.8
2023,Catamarca,10,Belén,10035,San Fernando,10035A42,143.3
2023,Catamarca,10,Pomán,10084,San Miguel,10084090,244
2023,Catamarca,10,Pomán,10084,Siján,10084110,631.14
2023,Catamarca,10,Santa María,10091,Lampacito,10091030,722.8
2023,Catamarca,10,Santa María,10091,Chañar Punco,10091030,26826
2023,Catamarca,10,Santa María,10091,Lampacito,10091030,86.4
2023,Catamarca,10,Santa María,10091,Fuerte Quemado,10091080,1435.9
2023,Catamarca,10,Santa María,10091,La Loma,10091100,8
2023,Catamarca,10,Santa María,10091,Las Mojarras,10091110,561.26
2023,Catamarca,10,Santa María,10091,El Cerrito,10091110,159
2023,Catamarca,10,Santa María,10091,Punta de Balasto,10091130,3.2
2023,Catamarca,10,Santa María,10091,San José,10091140,575.5
2023,Catamarca,10,Santa María,10091,Santa María,10091150,2128
2023,Catamarca,10,Santa María,10091,Santa María,10091150,2340.2
2023,Catamarca,10,Tinogasta,10105,Anillaco,10105010,1145.2
2023,Catamarca,10,Tinogasta,10105,Copacabana,10105050,835
2023,Catamarca,10,Tinogasta,10105,El Puesto,10105090,2735.8
2023,Catamarca,10,Tinogasta,10105,Fiambalá,10105110,6523.8
2023,Catamarca,10,Tinogasta,10105,Medanitos,10105130,7017.36
2023,Catamarca,10,Tinogasta,10105,Palo Blanco,10105140,327.22
2023,Catamarca,10,Tinogasta,10105,Tinogasta,10105180,7415.24
2023,Catamarca,10,Tinogasta,10105,Tinogasta,10105180,787.6
2023,Catamarca,10,Tinogasta,10105,Tinogasta,10105180,529.2
2023,Catamarca,10,Tinogasta,10105,San José Norte,10105A27,1509.8
2023,Córdoba,14,Calamuchita,14007,San Agustín,14007180,25
2023,Córdoba,14,Calamuchita,14007,Villa Ciudad Parque Los Reartes,14007270,43.22
2023,Córdoba,14,Calamuchita,14007,Villa General Belgrano,14007310,2.92
2023,Córdoba,14,Calamuchita,14007,Atos Pampa,14007A01,109.54
2023,Córdoba,14,Colón,14021,Colonia Caroya,14021050,3352.91
2023,Córdoba,14,Colón,14021,Colonia Vicente Agüero,14021070,111.1
2023,Córdoba,14,Cruz del Eje,14028,Las Playas,14028130,12.91
2023,Córdoba,14,Ischilín,14049,Quilino,14049100,466.4
2023,Córdoba,14,Ischilín,14049,Ischilín,14049A07,72.08
2023,Córdoba,14,San Javier,14133,Las Tapias,14133100,94
2023,Córdoba,14,San Javier,14133,San Javier y Yacanto,14133170,129
2023,Córdoba,14,San Javier,14133,San Javier y Yacanto,14133170,13.2
2023,Córdoba,14,Santa María,14147,Potrero de Garay,14147230,161.4
2023,Córdoba,14,Santa María,14147,Valle de Anisacate,14147300,79
2023,Córdoba,14,Tulumba,14175,San Pedro Norte,14175100,136
2023,Chubut,26,Cushamen,26014,El Hoyo,26014040,159.11
2023,Chubut,26,Cushamen,26014,Lago Puelo,26014090,0.8
2023,Chubut,26,Futaleufú,26035,Trevelín,26035060,230.52
2023,Chubut,26,Paso de Indios,26070,Los Altares,26070020,22.6
2023,Chubut,26,Sarmiento,26091,Sarmiento,26091020,2016.39
2023,Entre Ríos,30,Colón,30008,Colón,30008020,116.9
2023,Entre Ríos,30,Colón,30008,Colonia San Anselmo,30008A13,62.19
2023,Entre Ríos,30,Concordia,30015,La Criolla,30015090,517.7
2023,Entre Ríos,30,Diamante,30021,Colonia Ensayo,30021070,130
2023,Entre Ríos,30,Diamante,30021,Estación Puiggari,30021150,26
2023,Entre Ríos,30,Gualeguaychú,30056,Gualeguaychú,30056070,88.56
2023,Entre Ríos,30,Victoria,30105,Laguna del Pescado,30105A11,80
2023,Jujuy,38,El Carmen,38014,Barrio El Milagro,38014020,119.4
2023,Jujuy,38,El Carmen,38014,Monterrico,38014070,580.75
2023,Jujuy,38,El Carmen,38014,Puesto Viejo,38014100,32.97
2023,Jujuy,38,Dr. Manuel Belgrano,38021,Guerrero,38021010,35.77
2023,Jujuy,38,San Antonio,38056,El Ceibal,38056010,15.49
2023,Jujuy,38,Tilcara,38094,Colonia San José,38094010,101.05
2023,Jujuy,38,Tilcara,38094,Huacalera,38094020,218.45
2023,Jujuy,38,Tilcara,38094,Maimará,38094040,495.37
2023,Jujuy,38,Tilcara,38094,Tilcara,38094050,62.62
2023,Jujuy,38,Tumbaya,38098,Purmamarca,38098030,124.42
2023,Jujuy,38,Tumbaya,38098,Tumbaya,38098040,45.65
2023,La Pampa,42,Curacó,42042,Gobernador Duval,42042010,4.5
2023,La Pampa,42,Puelén,42112,25 de Mayo,42112020,8304.08
2023,La Rioja,46,Castro Barros,46021,Aminga,46021010,20473.6
2023,La Rioja,46,Castro Barros,46021,Anillaco,46021020,4878.31
2023,La Rioja,46,General Felipe Varela,46028,Guandacol,46028020,14497.7
2023,La Rioja,46,General Felipe Varela,46028,Santa Clara,46028020,133.6
2023,La Rioja,46,General Felipe Varela,46028,Los Palacios,46028030,1168.6
2023,La Rioja,46,General Felipe Varela,46028,Pagancillo,46028040,1875.8
2023,La Rioja,46,General Felipe Varela,46028,Banda Florida,46028050,638.6
2023,La Rioja,46,General Felipe Varela,46028,Villa Unión,46028050,6245.4
2023,La Rioja,46,General Felipe Varela,46028,Paso San Isidro,46028A14,158.2
2023,La Rioja,46,General Felipe Varela,46028,Paso San Isidro,46028A14,0.9
2023,La Rioja,46,Chilecito,46042,Los Sarmientos,46042010,77.8
2023,La Rioja,46,Chilecito,46042,Anguinán,46042010,97807.73
2023,La Rioja,46,Chilecito,46042,San Miguel,46042010,41.8
2023,La Rioja,46,Chilecito,46042,Colonia Catinzaco,46042030,4675.1
2023,La Rioja,46,Chilecito,46042,Guanchín,46042060,678
2023,La Rioja,46,Chilecito,46042,Malligasta,46042070,123276.5
2023,La Rioja,46,Chilecito,46042,Nonogasta,46042090,120424.25
2023,La Rioja,46,Chilecito,46042,San Nicolás,46042100,3537.6
2023,La Rioja,46,Chilecito,46042,Sañogasta,46042120,1493.8
2023,La Rioja,46,Chilecito,46042,Tilimuqui,46042130,72318.2
2023,La Rioja,46,Chilecito,46042,Vichigasta,46042140,100343.45
2023,La Rioja,46,Famatina,46049,Angulos,46049020,1167.1
2023,La Rioja,46,Famatina,46049,Antinaco,46049030,2087.5
2023,La Rioja,46,Famatina,46049,Chañarmuyo,46049060,8319.6
2023,La Rioja,46,Famatina,46049,Famatina,46049070,54.8
2023,La Rioja,46,Famatina,46049,Famatina,46049070,696.6
2023,La Rioja,46,Famatina,46049,Famatina,46049070,5388.2
2023,La Rioja,46,Famatina,46049,Pituil,46049090,3423.6
2023,La Rioja,46,Famatina,46049,Plaza Vieja,46049100,1664.5
2023,La Rioja,46,General Lamadrid,46077,Villa Castelli,46077010,226.8
2023,La Rioja,46,General Lamadrid,46077,Villa Castelli,46077010,6434
2023,La Rioja,46,Vinchina,46098,Villa San José de Vinchina,46098020,1808.3
2023,La Rioja,46,San Blas de Los Sauces,46119,Chaupihuasi,46119010,246.3
2023,La Rioja,46,San Blas de Los Sauces,46119,Alpasinche,46119010,426.7
2023,La Rioja,46,San Blas de Los Sauces,46119,San Blas,46119010,465.8
2023,La Rioja,46,Sanagasta,46126,Huaco,46126A02,188.3
2023,Mendoza,50,General Alvear,50014,Bowen,50014010,20975.62
2023,Mendoza,50,General Alvear,50014,Bowen,50014010,668.3
2023,Mendoza,50,General Alvear,50014,Carmensa,50014020,2905.6
2023,Mendoza,50,General Alvear,50014,Carmensa,50014020,45.8
2023,Mendoza,50,General Alvear,50014,General Alvear,50014030,2441.74
2023,Mendoza,50,General Alvear,50014,General Alvear,50014030,3259.5
2023,Mendoza,50,General Alvear,50014,General Alvear,50014030,2261.35
2023,Mendoza,50,General Alvear,50014,General Alvear,50014030,686
2023,Mendoza,50,General Alvear,50014,General Alvear,50014030,2917.9
2023,Mendoza,50,General Alvear,50014,Los Compartos,50014040,7348.47
2023,Mendoza,50,General Alvear,50014,El Ceibo,50014A08,1287.29
2023,Mendoza,50,General Alvear,50014,El Ceibo,50014A08,139.8
2023,Mendoza,50,General Alvear,50014,La California,50014A12,242.4
2023,Mendoza,50,General Alvear,50014,La Escandinava,50014A14,3490
2023,Mendoza,50,General Alvear,50014,La Marsolina,50014A16,6658.42
2023,Mendoza,50,General Alvear,50014,Los Campamentos,50014A19,1811
2023,Mendoza,50,General Alvear,50014,Poste de Fierro,50014A24,2047.53
2023,Mendoza,50,Guaymallén,50028,Colonia Segovia,50028010,11823.8
2023,Mendoza,50,Guaymallén,50028,Dorrego,50028020,2474.6
2023,Mendoza,50,Guaymallén,50028,Buena Nueva,50028020,2285.4
2023,Mendoza,50,Guaymallén,50028,El Sauce,50028020,5047.98
2023,Mendoza,50,Guaymallén,50028,Bermejo,50028020,4140
2023,Mendoza,50,Guaymallén,50028,San Francisco del Monte,50028020,86.8
2023,Mendoza,50,Guaymallén,50028,Villa Nueva,50028020,864.2
2023,Mendoza,50,Guaymallén,50028,Rodeo de la Cruz,50028020,1666.6
2023,Mendoza,50,Guaymallén,50028,La Primavera,50028030,2309.6
2023,Mendoza,50,Guaymallén,50028,La Primavera,50028030,721.4
2023,Mendoza,50,Guaymallén,50028,Los Corralitos,50028040,3778.1
2023,Mendoza,50,Junín,50035,Ingeniero Giagnoni,50035010,984
2023,Mendoza,50,Junín,50035,Junín,50035020,1331.2
2023,Mendoza,50,Junín,50035,Junín,50035020,3716.3
2023,Mendoza,50,Junín,50035,Junín,50035020,79794.19
2023,Mendoza,50,Junín,50035,Junín,50035020,9676.3
2023,Mendoza,50,Junín,50035,La Colonia,50035030,54718.63
2023,Mendoza,50,Junín,50035,Los Barriales,50035040,94501.76
2023,Mendoza,50,Junín,50035,Los Barriales,50035040,143
2023,Mendoza,50,Junín,50035,Los Barriales,50035040,2171.8
2023,Mendoza,50,Junín,50035,Medrano,50035050,349.4
2023,Mendoza,50,Junín,50035,Medrano,50035050,115423.77
2023,Mendoza,50,Junín,50035,Medrano,50035050,925
2023,Mendoza,50,Junín,50035,Phillips,50035060,150242.3
2023,Mendoza,50,Junín,50035,Rodríguez Peña,50035070,84185.88
2023,Mendoza,50,Junín,50035,Algarrobo Grande,50035A00,7725.4
2023,Mendoza,50,Junín,50035,Algarrobo Grande,50035A00,63774.64
2023,Mendoza,50,Junín,50035,Algarrobo Grande,50035A00,7480.6
2023,Mendoza,50,Junín,50035,Alto Verde,50035A01,14604.08
2023,Mendoza,50,Junín,50035,Alto Verde,50035A01,49441.4
2023,Mendoza,50,Junín,50035,Tres Esquinas,50035A02,224.2
2023,Mendoza,50,La Paz,50042,La Paz,50042020,3568.3
2023,Mendoza,50,La Paz,50042,La Paz,50042020,126.2
2023,Mendoza,50,La Paz,50042,Villa Antigua,50042030,505.6
2023,Mendoza,50,La Paz,50042,Las Chacritas,50042A07,232.2
2023,Mendoza,50,Las Heras,50049,Jocolí,50049030,6865.4
2023,Mendoza,50,Las Heras,50049,Capdevila,50049050,39615.39
2023,Mendoza,50,Las Heras,50049,El Plumerillo,50049050,1513.6
2023,Mendoza,50,Las Heras,50049,Las Heras,50049050,200.6
2023,Mendoza,50,Las Heras,50049,Las Heras,50049050,4013
2023,Mendoza,50,Las Heras,50049,Panquehuá,50049050,1851.4
2023,Mendoza,50,Las Heras,50049,El Challao,50049050,213.8
2023,Mendoza,50,Las Heras,50049,El Borbollón,50049050,15317.2
2023,Mendoza,50,Las Heras,50049,El Algarrobal,50049050,24255.8
2023,Mendoza,50,Las Heras,50049,Polvaredas,50049080,189.4
2023,Mendoza,50,Las Heras,50049,Uspallata,50049110,56.4
2023,Mendoza,50,Las Heras,50049,El Pastal,50049A04,496.2
2023,Mendoza,50,Las Heras,50049,El Pastal,50049A04,11322.2
2023,Mendoza,50,Lavalle,50056,Barrio Alto del Olvido,50056010,2276
2023,Mendoza,50,Lavalle,50056,Barrio La Palmera,50056030,42317
2023,Mendoza,50,Lavalle,50056,Barrio La Pega,50056040,25796.2
2023,Mendoza,50,Lavalle,50056,Costa de Araujo,50056080,417880.84
2023,Mendoza,50,Lavalle,50056,Costa de Araujo,50056080,1467.6
2023,Mendoza,50,Lavalle,50056,Costa de Araujo,50056080,683.6
2023,Mendoza,50,Lavalle,50056,El Paramillo,50056090,28563.4
2023,Mendoza,50,Lavalle,50056,El Vergel,50056100,16540.55
2023,Mendoza,50,Lavalle,50056,Ingeniero Gustavo André,50056110,241389
2023,Mendoza,50,Lavalle,50056,Jocolí,50056120,77951.02
2023,Mendoza,50,Lavalle,50056,Jocolí Viejo,50056130,21965.4
2023,Mendoza,50,Lavalle,50056,Las Violetas,50056140,8426.8
2023,Mendoza,50,Lavalle,50056,3 de Mayo,50056150,59698.9
2023,Mendoza,50,Lavalle,50056,3 de Mayo,50056150,7215.6
2023,Mendoza,50,Lavalle,50056,Villa Tulumaya,50056160,39260.6
2023,Mendoza,50,Lavalle,50056,Villa Tulumaya,50056160,4033.4
2023,Mendoza,50,Lavalle,50056,El Carmen,50056A05,13271.3
2023,Mendoza,50,Lavalle,50056,El Chilcal,50056A06,17605.8
2023,Mendoza,50,Lavalle,50056,El Plumero,50056A09,77023
2023,Mendoza,50,Lavalle,50056,El Plumero,50056A09,1210
2023,Mendoza,50,Lavalle,50056,El Retiro,50056A12,7325.4
2023,Mendoza,50,Lavalle,50056,La Asunción,50056A15,2491.6
2023,Mendoza,50,Lavalle,50056,La Holanda,50056A17,13536
2023,Mendoza,50,Lavalle,50056,San Francisco,50056A24,9478.4
2023,Mendoza,50,Lavalle,50056,San José,50056A26,213.8
2023,Mendoza,50,Luján de Cuyo,50063,Agrelo,50063010,388473.18
2023,Mendoza,50,Luján de Cuyo,50063,El Carrizal,50063050,120416.21
2023,Mendoza,50,Luján de Cuyo,50063,Las Compuertas,50063070,16834.13
2023,Mendoza,50,Luján de Cuyo,50063,Vistalba,50063090,23345.83
2023,Mendoza,50,Luján de Cuyo,50063,Luján de Cuyo,50063090,4545.73
2023,Mendoza,50,Luján de Cuyo,50063,Chacras de Coria,50063090,1958.68
2023,Mendoza,50,Luján de Cuyo,50063,Carrodilla,50063090,2769.82
2023,Mendoza,50,Luján de Cuyo,50063,Mayor Drummond,50063090,15384.54
2023,Mendoza,50,Luján de Cuyo,50063,Perdriel,50063100,64968.75
2023,Mendoza,50,Luján de Cuyo,50063,Potrerillos,50063110,126.9
2023,Mendoza,50,Luján de Cuyo,50063,Ugarteche,50063120,256021.66
2023,Mendoza,50,Luján de Cuyo,50063,Anchoris,50063A01,6127.03
2023,Mendoza,50,Luján de Cuyo,50063,Baños Lunlunta,50063A02,1460.06
2023,Mendoza,50,Luján de Cuyo,50063,Industrial,50063A03,265.1
2023,Mendoza,50,Maipú,50070,Barrancas,50070010,220.8
2023,Mendoza,50,Maipú,50070,Barrancas,50070010,211319.39
2023,Mendoza,50,Maipú,50070,Barrio Jesús de Nazaret,50070020,205.2
2023,Mendoza,50,Maipú,50070,Cruz de Piedra,50070030,31329.27
2023,Mendoza,50,Maipú,50070,Cruz de Piedra,50070030,29157.78
2023,Mendoza,50,Maipú,50070,El Pedregal,50070040,2487.9
2023,Mendoza,50,Maipú,50070,Fray Luis Beltrán,50070050,19654.64
2023,Mendoza,50,Maipú,50070,Fray Luis Beltrán,50070050,12351
2023,Mendoza,50,Maipú,50070,Fray Luis Beltrán,50070050,384315.86
2023,Mendoza,50,Maipú,50070,General Gutiérrez,50070060,602.7
2023,Mendoza,50,Maipú,50070,Maipú,50070060,1321.03
2023,Mendoza,50,Maipú,50070,Coquimbito,50070060,19796.97
2023,Mendoza,50,Maipú,50070,Rodeo del Medio,50070070,177.8
2023,Mendoza,50,Maipú,50070,Rodeo del Medio,50070070,50892.87
2023,Mendoza,50,Maipú,50070,Rodeo del Medio,50070070,791
2023,Mendoza,50,Maipú,50070,Rodeo del Medio,50070070,3034.31
2023,Mendoza,50,Maipú,50070,Russell,50070080,26033.42
2023,Mendoza,50,Maipú,50070,San Roque,50070090,12395.55
2023,Mendoza,50,Maipú,50070,San Roque,50070090,26488.11
2023,Mendoza,50,Maipú,50070,El Paraíso,50070A01,8485.3
2023,Mendoza,50,Maipú,50070,Los Álamos,50070A02,5588.86
2023,Mendoza,50,Rivadavia,50084,Andrade,50084010,69456.32
2023,Mendoza,50,Rivadavia,50084,El Mirador,50084040,3453.2
2023,Mendoza,50,Rivadavia,50084,El Mirador,50084040,121041.55
2023,Mendoza,50,Rivadavia,50084,La Central,50084050,133854.39
2023,Mendoza,50,Rivadavia,50084,La Libertad,50084080,71136.99
2023,Mendoza,50,Rivadavia,50084,Los Árboles,50084090,29001.2
2023,Mendoza,50,Rivadavia,50084,Los Campamentos,50084100,276174.72
2023,Mendoza,50,Rivadavia,50084,Medrano,50084110,35463.28
2023,Mendoza,50,Rivadavia,50084,Mundo Nuevo,50084120,8991.3
2023,Mendoza,50,Rivadavia,50084,Reducción de Abajo,50084130,51626.3
2023,Mendoza,50,Rivadavia,50084,Rivadavia,50084140,45708.82
2023,Mendoza,50,Rivadavia,50084,Santa María de Oro,50084150,39189
2023,Mendoza,50,San Carlos,50091,Barrio El Cepillo,50091010,20790.29
2023,Mendoza,50,San Carlos,50091,Chilecito,50091020,18764.48
2023,Mendoza,50,San Carlos,50091,Eugenio Bustos,50091030,100687.49
2023,Mendoza,50,San Carlos,50091,La Consulta,50091040,211396
2023,Mendoza,50,San Carlos,50091,La Consulta,50091040,3298.89
2023,Mendoza,50,San Carlos,50091,La Consulta,50091040,110.2
2023,Mendoza,50,San Carlos,50091,Pareditas,50091050,3196.45
2023,Mendoza,50,San Carlos,50091,San Carlos,50091060,11505.8
2023,Mendoza,50,San Carlos,50091,San Carlos,50091060,5353.06
2023,Mendoza,50,San Carlos,50091,Casas Viejas,50091A01,3131.9
2023,Mendoza,50,San Carlos,50091,El Capacho,50091A03,1588.2
2023,Mendoza,50,San Carlos,50091,Tres Esquinas,50091A17,1268.2
2023,Mendoza,50,San Martín,50098,Alto Verde,50098020,148488.74
2023,Mendoza,50,San Martín,50098,Chapanay,50098060,280725.67
2023,Mendoza,50,San Martín,50098,Chivilcoy,50098070,50759.1
2023,Mendoza,50,San Martín,50098,El Espino,50098073,22799.1
2023,Mendoza,50,San Martín,50098,El Ramblón,50098077,67270.5
2023,Mendoza,50,San Martín,50098,El Ramblón,50098077,35935.36
2023,Mendoza,50,San Martín,50098,Montecaseros,50098080,423321.3
2023,Mendoza,50,San Martín,50098,Nueva California,50098090,223304.7
2023,Mendoza,50,San Martín,50098,Palmira,50098100,111566.67
2023,Mendoza,50,San Martín,50098,San Martín,50098100,45304.7
2023,Mendoza,50,San Martín,50098,San Martín,50098100,6592.4
2023,Mendoza,50,San Martín,50098,Tres Porteñas,50098110,160276.32
2023,Mendoza,50,San Martín,50098,Alto Chapanay,50098A00,6203.5
2023,Mendoza,50,San Martín,50098,Alto Salvador,50098A01,103806.19
2023,Mendoza,50,San Martín,50098,Buen Orden,50098A03,34007.4
2023,Mendoza,50,San Martín,50098,El Central,50098A06,157110.5
2023,Mendoza,50,San Martín,50098,El Divisadero,50098A07,57725.36
2023,Mendoza,50,San Martín,50098,Las Chimbas,50098A09,23205.15
2023,Mendoza,50,San Rafael,50105,Barrio Campos El Toledano,50105010,229
2023,Mendoza,50,San Rafael,50105,Capitán Montoya,50105050,1142.4
2023,Mendoza,50,San Rafael,50105,Cuadro Benegas,50105060,18265.6
2023,Mendoza,50,San Rafael,50105,El Tropezón,50105090,40
2023,Mendoza,50,San Rafael,50105,Goudge,50105100,31881.29
2023,Mendoza,50,San Rafael,50105,Jaime Prats,50105110,31.4
2023,Mendoza,50,San Rafael,50105,Jaime Prats,50105110,3666.94
2023,Mendoza,50,San Rafael,50105,La Llave Nueva,50105120,133
2023,Mendoza,50,San Rafael,50105,La Llave Nueva,50105120,10068.79
2023,Mendoza,50,San Rafael,50105,Las Malvinas,50105130,151.8
2023,Mendoza,50,San Rafael,50105,Monte Comán,50105150,2611.92
2023,Mendoza,50,San Rafael,50105,Rama Caída,50105180,10306.34
2023,Mendoza,50,San Rafael,50105,Rama Caída,50105180,215.4
2023,Mendoza,50,San Rafael,50105,Real del Padre,50105190,33279.11
2023,Mendoza,50,San Rafael,50105,Salto de las Rosas,50105200,1011.4
2023,Mendoza,50,San Rafael,50105,Cuadro Nacional,50105210,33267.03
2023,Mendoza,50,San Rafael,50105,Cuadro Nacional,50105210,649.2
2023,Mendoza,50,San Rafael,50105,San Rafael,50105210,1984.25
2023,Mendoza,50,San Rafael,50105,San Rafael,50105210,473.3
2023,Mendoza,50,San Rafael,50105,San Rafael,50105210,84
2023,Mendoza,50,San Rafael,50105,25 de Mayo,50105220,2111.33
2023,Mendoza,50,San Rafael,50105,Villa Atuel,50105230,551.4
2023,Mendoza,50,San Rafael,50105,Villa Atuel,50105230,4853.47
2023,Mendoza,50,San Rafael,50105,Villa Atuel,50105230,11115.2
2023,Mendoza,50,San Rafael,50105,Cañada Seca,50105A04,98.4
2023,Mendoza,50,San Rafael,50105,Cañada Seca,50105A04,40823.93
2023,Mendoza,50,San Rafael,50105,Colonia Bombal y Tabanera,50105A06,3166.2
2023,Mendoza,50,San Rafael,50105,Colonia Colomer,50105A07,566.17
2023,Mendoza,50,San Rafael,50105,Colonia El Usillal,50105A08,3486.88
2023,Mendoza,50,San Rafael,50105,Colonia Elena,50105A09,1400.26
2023,Mendoza,50,San Rafael,50105,Colonia Española,50105A10,106
2023,Mendoza,50,San Rafael,50105,Colonia Gelman,50105A11,389.8
2023,Mendoza,50,San Rafael,50105,Colonia Jáuregui,50105A12,73.4
2023,Mendoza,50,San Rafael,50105,Colonia López,50105A13,4065.72
2023,Mendoza,50,San Rafael,50105,El Cerrito,50105A22,3977.14
2023,Mendoza,50,San Rafael,50105,La Guevarina,50105A32,1460.8
2023,Mendoza,50,San Rafael,50105,La Llave Vieja,50105A35,279.2
2023,Mendoza,50,San Rafael,50105,Las Paredes,50105A44,27180.42
2023,Mendoza,50,San Rafael,50105,Las Paredes,50105A44,110.25
2023,Mendoza,50,San Rafael,50105,Rincón del Atuel,50105A60,202.89
2023,Mendoza,50,San Rafael,50105,Soitué,50105A64,473.2
2023,Mendoza,50,Santa Rosa,50112,Barrio 12 de Octubre,50112010,48808.1
2023,Mendoza,50,Santa Rosa,50112,Barrio 12 de Octubre,50112010,24872.6
2023,Mendoza,50,Santa Rosa,50112,Barrio Molina Cabrera,50112030,1156.2
2023,Mendoza,50,Santa Rosa,50112,La Dormida,50112040,18989.3
2023,Mendoza,50,Santa Rosa,50112,La Dormida,50112040,11749.8
2023,Mendoza,50,Santa Rosa,50112,Las Catitas,50112050,36187.8
2023,Mendoza,50,Santa Rosa,50112,Santa Rosa,50112060,6913.55
2023,Mendoza,50,Santa Rosa,50112,Santa Rosa,50112060,153980.22
2023,Mendoza,50,Santa Rosa,50112,Santa Rosa,50112060,20432.3
2023,Mendoza,50,Santa Rosa,50112,Gobernador Civit,50112A05,821.6
2023,Mendoza,50,Santa Rosa,50112,Los Yoles,50112A10,4692
2023,Mendoza,50,Tunuyán,50119,Campo Los Andes,50119020,14173.85
2023,Mendoza,50,Tunuyán,50119,Colonia Las Rosas,50119030,405.4
2023,Mendoza,50,Tunuyán,50119,El Manzano,50119040,15.2
2023,Mendoza,50,Tunuyán,50119,Los Sauces,50119050,69456.5
2023,Mendoza,50,Tunuyán,50119,Tunuyán,50119060,1349.01
2023,Mendoza,50,Tunuyán,50119,Tunuyán,50119060,8249.31
2023,Mendoza,50,Tunuyán,50119,Tunuyán,50119060,83580.55
2023,Mendoza,50,Tunuyán,50119,Vista Flores,50119070,111884.26
2023,Mendoza,50,Tunuyán,50119,El Totoral,50119A02,66213.31
2023,Mendoza,50,Tunuyán,50119,El Totoral,50119A02,12696.28
2023,Mendoza,50,Tunuyán,50119,La Primavera,50119A04,18288.46
2023,Mendoza,50,Tunuyán,50119,Las Pintadas,50119A07,19063.53
2023,Mendoza,50,Tunuyán,50119,Los Árboles,50119A08,173461.93
2023,Mendoza,50,Tunuyán,50119,Los Árboles,50119A08,6403.17
2023,Mendoza,50,Tunuyán,50119,Los Chacales,50119A09,86079.66
2023,Mendoza,50,Tunuyán,50119,Villa Seca,50119A14,83947.82
2023,Mendoza,50,Tupungato,50126,Cordón del Plata,50126020,199740.04
2023,Mendoza,50,Tupungato,50126,Cordón del Plata,50126020,58475.21
2023,Mendoza,50,Tupungato,50126,Cordón del Plata,50126020,4759.1
2023,Mendoza,50,Tupungato,50126,El Peral,50126030,74442.23
2023,Mendoza,50,Tupungato,50126,El Zampal,50126035,101815.71
2023,Mendoza,50,Tupungato,50126,La Arboleda,50126040,155246.9
2023,Mendoza,50,Tupungato,50126,San José,50126050,36682.34
2023,Mendoza,50,Tupungato,50126,Villa Bastias,50126060,29177.15
2023,Mendoza,50,Tupungato,50126,Tupungato,50126060,46275.96
2023,Mendoza,50,Tupungato,50126,Tupungato,50126060,11579.24
2023,Mendoza,50,Tupungato,50126,Anchoris,50126A01,25125.63
2023,Mendoza,50,Tupungato,50126,Ancón,50126A02,17.2
2023,Mendoza,50,Tupungato,50126,Gualtallary,50126A05,201833.81
2023,Mendoza,50,Tupungato,50126,Zapata,50126A12,5200.8
2023,Neuquén,58,Añelo,58014,Añelo,58014010,262.2
2023,Neuquén,58,Añelo,58014,San Patricio del Chañar,58014020,66115.25
2023,Neuquén,58,Confluencia,58035,Cutral Có,58035040,497.76
2023,Neuquén,58,Confluencia,58035,Mari Menuco,58035060,1480
2023,Neuquén,58,Confluencia,58035,Neuquén,58035070,343.17
2023,Neuquén,58,Confluencia,58035,Senillosa,58035110,88.86
2023,Río Negro,62,Adolfo Alsina,62007,San Javier,62007080,828.26
2023,Río Negro,62,Adolfo Alsina,62007,Viedma,62007090,373.54
2023,Río Negro,62,Avellaneda,62014,Darwin,62014060,1844.83
2023,Río Negro,62,Avellaneda,62014,Luis Beltrán,62014080,493.19
2023,Río Negro,62,Avellaneda,62014,Pomona,62014090,1615.59
2023,Río Negro,62,Bariloche,62021,El Bolsón,62021030,16.67
2023,Río Negro,62,El Cuy,62035,El Cuy,62035030,120
2023,Río Negro,62,El Cuy,62035,Valle Azul,62035080,688.43
2023,Río Negro,62,General Roca,62042,Allen,62042010,973.3
2023,Río Negro,62,General Roca,62042,Barrio Guerrico,62042160,24.88
2023,Río Negro,62,General Roca,62042,Cervantes,62042370,312.64
2023,Río Negro,62,General Roca,62042,General Enrique Godoy,62042430,619.4
2023,Río Negro,62,General Roca,62042,General Fernández Oro,62042440,1034.72
2023,Río Negro,62,General Roca,62042,General Roca,62042450,4308.38
2023,Río Negro,62,General Roca,62042,General Roca,62042450,169
2023,Río Negro,62,General Roca,62042,Ingeniero Luis A. Huergo,62042460,2038.13
2023,Río Negro,62,General Roca,62042,Mainqué,62042480,3881.28
2023,Río Negro,62,General Roca,62042,Villa Alberdi,62042530,11.2
2023,Río Negro,62,General Roca,62042,Villa Manzano,62042550,423.9
2023,Río Negro,62,General Roca,62042,Villa Regina,62042560,125.3
2023,Salta,66,Cachi,66014,Cachi,66014010,2340.1
2023,Salta,66,Cachi,66014,Payogasta,66014020,1020.65
2023,Salta,66,Cafayate,66021,Cafayate,66021010,3158.75
2023,Salta,66,Cafayate,66021,Cafayate,66021010,153237.08
2023,Salta,66,Cafayate,66021,Cafayate,66021010,17192.4
2023,Salta,66,Cafayate,66021,Tolombón,66021020,50097.78
2023,Salta,66,Cafayate,66021,Chuscha,66021A01,12.6
2023,Salta,66,Cafayate,66021,Las Conchas,66021A04,210
2023,Salta,66,Cafayate,66021,Yacochuya Norte,66021A05,6999.15
2023,Salta,66,Molinos,66119,Molinos,66119020,2492.78
2023,Salta,66,Molinos,66119,Seclantás,66119030,220.4
2023,Salta,66,Molinos,66119,Colomé,66119A06,3150.4
2023,Salta,66,Molinos,66119,Colomé,66119A06,175.44
2023,Salta,66,Molinos,66119,Luracatao,66119A10,114.5
2023,Salta,66,San Carlos,66154,Angastaco,66154010,4434.42
2023,Salta,66,San Carlos,66154,Animaná,66154020,37642.54
2023,Salta,66,San Carlos,66154,San Carlos,66154040,5961.37
2023,Salta,66,San Carlos,66154,San Carlos,66154040,690.3
2023,Salta,66,San Carlos,66154,Corralito,66154A01,798.6
2023,Salta,66,San Carlos,66154,Santa Rosa,66154A26,122
2023,San Juan,70,Albardón,70007,El Rincón,70007010,71981.56
2023,San Juan,70,Albardón,70007,El Rincón,70007010,7311.6
2023,San Juan,70,Albardón,70007,Villa General San Martín - Campo Afuera,70007020,8805.76
2023,San Juan,70,Albardón,70007,Villa General San Martín - Campo Afuera,70007020,13201.3
2023,San Juan,70,Albardón,70007,Villa General San Martín - Campo Afuera,70007020,1617.4
2023,San Juan,70,Albardón,70007,Villa General San Martín - Campo Afuera,70007020,20763.86
2023,San Juan,70,Albardón,70007,Villa General San Martín - Campo Afuera,70007020,2655.9
2023,San Juan,70,Albardón,70007,Baños La Laja,70007A02,881
2023,San Juan,70,Albardón,70007,El Salado,70007A03,5427.6
2023,San Juan,70,Albardón,70007,Las Tapias,70007A04,706.8
2023,San Juan,70,Albardón,70007,Las Tapias,70007A04,5335.2
2023,San Juan,70,Angaco,70014,Las Tapias,70014010,36861.11
2023,San Juan,70,Angaco,70014,Villa El Salvador,70014020,9672.2
2023,San Juan,70,Angaco,70014,Villa El Salvador,70014020,12930.8
2023,San Juan,70,Angaco,70014,Villa Sefair,70014020,32047.98
2023,San Juan,70,Angaco,70014,Villa El Salvador,70014020,56061.58
2023,San Juan,70,Angaco,70014,El Alamito,70014A01,4685.2
2023,San Juan,70,Angaco,70014,El Bosque,70014A02,37736.39
2023,San Juan,70,Angaco,70014,Punta del Monte,70014A05,47945.09
2023,San Juan,70,Calingasta,70021,Barreal - Villa Pituil,70021010,2587.79
2023,San Juan,70,Calingasta,70021,Calingasta,70021020,202.8
2023,San Juan,70,Calingasta,70021,Tamberías,70021030,4607.6
2023,San Juan,70,Calingasta,70021,Hilario,70021A10,1383.5
2023,San Juan,70,Calingasta,70021,Puchuzún,70021A28,312
2023,San Juan,70,Calingasta,70021,Sorocayense,70021A30,8809.64
2023,San Juan,70,Calingasta,70021,Villa Corral,70021A31,973.84
2023,San Juan,70,Caucete,70035,Caucete,70035020,234.6
2023,San Juan,70,Caucete,70035,Caucete,70035020,2720
2023,San Juan,70,Caucete,70035,Caucete,70035020,269096.73
2023,San Juan,70,Caucete,70035,Caucete,70035020,925.4
2023,San Juan,70,Caucete,70035,Caucete,70035020,100.6
2023,San Juan,70,Caucete,70035,El Rincón,70035030,59570.06
2023,San Juan,70,Caucete,70035,Las Talas - Los Médanos,70035040,24500.5
2023,San Juan,70,Caucete,70035,Pie de Palo,70035060,19299.6
2023,San Juan,70,Caucete,70035,Villa Independencia,70035080,96623.64
2023,San Juan,70,Caucete,70035,La Puntilla,70035A02,151041.29
2023,San Juan,70,Caucete,70035,Pozo de los Algarrobos,70035A07,104710.6
2023,San Juan,70,Chimbas,70042,Chimbas,70042010,91688.45
2023,San Juan,70,Chimbas,70042,Chimbas,70042010,4820.1
2023,San Juan,70,Iglesia,70049,Las Flores,70049040,73
2023,San Juan,70,9 de Julio,70063,Alto de Sierra,70063010,2314.3
2023,San Juan,70,9 de Julio,70063,Las Chacritas,70063030,53986.5
2023,San Juan,70,9 de Julio,70063,Las Chacritas,70063030,5507.8
2023,San Juan,70,9 de Julio,70063,9 de Julio,70063040,138375.48
2023,San Juan,70,9 de Julio,70063,La Majadita,70063A00,28783.77
2023,San Juan,70,9 de Julio,70063,Rincón Cercado,70063A02,13547.28
2023,San Juan,70,Pocito,70070,Carpintería,70070020,111269.09
2023,San Juan,70,Pocito,70070,Las Piedritas,70070025,1844.6
2023,San Juan,70,Pocito,70070,Quinto Cuartel,70070030,2286.6
2023,San Juan,70,Pocito,70070,Villa Aberastain,70070040,17082.8
2023,San Juan,70,Pocito,70070,Villa Aberastain,70070040,1383
2023,San Juan,70,Pocito,70070,La Rinconada,70070040,52415.36
2023,San Juan,70,Pocito,70070,Villa Aberastain,70070040,56041.9
2023,San Juan,70,Pocito,70070,Villa Nacusi,70070050,58.4
2023,San Juan,70,Pocito,70070,Villa Nacusi,70070050,290.6
2023,San Juan,70,Pocito,70070,Villa Nacusi,70070050,1172.4
2023,San Juan,70,Rawson,70077,Rawson,70077010,2162.8
2023,San Juan,70,Rawson,70077,Rawson,70077010,40392.5
2023,San Juan,70,Rawson,70077,El Medanito,70077010,13258.58
2023,San Juan,70,Rawson,70077,Rawson,70077010,113.69
2023,San Juan,70,Rawson,70077,Rawson,70077010,391
2023,San Juan,70,Rawson,70077,Colonia Médano de Oro,70077A00,86629.5
2023,San Juan,70,Rawson,70077,Colonia Rodas,70077A02,1645
2023,San Juan,70,Rawson,70077,Colonia Rodas,70077A02,4394.2
2023,San Juan,70,Rivadavia,70084,Rivadavia,70084010,7694.8
2023,San Juan,70,Rivadavia,70084,Rivadavia,70084010,4952.73
2023,San Juan,70,Rivadavia,70084,Rivadavia,70084010,3868.9
2023,San Juan,70,San Martín,70091,Dos Acequias,70091020,99954.6
2023,San Juan,70,San Martín,70091,San Isidro,70091030,64406.4
2023,San Juan,70,San Martín,70091,Villa San Martín,70091070,98782.23
2023,San Juan,70,San Martín,70091,Los Compartos,70091A01,7067
2023,San Juan,70,San Martín,70091,Los Compartos,70091A01,129547.42
2023,San Juan,70,San Martín,70091,Los Compartos,70091A01,21177.4
2023,San Juan,70,San Martín,70091,Villa Lugano,70091A02,4467
2023,San Juan,70,San Martín,70091,Villa Lugano,70091A02,7931.6
2023,San Juan,70,Santa Lucía,70098,Santa Lucía,70098010,5512.9
2023,San Juan,70,Santa Lucía,70098,Colonia Gutiérrez,70098010,3173.73
2023,San Juan,70,Santa Lucía,70098,Colonia Gutiérrez,70098010,15403.8
2023,San Juan,70,Santa Lucía,70098,Santa Lucía,70098010,5542
2023,San Juan,70,Santa Lucía,70098,Colonia Gutiérrez,70098010,52354.96
2023,San Juan,70,Santa Lucía,70098,Santa Lucía,70098010,6607.4
2023,San Juan,70,Santa Lucía,70098,Santa Lucía,70098010,44573.3
2023,San Juan,70,Santa Lucía,70098,Santa Lucía,70098010,6426.4
2023,San Juan,70,Sarmiento,70105,Cañada Honda,70105010,34938.8
2023,San Juan,70,Sarmiento,70105,Colonia Fiscal,70105030,85556
2023,San Juan,70,Sarmiento,70105,Guanacache,70105050,2788
2023,San Juan,70,Sarmiento,70105,Las Lagunas,70105060,63405.66
2023,San Juan,70,Sarmiento,70105,Los Berros,70105070,406.8
2023,San Juan,70,Sarmiento,70105,Los Berros,70105070,555.4
2023,San Juan,70,Sarmiento,70105,Pedernal,70105080,53703.35
2023,San Juan,70,Sarmiento,70105,Punta del Médano,70105090,22399.8
2023,San Juan,70,Sarmiento,70105,Villa Media Agua,70105100,41625.27
2023,San Juan,70,Sarmiento,70105,Villa Media Agua,70105100,149890.75
2023,San Juan,70,Sarmiento,70105,Cochagual,70105A01,230983.15
2023,San Juan,70,Sarmiento,70105,San Carlos,70105A07,22289.5
2023,San Juan,70,Sarmiento,70105,Tres Esquinas,70105A08,37273.7
2023,San Juan,70,Ullum,70112,Villa Ibáñez,70112010,67021.85
2023,San Juan,70,Ullum,70112,Villa Ibáñez,70112010,1447.4
2023,San Juan,70,Ullum,70112,La Banderita,70112A04,3789.2
2023,San Juan,70,25 de Mayo,70126,Tupelí,70126020,8109.6
2023,San Juan,70,25 de Mayo,70126,Tupelí,70126020,42704.4
2023,San Juan,70,25 de Mayo,70126,Villa Borjas - La Chimbera,70126030,85181.6
2023,San Juan,70,25 de Mayo,70126,Villa Santa Rosa,70126050,19469.9
2023,San Juan,70,25 de Mayo,70126,Villa Santa Rosa,70126050,14481
2023,San Juan,70,25 de Mayo,70126,Villa Santa Rosa,70126050,67862.25
2023,San Juan,70,25 de Mayo,70126,Villa Santa Rosa,70126050,145493.04
2023,San Juan,70,25 de Mayo,70126,Villa Santa Rosa,70126050,175597.98
2023,San Juan,70,25 de Mayo,70126,Algarrobo Verde,70126A00,18231.9
2023,San Juan,70,25 de Mayo,70126,Cuatro Esquinas,70126A04,2777.4
2023,San Juan,70,25 de Mayo,70126,Las Casuarinas,70126A06,203547.19
2023,San Juan,70,25 de Mayo,70126,Punta del Médano,70126A09,8631.7
2023,San Juan,70,Zonda,70133,Villa Basilio Nievas,70133010,31566.83
2023,San Juan,70,Zonda,70133,Villa Basilio Nievas,70133010,1210.8
2023,San Juan,70,Zonda,70133,Villa Basilio Nievas,70133010,17673.2
2023,San Juan,70,Zonda,70133,Villa Basilio Nievas,70133010,5693.02
2023,San Juan,70,Zonda,70133,Villa Basilio Nievas,70133010,14401.48
2023,San Luis,74,Belgrano,74014,Nogolí,74014020,46.67
2023,San Luis,74,Junín,74049,Santa Rosa del Conlara,74049070,102.43
2023,San Luis,74,Juan Martín de Pueyrredón,74056,Beazley,74056040,581.62
2023,San Luis,74,Juan Martín de Pueyrredón,74056,San Luis,74056150,26.45
2023,Santa Cruz,78,Deseado,78014,Caleta Olivia,78014010,15
2023,Tucumán,90,Tafí del Valle,90098,Amaicha del Valle,90098010,4
2023,Tucumán,90,Tafí del Valle,90098,Amaicha del Valle,90098010,9.02
2023,Tucumán,90,Tafí del Valle,90098,Colalao del Valle,90098020,1012.51
2023,Tucumán,90,Tafí del Valle,90098,El Bañado,90098A12,35
2023,Tucumán,90,Tafí del Valle,90098,El Paso,90098A18,459.84
2023,Tucumán,90,Tafí del Valle,90098,Quilmes,90098A48,3.59
2024,Buenos Aires,06,Balcarce,06063,Balcarce,06063010,266.81
2024,Buenos Aires,06,General Pueyrredón,06357,Batán,06357070,166.58
2024,Buenos Aires,06,General Pueyrredón,06357,Chapadmalal,06357080,1964.53
2024,Buenos Aires,06,Saavedra,06700,Pigüé,06700060,256.43
2024,Buenos Aires,06,Tandil,06791,Tandil,06791050,32.4
2024,Buenos Aires,06,Tornquist,06819,Villa Ventana,06819070,48.53
2024,Buenos Aires,06,Villarino,06875,Médanos,06875060,293
2024,Catamarca,10,Belén,10035,Hualfín,10035070,9363.8
2024,Catamarca,10,Belén,10035,Los Nacimientos,10035120,63.6
2024,Catamarca,10,Belén,10035,Puerta de Corral Quemado,10035130,403.2
2024,Catamarca,10,Belén,10035,San Fernando,10035A42,233
2024,Catamarca,10,Pomán,10084,San Miguel,10084090,180.1
2024,Catamarca,10,Pomán,10084,Siján,10084110,287.32
2024,Catamarca,10,Santa María,10091,Lampacito,10091030,210.4
2024,Catamarca,10,Santa María,10091,Lampacito,10091030,2109.5
2024,Catamarca,10,Santa María,10091,Chañar Punco,10091030,23429.9
2024,Catamarca,10,Santa María,10091,Fuerte Quemado,10091080,3826.2
2024,Catamarca,10,Santa María,10091,La Loma,10091100,9.6
2024,Catamarca,10,Santa María,10091,Las Mojarras,10091110,1169.5
2024,Catamarca,10,Santa María,10091,El Cerrito,10091110,155.2
2024,Catamarca,10,Santa María,10091,Punta de Balasto,10091130,87.4
2024,Catamarca,10,Santa María,10091,San José,10091140,1303.2
2024,Catamarca,10,Santa María,10091,Santa María,10091150,5756.9
2024,Catamarca,10,Santa María,10091,Santa María,10091150,6078.4
2024,Catamarca,10,Tinogasta,10105,Anillaco,10105010,983
2024,Catamarca,10,Tinogasta,10105,Copacabana,10105050,3885.92
2024,Catamarca,10,Tinogasta,10105,El Puesto,10105090,5934.8
2024,Catamarca,10,Tinogasta,10105,Fiambalá,10105110,6631.56
2024,Catamarca,10,Tinogasta,10105,Medanitos,10105130,15968.37
2024,Catamarca,10,Tinogasta,10105,Tinogasta,10105180,1265.05
2024,Catamarca,10,Tinogasta,10105,Tinogasta,10105180,8902.49
2024,Catamarca,10,Tinogasta,10105,Tinogasta,10105180,296.2
2024,Catamarca,10,Tinogasta,10105,San José Norte,10105A27,3634.6
2024,Córdoba,14,Calamuchita,14007,Villa Ciudad Parque Los Reartes,14007270,115.35
2024,Córdoba,14,Calamuchita,14007,Villa General Belgrano,14007310,14.77
2024,Córdoba,14,Calamuchita,14007,Atos Pampa,14007A01,133.78
2024,Córdoba,14,Colón,14021,Colonia Caroya,14021050,2615.93
2024,Córdoba,14,Colón,14021,Colonia Vicente Agüero,14021070,170.26
2024,Córdoba,14,Cruz del Eje,14028,Las Playas,14028130,30.11
2024,Córdoba,14,Cruz del Eje,14028,San Marcos Sierra,14028170,41
2024,Córdoba,14,Ischilín,14049,Quilino,14049100,354.48
2024,Córdoba,14,Ischilín,14049,Ischilín,14049A07,151
2024,Córdoba,14,San Javier,14133,Las Chacras,14133095,50.5
2024,Córdoba,14,San Javier,14133,Las Tapias,14133100,112.8
2024,Córdoba,14,San Javier,14133,San Javier y Yacanto,14133170,14
2024,Córdoba,14,San Javier,14133,San Javier y Yacanto,14133170,151
2024,Córdoba,14,San Javier,14133,Villa de las Rosas,14133190,36
2024,Córdoba,14,Santa María,14147,Potrero de Garay,14147230,127.89
2024,Córdoba,14,Santa María,14147,Valle de Anisacate,14147300,310
2024,Córdoba,14,Tulumba,14175,San Pedro Norte,14175100,70.5
2024,Chubut,26,Cushamen,26014,El Hoyo,26014040,171.48
2024,Chubut,26,Cushamen,26014,Lago Puelo,26014090,3.14
2024,Chubut,26,Futaleufú,26035,Trevelín,26035060,320.23
2024,Chubut,26,Languiñeo,26056,Paso del Sapo,26056040,6.96
2024,Chubut,26,Paso de Indios,26070,Los Altares,26070020,26
2024,Chubut,26,Sarmiento,26091,Sarmiento,26091020,1832.55
2024,Entre Ríos,30,Colón,30008,Colón,30008020,90
2024,Entre Ríos,30,Colón,30008,Colonia San Anselmo,30008A13,306.6
2024,Entre Ríos,30,Concordia,30015,La Criolla,30015090,892
2024,Entre Ríos,30,Diamante,30021,Colonia Ensayo,30021070,237.6
2024,Entre Ríos,30,Diamante,30021,Estación Puiggari,30021150,96
2024,Entre Ríos,30,Gualeguaychú,30056,Gualeguaychú,30056070,81.18
2024,Entre Ríos,30,Victoria,30105,Laguna del Pescado,30105A11,7
2024,Jujuy,38,El Carmen,38014,Barrio El Milagro,38014020,41.07
2024,Jujuy,38,El Carmen,38014,Monterrico,38014070,662.65
2024,Jujuy,38,El Carmen,38014,Puesto Viejo,38014100,18.8
2024,Jujuy,38,Dr. Manuel Belgrano,38021,Guerrero,38021010,44.73
2024,Jujuy,38,San Antonio,38056,El Ceibal,38056010,16.92
2024,Jujuy,38,Tilcara,38094,Colonia San José,38094010,64.02
2024,Jujuy,38,Tilcara,38094,Huacalera,38094020,300.76
2024,Jujuy,38,Tilcara,38094,Maimará,38094040,870.95
2024,Jujuy,38,Tilcara,38094,Tilcara,38094050,131.46
2024,Jujuy,38,Tumbaya,38098,Purmamarca,38098030,193.41
2024,Jujuy,38,Tumbaya,38098,Tumbaya,38098040,90.44
2024,La Pampa,42,Curacó,42042,Gobernador Duval,42042010,209.45
2024,La Pampa,42,Loventué,42098,Telén,42098040,5.4
2024,La Pampa,42,Puelén,42112,25 de Mayo,42112020,22555
2024,La Rioja,46,Castro Barros,46021,Aminga,46021010,22209
2024,La Rioja,46,Castro Barros,46021,Anillaco,46021020,5492.37
2024,La Rioja,46,General Felipe Varela,46028,Santa Clara,46028020,407.8
2024,La Rioja,46,General Felipe Varela,46028,Guandacol,46028020,14632.6
2024,La Rioja,46,General Felipe Varela,46028,Los Palacios,46028030,1729.2
2024,La Rioja,46,General Felipe Varela,46028,Pagancillo,46028040,2155.7
2024,La Rioja,46,General Felipe Varela,46028,Banda Florida,46028050,1086.9
2024,La Rioja,46,General Felipe Varela,46028,Villa Unión,46028050,6459.8
2024,La Rioja,46,General Felipe Varela,46028,Paso San Isidro,46028A14,14.1
2024,La Rioja,46,General Felipe Varela,46028,Paso San Isidro,46028A14,141.7
2024,La Rioja,46,Chilecito,46042,Los Sarmientos,46042010,63
2024,La Rioja,46,Chilecito,46042,San Miguel,46042010,59.5
2024,La Rioja,46,Chilecito,46042,Anguinán,46042010,102645.86
2024,La Rioja,46,Chilecito,46042,Colonia Catinzaco,46042030,5780.6
2024,La Rioja,46,Chilecito,46042,Guanchín,46042060,686
2024,La Rioja,46,Chilecito,46042,Malligasta,46042070,132276.6
2024,La Rioja,46,Chilecito,46042,Nonogasta,46042090,99572.6
2024,La Rioja,46,Chilecito,46042,San Nicolás,46042100,3027.3
2024,La Rioja,46,Chilecito,46042,Sañogasta,46042120,1693.7
2024,La Rioja,46,Chilecito,46042,Tilimuqui,46042130,76867.5
2024,La Rioja,46,Chilecito,46042,Vichigasta,46042140,130863.39
2024,La Rioja,46,Famatina,46049,Angulos,46049020,3288.2
2024,La Rioja,46,Famatina,46049,Antinaco,46049030,1919.6
2024,La Rioja,46,Famatina,46049,Chañarmuyo,46049060,12295.2
2024,La Rioja,46,Famatina,46049,Famatina,46049070,827.6
2024,La Rioja,46,Famatina,46049,Famatina,46049070,39.8
2024,La Rioja,46,Famatina,46049,Famatina,46049070,6323.6
2024,La Rioja,46,Famatina,46049,Pituil,46049090,4983.9
2024,La Rioja,46,Famatina,46049,Plaza Vieja,46049100,1612.3
2024,La Rioja,46,General Lamadrid,46077,Villa Castelli,46077010,452.2
2024,La Rioja,46,General Lamadrid,46077,Villa Castelli,46077010,6134.6
2024,La Rioja,46,Vinchina,46098,Villa San José de Vinchina,46098020,1992.3
2024,La Rioja,46,San Blas de Los Sauces,46119,Alpasinche,46119010,252.8
2024,La Rioja,46,San Blas de Los Sauces,46119,Chaupihuasi,46119010,145
2024,La Rioja,46,San Blas de Los Sauces,46119,San Blas,46119010,300.6
2024,La Rioja,46,Sanagasta,46126,Huaco,46126A02,534.5
2024,Mendoza,50,General Alvear,50014,Bowen,50014010,1514.7
2024,Mendoza,50,General Alvear,50014,Bowen,50014010,78007.01
2024,Mendoza,50,General Alvear,50014,Carmensa,50014020,13135
2024,Mendoza,50,General Alvear,50014,Carmensa,50014020,194.6
2024,Mendoza,50,General Alvear,50014,General Alvear,50014030,6941.3
2024,Mendoza,50,General Alvear,50014,General Alvear,50014030,13188.7
2024,Mendoza,50,General Alvear,50014,General Alvear,50014030,12288.99
2024,Mendoza,50,General Alvear,50014,General Alvear,50014030,8462.53
2024,Mendoza,50,General Alvear,50014,General Alvear,50014030,2216.8
2024,Mendoza,50,General Alvear,50014,Los Compartos,50014040,31394.37
2024,Mendoza,50,General Alvear,50014,El Ceibo,50014A08,4121.79
2024,Mendoza,50,General Alvear,50014,El Ceibo,50014A08,1247.3
2024,Mendoza,50,General Alvear,50014,La California,50014A12,1846
2024,Mendoza,50,General Alvear,50014,La Escandinava,50014A14,10481.66
2024,Mendoza,50,General Alvear,50014,La Marsolina,50014A16,25513.46
2024,Mendoza,50,General Alvear,50014,La Montilla,50014A17,308
2024,Mendoza,50,General Alvear,50014,Los Campamentos,50014A19,6038.1
2024,Mendoza,50,General Alvear,50014,Poste de Fierro,50014A24,8924.7
2024,Mendoza,50,Guaymallén,50028,Colonia Segovia,50028010,13539
2024,Mendoza,50,Guaymallén,50028,Villa Nueva,50028020,226.4
2024,Mendoza,50,Guaymallén,50028,Bermejo,50028020,5184.1
2024,Mendoza,50,Guaymallén,50028,Buena Nueva,50028020,2610.6
2024,Mendoza,50,Guaymallén,50028,El Sauce,50028020,5734
2024,Mendoza,50,Guaymallén,50028,San Francisco del Monte,50028020,81.6
2024,Mendoza,50,Guaymallén,50028,Dorrego,50028020,2688.2
2024,Mendoza,50,Guaymallén,50028,Rodeo de la Cruz,50028020,2068.4
2024,Mendoza,50,Guaymallén,50028,La Primavera,50028030,929.2
2024,Mendoza,50,Guaymallén,50028,La Primavera,50028030,2442.2
2024,Mendoza,50,Guaymallén,50028,Los Corralitos,50028040,5081.3
2024,Mendoza,50,Junín,50035,Ingeniero Giagnoni,50035010,4019.4
2024,Mendoza,50,Junín,50035,Junín,50035020,17821.2
2024,Mendoza,50,Junín,50035,Junín,50035020,2728.3
2024,Mendoza,50,Junín,50035,Junín,50035020,496.6
2024,Mendoza,50,Junín,50035,Junín,50035020,141965.54
2024,Mendoza,50,Junín,50035,La Colonia,50035030,112923.69
2024,Mendoza,50,Junín,50035,Los Barriales,50035040,345.8
2024,Mendoza,50,Junín,50035,Los Barriales,50035040,152974.82
2024,Mendoza,50,Junín,50035,Los Barriales,50035040,3192.8
2024,Mendoza,50,Junín,50035,Medrano,50035050,185301.18
2024,Mendoza,50,Junín,50035,Medrano,50035050,813.8
2024,Mendoza,50,Junín,50035,Medrano,50035050,2916.3
2024,Mendoza,50,Junín,50035,Phillips,50035060,111.8
2024,Mendoza,50,Junín,50035,Phillips,50035060,277913.1
2024,Mendoza,50,Junín,50035,Rodríguez Peña,50035070,122745.28
2024,Mendoza,50,Junín,50035,Algarrobo Grande,50035A00,14991.7
2024,Mendoza,50,Junín,50035,Algarrobo Grande,50035A00,194861.06
2024,Mendoza,50,Junín,50035,Algarrobo Grande,50035A00,12316.9
2024,Mendoza,50,Junín,50035,Alto Verde,50035A01,29263.8
2024,Mendoza,50,Junín,50035,Alto Verde,50035A01,107248.98
2024,Mendoza,50,Junín,50035,Tres Esquinas,50035A02,250.88
2024,Mendoza,50,La Paz,50042,La Paz,50042020,246.2
2024,Mendoza,50,La Paz,50042,La Paz,50042020,3526.44
2024,Mendoza,50,La Paz,50042,Villa Antigua,50042030,1220.7
2024,Mendoza,50,La Paz,50042,Las Chacritas,50042A07,368.8
2024,Mendoza,50,Las Heras,50049,Jocolí,50049030,8306.2
2024,Mendoza,50,Las Heras,50049,El Plumerillo,50049050,982.6
2024,Mendoza,50,Las Heras,50049,Panquehuá,50049050,1199
2024,Mendoza,50,Las Heras,50049,Las Heras,50049050,3268.4
2024,Mendoza,50,Las Heras,50049,El Challao,50049050,114.28
2024,Mendoza,50,Las Heras,50049,Capdevila,50049050,37690.91
2024,Mendoza,50,Las Heras,50049,El Borbollón,50049050,11579.6
2024,Mendoza,50,Las Heras,50049,El Algarrobal,50049050,28687.6
2024,Mendoza,50,Las Heras,50049,Uspallata,50049110,159.2
2024,Mendoza,50,Las Heras,50049,El Pastal,50049A04,11196.8
2024,Mendoza,50,Las Heras,50049,El Pastal,50049A04,110.4
2024,Mendoza,50,Lavalle,50056,Barrio Alto del Olvido,50056010,2638
2024,Mendoza,50,Lavalle,50056,Barrio La Palmera,50056030,47341.19
2024,Mendoza,50,Lavalle,50056,Barrio La Pega,50056040,27170.2
2024,Mendoza,50,Lavalle,50056,Costa de Araujo,50056080,568.4
2024,Mendoza,50,Lavalle,50056,Costa de Araujo,50056080,431859.33
2024,Mendoza,50,Lavalle,50056,Costa de Araujo,50056080,1566.2
2024,Mendoza,50,Lavalle,50056,El Paramillo,50056090,26049.31
2024,Mendoza,50,Lavalle,50056,El Vergel,50056100,12828.1
2024,Mendoza,50,Lavalle,50056,Ingeniero Gustavo André,50056110,250139.98
2024,Mendoza,50,Lavalle,50056,Jocolí,50056120,82310.97
2024,Mendoza,50,Lavalle,50056,Jocolí Viejo,50056130,26156.89
2024,Mendoza,50,Lavalle,50056,Las Violetas,50056140,8611.1
2024,Mendoza,50,Lavalle,50056,3 de Mayo,50056150,7055.2
2024,Mendoza,50,Lavalle,50056,3 de Mayo,50056150,68317.4
2024,Mendoza,50,Lavalle,50056,Villa Tulumaya,50056160,45836.6
2024,Mendoza,50,Lavalle,50056,Villa Tulumaya,50056160,3972.2
2024,Mendoza,50,Lavalle,50056,El Carmen,50056A05,13248.2
2024,Mendoza,50,Lavalle,50056,El Chilcal,50056A06,17216.8
2024,Mendoza,50,Lavalle,50056,El Plumero,50056A09,313.4
2024,Mendoza,50,Lavalle,50056,El Plumero,50056A09,75097.65
2024,Mendoza,50,Lavalle,50056,El Retiro,50056A12,8643.8
2024,Mendoza,50,Lavalle,50056,La Asunción,50056A15,3148.2
2024,Mendoza,50,Lavalle,50056,La Holanda,50056A17,7507
2024,Mendoza,50,Lavalle,50056,San Francisco,50056A24,9791.4
2024,Mendoza,50,Lavalle,50056,San José,50056A26,217
2024,Mendoza,50,Luján de Cuyo,50063,Agrelo,50063010,456891.45
2024,Mendoza,50,Luján de Cuyo,50063,El Carrizal,50063050,160199.12
2024,Mendoza,50,Luján de Cuyo,50063,Las Compuertas,50063070,14329.8
2024,Mendoza,50,Luján de Cuyo,50063,Chacras de Coria,50063090,2151.02
2024,Mendoza,50,Luján de Cuyo,50063,Carrodilla,50063090,2896.17
2024,Mendoza,50,Luján de Cuyo,50063,Vistalba,50063090,21642.42
2024,Mendoza,50,Luján de Cuyo,50063,Luján de Cuyo,50063090,5389.63
2024,Mendoza,50,Luján de Cuyo,50063,Mayor Drummond,50063090,18072.26
2024,Mendoza,50,Luján de Cuyo,50063,Perdriel,50063100,73923.85
2024,Mendoza,50,Luján de Cuyo,50063,Potrerillos,50063110,111.4
2024,Mendoza,50,Luján de Cuyo,50063,Ugarteche,50063120,346051.71
2024,Mendoza,50,Luján de Cuyo,50063,Anchoris,50063A01,7911.68
2024,Mendoza,50,Luján de Cuyo,50063,Baños Lunlunta,50063A02,1904.73
2024,Mendoza,50,Luján de Cuyo,50063,Industrial,50063A03,234
2024,Mendoza,50,Maipú,50070,Barrancas,50070010,274.6
2024,Mendoza,50,Maipú,50070,Barrancas,50070010,250548.26
2024,Mendoza,50,Maipú,50070,Barrio Jesús de Nazaret,50070020,342.26
2024,Mendoza,50,Maipú,50070,Cruz de Piedra,50070030,39596.16
2024,Mendoza,50,Maipú,50070,Cruz de Piedra,50070030,44136.84
2024,Mendoza,50,Maipú,50070,El Pedregal,50070040,3547.9
2024,Mendoza,50,Maipú,50070,Fray Luis Beltrán,50070050,418479.48
2024,Mendoza,50,Maipú,50070,Fray Luis Beltrán,50070050,21586.2
2024,Mendoza,50,Maipú,50070,Fray Luis Beltrán,50070050,20643.49
2024,Mendoza,50,Maipú,50070,Maipú,50070060,1237.49
2024,Mendoza,50,Maipú,50070,Coquimbito,50070060,24576.86
2024,Mendoza,50,Maipú,50070,General Gutiérrez,50070060,839.8
2024,Mendoza,50,Maipú,50070,Rodeo del Medio,50070070,245.4
2024,Mendoza,50,Maipú,50070,Rodeo del Medio,50070070,897.3
2024,Mendoza,50,Maipú,50070,Rodeo del Medio,50070070,3121.91
2024,Mendoza,50,Maipú,50070,Rodeo del Medio,50070070,62848.43
2024,Mendoza,50,Maipú,50070,Russell,50070080,32591.1
2024,Mendoza,50,Maipú,50070,San Roque,50070090,19666.81
2024,Mendoza,50,Maipú,50070,San Roque,50070090,40025.32
2024,Mendoza,50,Maipú,50070,El Paraíso,50070A01,15922.68
2024,Mendoza,50,Maipú,50070,Los Álamos,50070A02,4587.1
2024,Mendoza,50,Rivadavia,50084,Andrade,50084010,117492.98
2024,Mendoza,50,Rivadavia,50084,El Mirador,50084040,9513.58
2024,Mendoza,50,Rivadavia,50084,El Mirador,50084040,208478
2024,Mendoza,50,Rivadavia,50084,La Central,50084050,295145.34
2024,Mendoza,50,Rivadavia,50084,La Libertad,50084080,114304.4
2024,Mendoza,50,Rivadavia,50084,Los Árboles,50084090,53631.4
2024,Mendoza,50,Rivadavia,50084,Los Campamentos,50084100,439785.22
2024,Mendoza,50,Rivadavia,50084,Medrano,50084110,70379.56
2024,Mendoza,50,Rivadavia,50084,Mundo Nuevo,50084120,14401
2024,Mendoza,50,Rivadavia,50084,Reducción de Abajo,50084130,80535.76
2024,Mendoza,50,Rivadavia,50084,Rivadavia,50084140,84879.8
2024,Mendoza,50,Rivadavia,50084,Santa María de Oro,50084150,75000.1
2024,Mendoza,50,San Carlos,50091,Barrio El Cepillo,50091010,38772.18
2024,Mendoza,50,San Carlos,50091,Chilecito,50091020,22269.42
2024,Mendoza,50,San Carlos,50091,Eugenio Bustos,50091030,156629
2024,Mendoza,50,San Carlos,50091,La Consulta,50091040,8120.87
2024,Mendoza,50,San Carlos,50091,La Consulta,50091040,341481.18
2024,Mendoza,50,San Carlos,50091,La Consulta,50091040,812.6
2024,Mendoza,50,San Carlos,50091,Pareditas,50091050,8686.18
2024,Mendoza,50,San Carlos,50091,San Carlos,50091060,9905.9
2024,Mendoza,50,San Carlos,50091,San Carlos,50091060,26987.75
2024,Mendoza,50,San Carlos,50091,Casas Viejas,50091A01,8127
2024,Mendoza,50,San Carlos,50091,El Capacho,50091A03,2723.2
2024,Mendoza,50,San Carlos,50091,Tres Esquinas,50091A17,1870.7
2024,Mendoza,50,San Martín,50098,Alto Verde,50098020,329658.27
2024,Mendoza,50,San Martín,50098,Chapanay,50098060,506357.04
2024,Mendoza,50,San Martín,50098,Chivilcoy,50098070,68760.14
2024,Mendoza,50,San Martín,50098,El Espino,50098073,49736.8
2024,Mendoza,50,San Martín,50098,El Ramblón,50098077,152620
2024,Mendoza,50,San Martín,50098,El Ramblón,50098077,62659
2024,Mendoza,50,San Martín,50098,Montecaseros,50098080,719464.38
2024,Mendoza,50,San Martín,50098,Nueva California,50098090,256327.9
2024,Mendoza,50,San Martín,50098,San Martín,50098100,74692.82
2024,Mendoza,50,San Martín,50098,Palmira,50098100,171390.83
2024,Mendoza,50,San Martín,50098,San Martín,50098100,11604.6
2024,Mendoza,50,San Martín,50098,Tres Porteñas,50098110,158222.42
2024,Mendoza,50,San Martín,50098,Alto Chapanay,50098A00,7636.9
2024,Mendoza,50,San Martín,50098,Alto Salvador,50098A01,162040.92
2024,Mendoza,50,San Martín,50098,Buen Orden,50098A03,75683.55
2024,Mendoza,50,San Martín,50098,El Central,50098A06,177362.18
2024,Mendoza,50,San Martín,50098,El Divisadero,50098A07,102706.23
2024,Mendoza,50,San Martín,50098,Las Chimbas,50098A09,42927.81
2024,Mendoza,50,San Rafael,50105,Barrio Campos El Toledano,50105010,211
2024,Mendoza,50,San Rafael,50105,Capitán Montoya,50105050,1578.3
2024,Mendoza,50,San Rafael,50105,Cuadro Benegas,50105060,31110.32
2024,Mendoza,50,San Rafael,50105,El Tropezón,50105090,239
2024,Mendoza,50,San Rafael,50105,Goudge,50105100,88168.31
2024,Mendoza,50,San Rafael,50105,Jaime Prats,50105110,19553.59
2024,Mendoza,50,San Rafael,50105,Jaime Prats,50105110,37.8
2024,Mendoza,50,San Rafael,50105,La Llave Nueva,50105120,28054.5
2024,Mendoza,50,San Rafael,50105,La Llave Nueva,50105120,601
2024,Mendoza,50,San Rafael,50105,Las Malvinas,50105130,597.4
2024,Mendoza,50,San Rafael,50105,Monte Comán,50105150,8875.1
2024,Mendoza,50,San Rafael,50105,Rama Caída,50105180,24575.34
2024,Mendoza,50,San Rafael,50105,Rama Caída,50105180,739.6
2024,Mendoza,50,San Rafael,50105,Real del Padre,50105190,129940.54
2024,Mendoza,50,San Rafael,50105,Salto de las Rosas,50105200,2936.6
2024,Mendoza,50,San Rafael,50105,San Rafael,50105210,1262.6
2024,Mendoza,50,San Rafael,50105,San Rafael,50105210,136.8
2024,Mendoza,50,San Rafael,50105,Cuadro Nacional,50105210,1515.8
2024,Mendoza,50,San Rafael,50105,San Rafael,50105210,294.2
2024,Mendoza,50,San Rafael,50105,San Rafael,50105210,2685.42
2024,Mendoza,50,San Rafael,50105,Cuadro Nacional,50105210,64205.56
2024,Mendoza,50,San Rafael,50105,25 de Mayo,50105220,3511.94
2024,Mendoza,50,San Rafael,50105,Villa Atuel,50105230,18551.17
2024,Mendoza,50,San Rafael,50105,Villa Atuel,50105230,33995.1
2024,Mendoza,50,San Rafael,50105,Villa Atuel,50105230,3009.8
2024,Mendoza,50,San Rafael,50105,Cañada Seca,50105A04,141091.97
2024,Mendoza,50,San Rafael,50105,Cañada Seca,50105A04,371.8
2024,Mendoza,50,San Rafael,50105,Colonia Bombal y Tabanera,50105A06,5726.23
2024,Mendoza,50,San Rafael,50105,Colonia Colomer,50105A07,1844.58
2024,Mendoza,50,San Rafael,50105,Colonia El Usillal,50105A08,5653
2024,Mendoza,50,San Rafael,50105,Colonia Elena,50105A09,3119.4
2024,Mendoza,50,San Rafael,50105,Colonia Española,50105A10,668.7
2024,Mendoza,50,San Rafael,50105,Colonia Gelman,50105A11,2194.4
2024,Mendoza,50,San Rafael,50105,Colonia Jáuregui,50105A12,1300
2024,Mendoza,50,San Rafael,50105,Colonia López,50105A13,19299.58
2024,Mendoza,50,San Rafael,50105,El Cerrito,50105A22,5953.5
2024,Mendoza,50,San Rafael,50105,La Guevarina,50105A32,2849.8
2024,Mendoza,50,San Rafael,50105,La Llave Vieja,50105A35,515
2024,Mendoza,50,San Rafael,50105,Las Paredes,50105A44,45793.96
2024,Mendoza,50,San Rafael,50105,Las Paredes,50105A44,512.24
2024,Mendoza,50,San Rafael,50105,Los Claveles,50105A46,452.4
2024,Mendoza,50,San Rafael,50105,Los Sifones,50105A51,225.4
2024,Mendoza,50,San Rafael,50105,Rincón del Atuel,50105A60,398.1
2024,Mendoza,50,San Rafael,50105,Soitué,50105A64,3354.6
2024,Mendoza,50,Santa Rosa,50112,Barrio 12 de Octubre,50112010,82325.2
2024,Mendoza,50,Santa Rosa,50112,Barrio 12 de Octubre,50112010,51350.9
2024,Mendoza,50,Santa Rosa,50112,Barrio Molina Cabrera,50112030,2432.4
2024,Mendoza,50,Santa Rosa,50112,La Dormida,50112040,62625.86
2024,Mendoza,50,Santa Rosa,50112,La Dormida,50112040,25206.1
2024,Mendoza,50,Santa Rosa,50112,Las Catitas,50112050,81610.2
2024,Mendoza,50,Santa Rosa,50112,Santa Rosa,50112060,42736.7
2024,Mendoza,50,Santa Rosa,50112,Santa Rosa,50112060,265099.72
2024,Mendoza,50,Santa Rosa,50112,Santa Rosa,50112060,13719.7
2024,Mendoza,50,Santa Rosa,50112,Gobernador Civit,50112A05,2161.4
2024,Mendoza,50,Santa Rosa,50112,Los Yoles,50112A10,4065.2
2024,Mendoza,50,Tunuyán,50119,Campo Los Andes,50119020,14242.51
2024,Mendoza,50,Tunuyán,50119,Colonia Las Rosas,50119030,773.41
2024,Mendoza,50,Tunuyán,50119,Los Sauces,50119050,46208.55
2024,Mendoza,50,Tunuyán,50119,Tunuyán,50119060,8362.3
2024,Mendoza,50,Tunuyán,50119,Tunuyán,50119060,1496.63
2024,Mendoza,50,Tunuyán,50119,Tunuyán,50119060,68070.94
2024,Mendoza,50,Tunuyán,50119,Vista Flores,50119070,139000.58
2024,Mendoza,50,Tunuyán,50119,El Totoral,50119A02,68048.75
2024,Mendoza,50,Tunuyán,50119,El Totoral,50119A02,14664.68
2024,Mendoza,50,Tunuyán,50119,La Primavera,50119A04,24615.54
2024,Mendoza,50,Tunuyán,50119,Las Pintadas,50119A07,26845.22
2024,Mendoza,50,Tunuyán,50119,Los Árboles,50119A08,8146.07
2024,Mendoza,50,Tunuyán,50119,Los Árboles,50119A08,174053.88
2024,Mendoza,50,Tunuyán,50119,Los Chacales,50119A09,146139.07
2024,Mendoza,50,Tunuyán,50119,Villa Seca,50119A14,101069.65
2024,Mendoza,50,Tupungato,50126,Cordón del Plata,50126020,60568.57
2024,Mendoza,50,Tupungato,50126,Cordón del Plata,50126020,5562.4
2024,Mendoza,50,Tupungato,50126,Cordón del Plata,50126020,241288.15
2024,Mendoza,50,Tupungato,50126,El Peral,50126030,73540.63
2024,Mendoza,50,Tupungato,50126,El Zampal,50126035,125190
2024,Mendoza,50,Tupungato,50126,La Arboleda,50126040,168297.85
2024,Mendoza,50,Tupungato,50126,San José,50126050,35611.5
2024,Mendoza,50,Tupungato,50126,Tupungato,50126060,4876.2
2024,Mendoza,50,Tupungato,50126,Tupungato,50126060,50524.44
2024,Mendoza,50,Tupungato,50126,Villa Bastias,50126060,27444.43
2024,Mendoza,50,Tupungato,50126,Anchoris,50126A01,33992.1
2024,Mendoza,50,Tupungato,50126,Ancón,50126A02,42.35
2024,Mendoza,50,Tupungato,50126,Gualtallary,50126A05,232593
2024,Mendoza,50,Tupungato,50126,Zapata,50126A12,6809.87
2024,Neuquén,58,Añelo,58014,Añelo,58014010,3461.73
2024,Neuquén,58,Añelo,58014,San Patricio del Chañar,58014020,72685.28
2024,Neuquén,58,Confluencia,58035,Centenario,58035030,44.3
2024,Neuquén,58,Confluencia,58035,Cutral Có,58035040,318.03
2024,Neuquén,58,Confluencia,58035,Mari Menuco,58035060,1331.8
2024,Neuquén,58,Confluencia,58035,Neuquén,58035070,303.08
2024,Neuquén,58,Confluencia,58035,Senillosa,58035110,141.12
2024,Neuquén,58,Lácar,58056,San Martín de los Andes,58056010,47
2024,Neuquén,58,Picún Leufú,58098,Picún Leufú,58098020,45
2024,Río Negro,62,Adolfo Alsina,62007,San Javier,62007080,799.24
2024,Río Negro,62,Adolfo Alsina,62007,Viedma,62007090,74.96
2024,Río Negro,62,Avellaneda,62014,Darwin,62014060,1922.17
2024,Río Negro,62,Avellaneda,62014,Luis Beltrán,62014080,774.15
2024,Río Negro,62,Avellaneda,62014,Pomona,62014090,4417.95
2024,Río Negro,62,Bariloche,62021,El Bolsón,62021030,26.92
2024,Río Negro,62,Bariloche,62021,San Carlos de Bariloche,62021060,0.17
2024,Río Negro,62,El Cuy,62035,El Cuy,62035030,406.35
2024,Río Negro,62,El Cuy,62035,Valle Azul,62035080,1851.73
2024,Río Negro,62,General Roca,62042,Allen,62042010,3291.88
2024,Río Negro,62,General Roca,62042,Barrio Guerrico,62042160,373.05
2024,Río Negro,62,General Roca,62042,Cervantes,62042370,481.47
2024,Río Negro,62,General Roca,62042,Cipolletti,62042400,110.2
2024,Río Negro,62,General Roca,62042,General Enrique Godoy,62042430,1125.7
2024,Río Negro,62,General Roca,62042,General Fernández Oro,62042440,1715.96
2024,Río Negro,62,General Roca,62042,General Roca,62042450,1229
2024,Río Negro,62,General Roca,62042,General Roca,62042450,10765.33
2024,Río Negro,62,General Roca,62042,Ingeniero Luis A. Huergo,62042460,1642.79
2024,Río Negro,62,General Roca,62042,Mainqué,62042480,8776.92
2024,Río Negro,62,General Roca,62042,Villa Alberdi,62042530,23.8
2024,Río Negro,62,General Roca,62042,Villa Manzano,62042550,1559.9
2024,Río Negro,62,General Roca,62042,Villa Regina,62042560,393.6
2024,Salta,66,Cachi,66014,Cachi,66014010,1865.34
2024,Salta,66,Cachi,66014,Payogasta,66014020,1779.02
2024,Salta,66,Cafayate,66021,Cafayate,66021010,117663.55
2024,Salta,66,Cafayate,66021,Cafayate,66021010,3927.84
2024,Salta,66,Cafayate,66021,Cafayate,66021010,15643.1
2024,Salta,66,Cafayate,66021,Tolombón,66021020,43596.55
2024,Salta,66,Cafayate,66021,Chuscha,66021A01,34.6
2024,Salta,66,Cafayate,66021,Las Conchas,66021A04,23
2024,Salta,66,Cafayate,66021,Yacochuya Norte,66021A05,5206.25
2024,Salta,66,Molinos,66119,Molinos,66119020,1804.39
2024,Salta,66,Molinos,66119,Seclantás,66119030,137.5
2024,Salta,66,Molinos,66119,Colomé,66119A06,2180.4
2024,Salta,66,Molinos,66119,Colomé,66119A06,219.92
2024,Salta,66,Molinos,66119,Luracatao,66119A10,109.4
2024,Salta,66,San Carlos,66154,Angastaco,66154010,3677.04
2024,Salta,66,San Carlos,66154,Animaná,66154020,27803.15
2024,Salta,66,San Carlos,66154,San Carlos,66154040,843.68
2024,Salta,66,San Carlos,66154,San Carlos,66154040,3669.4
2024,Salta,66,San Carlos,66154,Corralito,66154A01,553.8
2024,Salta,66,San Carlos,66154,Santa Rosa,66154A26,80
2024,San Juan,70,Albardón,70007,El Rincón,70007010,5652.2
2024,San Juan,70,Albardón,70007,El Rincón,70007010,70834.64
2024,San Juan,70,Albardón,70007,Villa General San Martín - Campo Afuera,70007020,18654.81
2024,San Juan,70,Albardón,70007,Villa General San Martín - Campo Afuera,70007020,2151.1
2024,San Juan,70,Albardón,70007,Villa General San Martín - Campo Afuera,70007020,1116.6
2024,San Juan,70,Albardón,70007,Villa General San Martín - Campo Afuera,70007020,9227.44
2024,San Juan,70,Albardón,70007,Villa General San Martín - Campo Afuera,70007020,10258.22
2024,San Juan,70,Albardón,70007,Baños La Laja,70007A02,774.6
2024,San Juan,70,Albardón,70007,El Salado,70007A03,6637.8
2024,San Juan,70,Albardón,70007,Las Tapias,70007A04,819
2024,San Juan,70,Albardón,70007,Las Tapias,70007A04,4729.8
2024,San Juan,70,Angaco,70014,Las Tapias,70014010,50205.68
2024,San Juan,70,Angaco,70014,Villa El Salvador,70014020,19723.4
2024,San Juan,70,Angaco,70014,Villa El Salvador,70014020,80589.2
2024,San Juan,70,Angaco,70014,Villa Sefair,70014020,47755.59
2024,San Juan,70,Angaco,70014,Villa El Salvador,70014020,23119.1
2024,San Juan,70,Angaco,70014,El Alamito,70014A01,7306.2
2024,San Juan,70,Angaco,70014,El Bosque,70014A02,39604.24
2024,San Juan,70,Angaco,70014,Punta del Monte,70014A05,62976.44
2024,San Juan,70,Calingasta,70021,Barreal - Villa Pituil,70021010,62.4
2024,San Juan,70,Calingasta,70021,Barreal - Villa Pituil,70021010,2025.36
2024,San Juan,70,Calingasta,70021,Calingasta,70021020,418.1
2024,San Juan,70,Calingasta,70021,Tamberías,70021030,2988.2
2024,San Juan,70,Calingasta,70021,Hilario,70021A10,974.34
2024,San Juan,70,Calingasta,70021,Puchuzún,70021A28,855
2024,San Juan,70,Calingasta,70021,Sorocayense,70021A30,7385.93
2024,San Juan,70,Calingasta,70021,Villa Corral,70021A31,646.1
2024,San Juan,70,Caucete,70035,Caucete,70035020,272.2
2024,San Juan,70,Caucete,70035,Caucete,70035020,239332.78
2024,San Juan,70,Caucete,70035,Caucete,70035020,1339.9
2024,San Juan,70,Caucete,70035,Caucete,70035020,94.6
2024,San Juan,70,Caucete,70035,Caucete,70035020,510
2024,San Juan,70,Caucete,70035,Caucete,70035020,2117.9
2024,San Juan,70,Caucete,70035,Caucete,70035020,80.8
2024,San Juan,70,Caucete,70035,El Rincón,70035030,59226.62
2024,San Juan,70,Caucete,70035,Las Talas - Los Médanos,70035040,24033.9
2024,San Juan,70,Caucete,70035,Pie de Palo,70035060,18945.3
2024,San Juan,70,Caucete,70035,Villa Independencia,70035080,94409.98
2024,San Juan,70,Caucete,70035,La Puntilla,70035A02,139381.81
2024,San Juan,70,Caucete,70035,Pozo de los Algarrobos,70035A07,110803.95
2024,San Juan,70,Chimbas,70042,Chimbas,70042010,97125.98
2024,San Juan,70,Chimbas,70042,Chimbas,70042010,5120.8
2024,San Juan,70,Iglesia,70049,Las Flores,70049040,57.6
2024,San Juan,70,9 de Julio,70063,Alto de Sierra,70063010,1328
2024,San Juan,70,9 de Julio,70063,Las Chacritas,70063030,6398.2
2024,San Juan,70,9 de Julio,70063,Las Chacritas,70063030,55565.6
2024,San Juan,70,9 de Julio,70063,9 de Julio,70063040,148733.06
2024,San Juan,70,9 de Julio,70063,La Majadita,70063A00,26812.74
2024,San Juan,70,9 de Julio,70063,Rincón Cercado,70063A02,18146.37
2024,San Juan,70,Pocito,70070,Carpintería,70070020,117650.55
2024,San Juan,70,Pocito,70070,Las Piedritas,70070025,1899
2024,San Juan,70,Pocito,70070,Quinto Cuartel,70070030,1534.6
2024,San Juan,70,Pocito,70070,Villa Aberastain,70070040,56562.85
2024,San Juan,70,Pocito,70070,La Rinconada,70070040,46299.78
2024,San Juan,70,Pocito,70070,Villa Aberastain,70070040,1430
2024,San Juan,70,Pocito,70070,Villa Aberastain,70070040,15122.6
2024,San Juan,70,Pocito,70070,Villa Nacusi,70070050,28
2024,San Juan,70,Pocito,70070,Villa Nacusi,70070050,467.8
2024,San Juan,70,Pocito,70070,Villa Nacusi,70070050,646.2
2024,San Juan,70,Rawson,70077,El Medanito,70077010,11647.9
2024,San Juan,70,Rawson,70077,Rawson,70077010,489.2
2024,San Juan,70,Rawson,70077,Rawson,70077010,41538.7
2024,San Juan,70,Rawson,70077,Rawson,70077010,1918.6
2024,San Juan,70,Rawson,70077,Colonia Médano de Oro,70077A00,90889.21
2024,San Juan,70,Rawson,70077,Colonia Rodas,70077A02,5703.7
2024,San Juan,70,Rawson,70077,Colonia Rodas,70077A02,1280
2024,San Juan,70,Rivadavia,70084,Rivadavia,70084010,4162.2
2024,San Juan,70,Rivadavia,70084,Rivadavia,70084010,4876.7
2024,San Juan,70,Rivadavia,70084,Rivadavia,70084010,8899.3
2024,San Juan,70,San Martín,70091,Dos Acequias,70091020,134851.88
2024,San Juan,70,San Martín,70091,San Isidro,70091030,81576.13
2024,San Juan,70,San Martín,70091,Villa San Martín,70091070,126551.38
2024,San Juan,70,San Martín,70091,Los Compartos,70091A01,145403.1
2024,San Juan,70,San Martín,70091,Los Compartos,70091A01,19057
2024,San Juan,70,San Martín,70091,Los Compartos,70091A01,7371.6
2024,San Juan,70,San Martín,70091,Villa Lugano,70091A02,9047.4
2024,San Juan,70,San Martín,70091,Villa Lugano,70091A02,6090
2024,San Juan,70,Santa Lucía,70098,Colonia Gutiérrez,70098010,16064.4
2024,San Juan,70,Santa Lucía,70098,Santa Lucía,70098010,7300.8
2024,San Juan,70,Santa Lucía,70098,Santa Lucía,70098010,49722.74
2024,San Juan,70,Santa Lucía,70098,Santa Lucía,70098010,8938.62
2024,San Juan,70,Santa Lucía,70098,Colonia Gutiérrez,70098010,53348.1
2024,San Juan,70,Santa Lucía,70098,Colonia Gutiérrez,70098010,3154.72
2024,San Juan,70,Santa Lucía,70098,Santa Lucía,70098010,5783.5
2024,San Juan,70,Santa Lucía,70098,Santa Lucía,70098010,6320.2
2024,San Juan,70,Sarmiento,70105,Cañada Honda,70105010,33970.88
2024,San Juan,70,Sarmiento,70105,Colonia Fiscal,70105030,109929.1
2024,San Juan,70,Sarmiento,70105,Guanacache,70105050,1825.2
2024,San Juan,70,Sarmiento,70105,Las Lagunas,70105060,49695
2024,San Juan,70,Sarmiento,70105,Los Berros,70105070,2102.5
2024,San Juan,70,Sarmiento,70105,Los Berros,70105070,868.8
2024,San Juan,70,Sarmiento,70105,Pedernal,70105080,29709.61
2024,San Juan,70,Sarmiento,70105,Punta del Médano,70105090,38909
2024,San Juan,70,Sarmiento,70105,Villa Media Agua,70105100,37968.3
2024,San Juan,70,Sarmiento,70105,Villa Media Agua,70105100,159038.32
2024,San Juan,70,Sarmiento,70105,Cochagual,70105A01,300516.83
2024,San Juan,70,Sarmiento,70105,San Carlos,70105A07,21135.3
2024,San Juan,70,Sarmiento,70105,Tres Esquinas,70105A08,21751.8
2024,San Juan,70,Ullum,70112,Villa Ibáñez,70112010,58688.81
2024,San Juan,70,Ullum,70112,Villa Ibáñez,70112010,1807.2
2024,San Juan,70,Ullum,70112,La Banderita,70112A04,902.6
2024,San Juan,70,25 de Mayo,70126,Tupelí,70126020,55607.8
2024,San Juan,70,25 de Mayo,70126,Tupelí,70126020,8484.22
2024,San Juan,70,25 de Mayo,70126,Villa Borjas - La Chimbera,70126030,80569.68
2024,San Juan,70,25 de Mayo,70126,Villa Santa Rosa,70126050,163185.07
2024,San Juan,70,25 de Mayo,70126,Villa Santa Rosa,70126050,17111.4
2024,San Juan,70,25 de Mayo,70126,Villa Santa Rosa,70126050,16254.8
2024,San Juan,70,25 de Mayo,70126,Villa Santa Rosa,70126050,69142.1
2024,San Juan,70,25 de Mayo,70126,Villa Santa Rosa,70126050,187484.54
2024,San Juan,70,25 de Mayo,70126,Algarrobo Verde,70126A00,27731.45
2024,San Juan,70,25 de Mayo,70126,Cuatro Esquinas,70126A04,2969.5
2024,San Juan,70,25 de Mayo,70126,Las Casuarinas,70126A06,223277.65
2024,San Juan,70,25 de Mayo,70126,Punta del Médano,70126A09,11891.79
2024,San Juan,70,Zonda,70133,Villa Basilio Nievas,70133010,29299.94
2024,San Juan,70,Zonda,70133,Villa Basilio Nievas,70133010,4297.32
2024,San Juan,70,Zonda,70133,Villa Basilio Nievas,70133010,3388.3
2024,San Juan,70,Zonda,70133,Villa Basilio Nievas,70133010,18815.2
2024,San Juan,70,Zonda,70133,Villa Basilio Nievas,70133010,14697.59
2024,San Luis,74,Belgrano,74014,Nogolí,74014020,65.73
2024,San Luis,74,Coronel Pringles,74021,Río Grande,74021080,2.7
2024,San Luis,74,Coronel Pringles,74021,El Durazno,74021A08,75.8
2024,San Luis,74,Junín,74049,Santa Rosa del Conlara,74049070,240.07
2024,San Luis,74,Juan Martín de Pueyrredón,74056,Beazley,74056040,444.79
2024,San Luis,74,Juan Martín de Pueyrredón,74056,San Luis,74056150,148.08
2024,Tucumán,90,Tafí del Valle,90098,Colalao del Valle,90098020,1310.02
2024,Tucumán,90,Tafí del Valle,90098,El Bañado,90098A12,90
2024,Tucumán,90,Tafí del Valle,90098,El Paso,90098A18,240.8
2024,Tucumán,90,Tafí del Valle,90098,Los Zazos,90098A40,29.5
2025,Buenos Aires,06,Balcarce,06063,Balcarce,06063010,563.14
2025,Buenos Aires,06,Cañuelas,06134,La Noria,06134A03,112.96
2025,Buenos Aires,06,General Juan Madariaga,06315,Macedo,06315A13,96.69
2025,Buenos Aires,06,General Pueyrredón,06357,Batán,06357070,267.09
2025,Buenos Aires,06,General Pueyrredón,06357,Chapadmalal,06357080,2240.27
2025,Buenos Aires,06,Saavedra,06700,Pigüé,06700060,112.8
2025,Buenos Aires,06,Tandil,06791,Tandil,06791050,30.97
2025,Buenos Aires,06,Tandil,06791,Tandil,06791050,11.9
2025,Buenos Aires,06,Tornquist,06819,Villa Ventana,06819070,115.5
2025,Buenos Aires,06,Tres Arroyos,06833,Tres Arroyos,06833100,10
2025,Buenos Aires,06,Villarino,06875,Médanos,06875060,623.09
2025,Catamarca,10,Belén,10035,Hualfín,10035070,9634.8
2025,Catamarca,10,Belén,10035,Los Nacimientos,10035120,161.3
2025,Catamarca,10,Belén,10035,Puerta de Corral Quemado,10035130,480
2025,Catamarca,10,Belén,10035,San Fernando,10035A42,499.8
2025,Catamarca,10,Pomán,10084,San Miguel,10084090,143.2
2025,Catamarca,10,Pomán,10084,Siján,10084110,172.2
2025,Catamarca,10,Santa María,10091,Lampacito,10091030,1793.1
2025,Catamarca,10,Santa María,10091,Lampacito,10091030,127.2
2025,Catamarca,10,Santa María,10091,Chañar Punco,10091030,23901.3
2025,Catamarca,10,Santa María,10091,Fuerte Quemado,10091080,4368
2025,Catamarca,10,Santa María,10091,El Cerrito,10091110,202
2025,Catamarca,10,Santa María,10091,Las Mojarras,10091110,310.6
2025,Catamarca,10,Santa María,10091,Punta de Balasto,10091130,239.2
2025,Catamarca,10,Santa María,10091,San José,10091140,1390.3
2025,Catamarca,10,Santa María,10091,Santa María,10091150,8476.1
2025,Catamarca,10,Santa María,10091,Santa María,10091150,5307.57
2025,Catamarca,10,Tinogasta,10105,Anillaco,10105010,2056
2025,Catamarca,10,Tinogasta,10105,Copacabana,10105050,4643.22
2025,Catamarca,10,Tinogasta,10105,El Puesto,10105090,4090.79
2025,Catamarca,10,Tinogasta,10105,Fiambalá,10105110,5476.75
2025,Catamarca,10,Tinogasta,10105,Medanitos,10105130,20331.84
2025,Catamarca,10,Tinogasta,10105,Saujil,10105160,8.97
2025,Catamarca,10,Tinogasta,10105,Tinogasta,10105180,3724.9
2025,Catamarca,10,Tinogasta,10105,Tinogasta,10105180,12411.66
2025,Catamarca,10,Tinogasta,10105,Tinogasta,10105180,1316.2
2025,Catamarca,10,Tinogasta,10105,San José Norte,10105A27,5809.9
2025,Córdoba,14,Calamuchita,14007,Santa Rosa de Calamuchita,14007210,20
2025,Córdoba,14,Calamuchita,14007,Villa Ciudad Parque Los Reartes,14007270,188.68
2025,Córdoba,14,Calamuchita,14007,Villa General Belgrano,14007310,38.65
2025,Córdoba,14,Calamuchita,14007,Atos Pampa,14007A01,99.09
2025,Córdoba,14,Colón,14021,Colonia Caroya,14021050,2309.18
2025,Córdoba,14,Colón,14021,Colonia Vicente Agüero,14021070,61.6
2025,Córdoba,14,Ischilín,14049,Quilino,14049100,250.12
2025,Córdoba,14,Ischilín,14049,Ischilín,14049A07,151.69
2025,Córdoba,14,San Javier,14133,Las Tapias,14133100,60.7
2025,Córdoba,14,San Javier,14133,San Javier y Yacanto,14133170,21
2025,Córdoba,14,San Javier,14133,San Javier y Yacanto,14133170,107
2025,Córdoba,14,San Javier,14133,Villa de las Rosas,14133190,40
2025,Córdoba,14,Santa María,14147,Potrero de Garay,14147230,165.5
2025,Córdoba,14,Santa María,14147,Valle de Anisacate,14147300,415.19
2025,Córdoba,14,Tulumba,14175,San Pedro Norte,14175100,151.7
2025,Chubut,26,Cushamen,26014,El Hoyo,26014040,144.54
2025,Chubut,26,Cushamen,26014,Lago Puelo,26014090,4.85
2025,Chubut,26,Futaleufú,26035,Trevelín,26035060,256.59
2025,Chubut,26,Paso de Indios,26070,Los Altares,26070020,59.26
2025,Chubut,26,Sarmiento,26091,Sarmiento,26091020,1394.33
2025,Entre Ríos,30,Colón,30008,Colón,30008020,105.8
2025,Entre Ríos,30,Colón,30008,Colonia San Anselmo,30008A13,206.35
2025,Entre Ríos,30,Concordia,30015,La Criolla,30015090,616.2
2025,Entre Ríos,30,Diamante,30021,Colonia Ensayo,30021070,233.5
2025,Entre Ríos,30,Diamante,30021,Estación Puiggari,30021150,25
2025,Entre Ríos,30,Gualeguaychú,30056,Gualeguaychú,30056070,93.03
2025,Entre Ríos,30,Paraná,30084,Aldea María Luisa,30084010,12.5
2025,Jujuy,38,El Carmen,38014,Barrio El Milagro,38014020,64
2025,Jujuy,38,El Carmen,38014,Monterrico,38014070,660.75
2025,Jujuy,38,El Carmen,38014,Puesto Viejo,38014100,35.86
2025,Jujuy,38,Dr. Manuel Belgrano,38021,Guerrero,38021010,39.95
2025,Jujuy,38,San Antonio,38056,El Ceibal,38056010,41.75
2025,Jujuy,38,Tilcara,38094,Colonia San José,38094010,220.67
2025,Jujuy,38,Tilcara,38094,Huacalera,38094020,715.66
2025,Jujuy,38,Tilcara,38094,Maimará,38094040,1350.57
2025,Jujuy,38,Tilcara,38094,Tilcara,38094050,228.06
2025,Jujuy,38,Tumbaya,38098,Purmamarca,38098030,384.29
2025,Jujuy,38,Tumbaya,38098,Tumbaya,38098040,178.2
2025,La Pampa,42,Curacó,42042,Gobernador Duval,42042010,294.54
2025,La Pampa,42,Puelén,42112,25 de Mayo,42112020,19992.8
2025,La Rioja,46,Castro Barros,46021,Aminga,46021010,18747.4
2025,La Rioja,46,Castro Barros,46021,Anillaco,46021020,3721.4
2025,La Rioja,46,General Felipe Varela,46028,Guandacol,46028020,38677.23
2025,La Rioja,46,General Felipe Varela,46028,Santa Clara,46028020,508.1
2025,La Rioja,46,General Felipe Varela,46028,Los Palacios,46028030,2314.5
2025,La Rioja,46,General Felipe Varela,46028,Pagancillo,46028040,2219.9
2025,La Rioja,46,General Felipe Varela,46028,Banda Florida,46028050,838.7
2025,La Rioja,46,General Felipe Varela,46028,Villa Unión,46028050,6628.5
2025,La Rioja,46,General Felipe Varela,46028,Paso San Isidro,46028A14,137.7
2025,La Rioja,46,Chilecito,46042,San Miguel,46042010,29.4
2025,La Rioja,46,Chilecito,46042,Anguinán,46042010,82807.34
2025,La Rioja,46,Chilecito,46042,Chilecito,46042010,717.8
2025,La Rioja,46,Chilecito,46042,Los Sarmientos,46042010,46
2025,La Rioja,46,Chilecito,46042,Colonia Catinzaco,46042030,4336.6
2025,La Rioja,46,Chilecito,46042,Guanchín,46042060,1116.8
2025,La Rioja,46,Chilecito,46042,Malligasta,46042070,103617.8
2025,La Rioja,46,Chilecito,46042,Nonogasta,46042090,100925.88
2025,La Rioja,46,Chilecito,46042,San Nicolás,46042100,3957.6
2025,La Rioja,46,Chilecito,46042,Sañogasta,46042120,1493.1
2025,La Rioja,46,Chilecito,46042,Tilimuqui,46042130,64929.9
2025,La Rioja,46,Chilecito,46042,Vichigasta,46042140,110465.76
2025,La Rioja,46,Famatina,46049,Angulos,46049020,5399.8
2025,La Rioja,46,Famatina,46049,Antinaco,46049030,2108.2
2025,La Rioja,46,Famatina,46049,Chañarmuyo,46049060,19012.13
2025,La Rioja,46,Famatina,46049,Famatina,46049070,25
2025,La Rioja,46,Famatina,46049,Famatina,46049070,796.8
2025,La Rioja,46,Famatina,46049,Famatina,46049070,5933.6
2025,La Rioja,46,Famatina,46049,Pituil,46049090,4787.4
2025,La Rioja,46,Famatina,46049,Plaza Vieja,46049100,1827.6
2025,La Rioja,46,General Lamadrid,46077,Villa Castelli,46077010,6745.5
2025,La Rioja,46,General Lamadrid,46077,Villa Castelli,46077010,412.3
2025,La Rioja,46,Vinchina,46098,Villa San José de Vinchina,46098020,2331.3
2025,La Rioja,46,San Blas de Los Sauces,46119,Shaqui,46119010,4260.88
2025,La Rioja,46,San Blas de Los Sauces,46119,San Blas,46119010,265.8
2025,La Rioja,46,San Blas de Los Sauces,46119,Alpasinche,46119010,254.6
2025,La Rioja,46,San Blas de Los Sauces,46119,Chaupihuasi,46119010,206
2025,La Rioja,46,Sanagasta,46126,Villa Sanagasta,46126010,18.9
2025,La Rioja,46,Sanagasta,46126,Huaco,46126A02,395.7
2025,Mendoza,50,General Alvear,50014,Bowen,50014010,66893.88
2025,Mendoza,50,General Alvear,50014,Bowen,50014010,1325.9
2025,Mendoza,50,General Alvear,50014,Carmensa,50014020,368
2025,Mendoza,50,General Alvear,50014,Carmensa,50014020,13121
2025,Mendoza,50,General Alvear,50014,General Alvear,50014030,6920.9
2025,Mendoza,50,General Alvear,50014,General Alvear,50014030,11584.88
2025,Mendoza,50,General Alvear,50014,General Alvear,50014030,11201.35
2025,Mendoza,50,General Alvear,50014,General Alvear,50014030,2085.6
2025,Mendoza,50,General Alvear,50014,General Alvear,50014030,14452.8
2025,Mendoza,50,General Alvear,50014,Los Compartos,50014040,30369.4
2025,Mendoza,50,General Alvear,50014,El Ceibo,50014A08,4030.4
2025,Mendoza,50,General Alvear,50014,El Ceibo,50014A08,888.8
2025,Mendoza,50,General Alvear,50014,La California,50014A12,2391.2
2025,Mendoza,50,General Alvear,50014,La Escandinava,50014A14,10639.27
2025,Mendoza,50,General Alvear,50014,La Marsolina,50014A16,26585
2025,Mendoza,50,General Alvear,50014,La Montilla,50014A17,419
2025,Mendoza,50,General Alvear,50014,Los Campamentos,50014A19,3786.9
2025,Mendoza,50,General Alvear,50014,Poste de Fierro,50014A24,9686.98
2025,Mendoza,50,Guaymallén,50028,Colonia Segovia,50028010,12303.9
2025,Mendoza,50,Guaymallén,50028,Bermejo,50028020,4250.8
2025,Mendoza,50,Guaymallén,50028,Rodeo de la Cruz,50028020,2231.6
2025,Mendoza,50,Guaymallén,50028,Villa Nueva,50028020,218.6
2025,Mendoza,50,Guaymallén,50028,El Sauce,50028020,6045.8
2025,Mendoza,50,Guaymallén,50028,Buena Nueva,50028020,3341.8
2025,Mendoza,50,Guaymallén,50028,Dorrego,50028020,2737
2025,Mendoza,50,Guaymallén,50028,La Primavera,50028030,1261.4
2025,Mendoza,50,Guaymallén,50028,La Primavera,50028030,3049.8
2025,Mendoza,50,Guaymallén,50028,Los Corralitos,50028040,4281.8
2025,Mendoza,50,Junín,50035,Ingeniero Giagnoni,50035010,3279.6
2025,Mendoza,50,Junín,50035,Junín,50035020,15792.6
2025,Mendoza,50,Junín,50035,Junín,50035020,2499
2025,Mendoza,50,Junín,50035,Junín,50035020,123295.87
2025,Mendoza,50,Junín,50035,La Colonia,50035030,90807.43
2025,Mendoza,50,Junín,50035,Los Barriales,50035040,1688.4
2025,Mendoza,50,Junín,50035,Los Barriales,50035040,148254.9
2025,Mendoza,50,Junín,50035,Los Barriales,50035040,459.2
2025,Mendoza,50,Junín,50035,Medrano,50035050,232622.21
2025,Mendoza,50,Junín,50035,Medrano,50035050,3338.2
2025,Mendoza,50,Junín,50035,Medrano,50035050,1532.2
2025,Mendoza,50,Junín,50035,Phillips,50035060,299946.6
2025,Mendoza,50,Junín,50035,Phillips,50035060,93.6
2025,Mendoza,50,Junín,50035,Rodríguez Peña,50035070,143055.58
2025,Mendoza,50,Junín,50035,Algarrobo Grande,50035A00,11248
2025,Mendoza,50,Junín,50035,Algarrobo Grande,50035A00,14327.2
2025,Mendoza,50,Junín,50035,Algarrobo Grande,50035A00,184751.11
2025,Mendoza,50,Junín,50035,Alto Verde,50035A01,28361.8
2025,Mendoza,50,Junín,50035,Alto Verde,50035A01,109053.3
2025,Mendoza,50,Junín,50035,Tres Esquinas,50035A02,709.6
2025,Mendoza,50,La Paz,50042,La Paz,50042020,2194.87
2025,Mendoza,50,La Paz,50042,La Paz,50042020,163
2025,Mendoza,50,La Paz,50042,Villa Antigua,50042030,953.8
2025,Mendoza,50,La Paz,50042,Las Chacritas,50042A07,886.2
2025,Mendoza,50,Las Heras,50049,Jocolí,50049030,6403.8
2025,Mendoza,50,Las Heras,50049,El Algarrobal,50049050,28947.3
2025,Mendoza,50,Las Heras,50049,El Challao,50049050,72.77
2025,Mendoza,50,Las Heras,50049,Panquehuá,50049050,2965.5
2025,Mendoza,50,Las Heras,50049,El Borbollón,50049050,17370.1
2025,Mendoza,50,Las Heras,50049,Capdevila,50049050,43930.47
2025,Mendoza,50,Las Heras,50049,El Plumerillo,50049050,452.8
2025,Mendoza,50,Las Heras,50049,Polvaredas,50049080,196.2
2025,Mendoza,50,Las Heras,50049,Uspallata,50049110,316.46
2025,Mendoza,50,Las Heras,50049,El Pastal,50049A04,1152.8
2025,Mendoza,50,Las Heras,50049,El Pastal,50049A04,14681.4
2025,Mendoza,50,Lavalle,50056,Barrio Alto del Olvido,50056010,2903.8
2025,Mendoza,50,Lavalle,50056,Barrio La Palmera,50056030,52770.9
2025,Mendoza,50,Lavalle,50056,Barrio La Pega,50056040,23980.8
2025,Mendoza,50,Lavalle,50056,Costa de Araujo,50056080,170.6
2025,Mendoza,50,Lavalle,50056,Costa de Araujo,50056080,463323.23
2025,Mendoza,50,Lavalle,50056,Costa de Araujo,50056080,1759.8
2025,Mendoza,50,Lavalle,50056,El Paramillo,50056090,32985
2025,Mendoza,50,Lavalle,50056,El Vergel,50056100,17633.6
2025,Mendoza,50,Lavalle,50056,Ingeniero Gustavo André,50056110,239544.68
2025,Mendoza,50,Lavalle,50056,Jocolí,50056120,96684.32
2025,Mendoza,50,Lavalle,50056,Jocolí Viejo,50056130,30532.3
2025,Mendoza,50,Lavalle,50056,Las Violetas,50056140,10483.4
2025,Mendoza,50,Lavalle,50056,3 de Mayo,50056150,7685.6
2025,Mendoza,50,Lavalle,50056,3 de Mayo,50056150,77264.7
2025,Mendoza,50,Lavalle,50056,Villa Tulumaya,50056160,47474.69
2025,Mendoza,50,Lavalle,50056,Villa Tulumaya,50056160,4013
2025,Mendoza,50,Lavalle,50056,El Carmen,50056A05,10903.6
2025,Mendoza,50,Lavalle,50056,El Chilcal,50056A06,24158.6
2025,Mendoza,50,Lavalle,50056,El Plumero,50056A09,77534.2
2025,Mendoza,50,Lavalle,50056,El Plumero,50056A09,249.4
2025,Mendoza,50,Lavalle,50056,El Retiro,50056A12,7869.4
2025,Mendoza,50,Lavalle,50056,La Asunción,50056A15,4230.6
2025,Mendoza,50,Lavalle,50056,La Holanda,50056A17,6078.8
2025,Mendoza,50,Lavalle,50056,San Francisco,50056A24,15528.66
2025,Mendoza,50,Lavalle,50056,San José,50056A26,106.4
2025,Mendoza,50,Luján de Cuyo,50063,Agrelo,50063010,610810.77
2025,Mendoza,50,Luján de Cuyo,50063,Cacheuta,50063030,1067.1
2025,Mendoza,50,Luján de Cuyo,50063,El Carrizal,50063050,148391.35
2025,Mendoza,50,Luján de Cuyo,50063,Las Compuertas,50063070,18789.65
2025,Mendoza,50,Luján de Cuyo,50063,Vistalba,50063090,29692.27
2025,Mendoza,50,Luján de Cuyo,50063,Mayor Drummond,50063090,20832.07
2025,Mendoza,50,Luján de Cuyo,50063,Carrodilla,50063090,2890.19
2025,Mendoza,50,Luján de Cuyo,50063,Luján de Cuyo,50063090,7939.27
2025,Mendoza,50,Luján de Cuyo,50063,Chacras de Coria,50063090,2682.1
2025,Mendoza,50,Luján de Cuyo,50063,Perdriel,50063100,87643.78
2025,Mendoza,50,Luján de Cuyo,50063,Potrerillos,50063110,115.6
2025,Mendoza,50,Luján de Cuyo,50063,Ugarteche,50063120,396773.91
2025,Mendoza,50,Luján de Cuyo,50063,Anchoris,50063A01,7969.94
2025,Mendoza,50,Luján de Cuyo,50063,Baños Lunlunta,50063A02,1884.48
2025,Mendoza,50,Maipú,50070,Barrancas,50070010,279245.14
2025,Mendoza,50,Maipú,50070,Barrancas,50070010,233.4
2025,Mendoza,50,Maipú,50070,Barrio Jesús de Nazaret,50070020,330.1
2025,Mendoza,50,Maipú,50070,Cruz de Piedra,50070030,46689.8
2025,Mendoza,50,Maipú,50070,Cruz de Piedra,50070030,46130.91
2025,Mendoza,50,Maipú,50070,El Pedregal,50070040,3763.6
2025,Mendoza,50,Maipú,50070,Fray Luis Beltrán,50070050,15089.6
2025,Mendoza,50,Maipú,50070,Fray Luis Beltrán,50070050,13190.28
2025,Mendoza,50,Maipú,50070,Fray Luis Beltrán,50070050,391305.64
2025,Mendoza,50,Maipú,50070,Maipú,50070060,1162.3
2025,Mendoza,50,Maipú,50070,Coquimbito,50070060,24827.94
2025,Mendoza,50,Maipú,50070,General Gutiérrez,50070060,1289.8
2025,Mendoza,50,Maipú,50070,Rodeo del Medio,50070070,236
2025,Mendoza,50,Maipú,50070,Rodeo del Medio,50070070,3798.8
2025,Mendoza,50,Maipú,50070,Rodeo del Medio,50070070,1197.5
2025,Mendoza,50,Maipú,50070,Rodeo del Medio,50070070,61664.29
2025,Mendoza,50,Maipú,50070,Russell,50070080,35085.66
2025,Mendoza,50,Maipú,50070,San Roque,50070090,21579.19
2025,Mendoza,50,Maipú,50070,San Roque,50070090,45144.66
2025,Mendoza,50,Maipú,50070,El Paraíso,50070A01,9110
2025,Mendoza,50,Maipú,50070,Los Álamos,50070A02,4449.6
2025,Mendoza,50,Rivadavia,50084,Andrade,50084010,108628.86
2025,Mendoza,50,Rivadavia,50084,El Mirador,50084040,210768.3
2025,Mendoza,50,Rivadavia,50084,El Mirador,50084040,6838.1
2025,Mendoza,50,Rivadavia,50084,La Central,50084050,333702.49
2025,Mendoza,50,Rivadavia,50084,La Libertad,50084080,121347.59
2025,Mendoza,50,Rivadavia,50084,Los Árboles,50084090,65075
2025,Mendoza,50,Rivadavia,50084,Los Campamentos,50084100,508502.98
2025,Mendoza,50,Rivadavia,50084,Medrano,50084110,90891.01
2025,Mendoza,50,Rivadavia,50084,Mundo Nuevo,50084120,14611.6
2025,Mendoza,50,Rivadavia,50084,Reducción de Abajo,50084130,89734.9
2025,Mendoza,50,Rivadavia,50084,Rivadavia,50084140,78789.15
2025,Mendoza,50,Rivadavia,50084,Santa María de Oro,50084150,79077.6
2025,Mendoza,50,San Carlos,50091,Barrio El Cepillo,50091010,34953.69
2025,Mendoza,50,San Carlos,50091,Chilecito,50091020,28814.53
2025,Mendoza,50,San Carlos,50091,Eugenio Bustos,50091030,164273.94
2025,Mendoza,50,San Carlos,50091,La Consulta,50091040,11946.9
2025,Mendoza,50,San Carlos,50091,La Consulta,50091040,328884.31
2025,Mendoza,50,San Carlos,50091,La Consulta,50091040,819.99
2025,Mendoza,50,San Carlos,50091,Pareditas,50091050,10891.13
2025,Mendoza,50,San Carlos,50091,San Carlos,50091060,10035.1
2025,Mendoza,50,San Carlos,50091,San Carlos,50091060,34815.41
2025,Mendoza,50,San Carlos,50091,Casas Viejas,50091A01,8589.9
2025,Mendoza,50,San Carlos,50091,El Capacho,50091A03,2657.8
2025,Mendoza,50,San Carlos,50091,Tres Esquinas,50091A17,2271.1
2025,Mendoza,50,San Martín,50098,Alto Verde,50098020,324396.68
2025,Mendoza,50,San Martín,50098,Barrio Los Charabones,50098050,4763.8
2025,Mendoza,50,San Martín,50098,Chapanay,50098060,644533.01
2025,Mendoza,50,San Martín,50098,Chivilcoy,50098070,96049.23
2025,Mendoza,50,San Martín,50098,El Espino,50098073,58121.8
2025,Mendoza,50,San Martín,50098,El Ramblón,50098077,68785.8
2025,Mendoza,50,San Martín,50098,El Ramblón,50098077,173778.2
2025,Mendoza,50,San Martín,50098,Montecaseros,50098080,846067.47
2025,Mendoza,50,San Martín,50098,Nueva California,50098090,312602.34
2025,Mendoza,50,San Martín,50098,San Martín,50098100,54426.4
2025,Mendoza,50,San Martín,50098,Palmira,50098100,172213.11
2025,Mendoza,50,San Martín,50098,San Martín,50098100,4091.8
2025,Mendoza,50,San Martín,50098,Tres Porteñas,50098110,184375.61
2025,Mendoza,50,San Martín,50098,Alto Chapanay,50098A00,9676.4
2025,Mendoza,50,San Martín,50098,Alto Salvador,50098A01,203548.38
2025,Mendoza,50,San Martín,50098,Buen Orden,50098A03,81865.6
2025,Mendoza,50,San Martín,50098,El Central,50098A06,192254.9
2025,Mendoza,50,San Martín,50098,El Divisadero,50098A07,143396.49
2025,Mendoza,50,San Martín,50098,Las Chimbas,50098A09,40115.1
2025,Mendoza,50,San Rafael,50105,Barrio Campos El Toledano,50105010,383.2
2025,Mendoza,50,San Rafael,50105,Capitán Montoya,50105050,1819.8
2025,Mendoza,50,San Rafael,50105,Cuadro Benegas,50105060,47434.66
2025,Mendoza,50,San Rafael,50105,El Tropezón,50105090,556.6
2025,Mendoza,50,San Rafael,50105,Goudge,50105100,89174.3
2025,Mendoza,50,San Rafael,50105,Jaime Prats,50105110,19174.7
2025,Mendoza,50,San Rafael,50105,Jaime Prats,50105110,69.4
2025,Mendoza,50,San Rafael,50105,La Llave Nueva,50105120,309.2
2025,Mendoza,50,San Rafael,50105,La Llave Nueva,50105120,25049.8
2025,Mendoza,50,San Rafael,50105,Las Malvinas,50105130,635.2
2025,Mendoza,50,San Rafael,50105,Monte Comán,50105150,2280.44
2025,Mendoza,50,San Rafael,50105,Rama Caída,50105180,1390
2025,Mendoza,50,San Rafael,50105,Rama Caída,50105180,35416.17
2025,Mendoza,50,San Rafael,50105,Real del Padre,50105190,38723.2
2025,Mendoza,50,San Rafael,50105,Salto de las Rosas,50105200,3074.2
2025,Mendoza,50,San Rafael,50105,San Rafael,50105210,4194.19
2025,Mendoza,50,San Rafael,50105,Cuadro Nacional,50105210,81395.46
2025,Mendoza,50,San Rafael,50105,Cuadro Nacional,50105210,2442.7
2025,Mendoza,50,San Rafael,50105,San Rafael,50105210,317
2025,Mendoza,50,San Rafael,50105,San Rafael,50105210,564.1
2025,Mendoza,50,San Rafael,50105,San Rafael,50105210,109.8
2025,Mendoza,50,San Rafael,50105,25 de Mayo,50105220,4237.98
2025,Mendoza,50,San Rafael,50105,Villa Atuel,50105230,17145.81
2025,Mendoza,50,San Rafael,50105,Villa Atuel,50105230,32175.2
2025,Mendoza,50,San Rafael,50105,Villa Atuel,50105230,2017.4
2025,Mendoza,50,San Rafael,50105,Cañada Seca,50105A04,580.8
2025,Mendoza,50,San Rafael,50105,Cañada Seca,50105A04,138961.53
2025,Mendoza,50,San Rafael,50105,Colonia Bombal y Tabanera,50105A06,7071.4
2025,Mendoza,50,San Rafael,50105,Colonia Colomer,50105A07,1071.4
2025,Mendoza,50,San Rafael,50105,Colonia El Usillal,50105A08,6700.7
2025,Mendoza,50,San Rafael,50105,Colonia Elena,50105A09,4972.8
2025,Mendoza,50,San Rafael,50105,Colonia Española,50105A10,961.2
2025,Mendoza,50,San Rafael,50105,Colonia Gelman,50105A11,1310
2025,Mendoza,50,San Rafael,50105,Colonia Jáuregui,50105A12,1039.2
2025,Mendoza,50,San Rafael,50105,Colonia López,50105A13,8154.33
2025,Mendoza,50,San Rafael,50105,El Cerrito,50105A22,8770.1
2025,Mendoza,50,San Rafael,50105,La Guevarina,50105A32,2941.8
2025,Mendoza,50,San Rafael,50105,La Llave Vieja,50105A35,647.6
2025,Mendoza,50,San Rafael,50105,Las Paredes,50105A44,64355.13
2025,Mendoza,50,San Rafael,50105,Las Paredes,50105A44,719.64
2025,Mendoza,50,San Rafael,50105,Los Claveles,50105A46,976.8
2025,Mendoza,50,San Rafael,50105,Los Sifones,50105A51,343
2025,Mendoza,50,San Rafael,50105,Rincón del Atuel,50105A60,437.84
2025,Mendoza,50,San Rafael,50105,Soitué,50105A64,1448.4
2025,Mendoza,50,Santa Rosa,50112,Barrio 12 de Octubre,50112010,64210.9
2025,Mendoza,50,Santa Rosa,50112,Barrio 12 de Octubre,50112010,85051.74
2025,Mendoza,50,Santa Rosa,50112,Barrio Molina Cabrera,50112030,2302.6
2025,Mendoza,50,Santa Rosa,50112,La Dormida,50112040,23189.1
2025,Mendoza,50,Santa Rosa,50112,La Dormida,50112040,91336.53
2025,Mendoza,50,Santa Rosa,50112,Las Catitas,50112050,69452.6
2025,Mendoza,50,Santa Rosa,50112,Santa Rosa,50112060,280199.38
2025,Mendoza,50,Santa Rosa,50112,Santa Rosa,50112060,51063.9
2025,Mendoza,50,Santa Rosa,50112,Santa Rosa,50112060,17476
2025,Mendoza,50,Santa Rosa,50112,Los Yoles,50112A10,5850.8
2025,Mendoza,50,Tunuyán,50119,Campo Los Andes,50119020,17821.43
2025,Mendoza,50,Tunuyán,50119,Colonia Las Rosas,50119030,829.8
2025,Mendoza,50,Tunuyán,50119,Los Sauces,50119050,48873.82
2025,Mendoza,50,Tunuyán,50119,Tunuyán,50119060,83072.14
2025,Mendoza,50,Tunuyán,50119,Tunuyán,50119060,8760.3
2025,Mendoza,50,Tunuyán,50119,Tunuyán,50119060,2178.43
2025,Mendoza,50,Tunuyán,50119,Vista Flores,50119070,175193.6
2025,Mendoza,50,Tunuyán,50119,El Totoral,50119A02,16908.62
2025,Mendoza,50,Tunuyán,50119,El Totoral,50119A02,66867.94
2025,Mendoza,50,Tunuyán,50119,La Primavera,50119A04,21710.1
2025,Mendoza,50,Tunuyán,50119,Las Pintadas,50119A07,42785.99
2025,Mendoza,50,Tunuyán,50119,Los Árboles,50119A08,199213.12
2025,Mendoza,50,Tunuyán,50119,Los Árboles,50119A08,9703.02
2025,Mendoza,50,Tunuyán,50119,Los Chacales,50119A09,136157.8
2025,Mendoza,50,Tunuyán,50119,Villa Seca,50119A14,132782.8
2025,Mendoza,50,Tupungato,50126,Cordón del Plata,50126020,228207.76
2025,Mendoza,50,Tupungato,50126,Cordón del Plata,50126020,6620.9
2025,Mendoza,50,Tupungato,50126,Cordón del Plata,50126020,54965.03
2025,Mendoza,50,Tupungato,50126,El Peral,50126030,91771.01
2025,Mendoza,50,Tupungato,50126,El Zampal,50126035,118410.94
2025,Mendoza,50,Tupungato,50126,La Arboleda,50126040,191207.13
2025,Mendoza,50,Tupungato,50126,San José,50126050,38776.96
2025,Mendoza,50,Tupungato,50126,Tupungato,50126060,7439.2
2025,Mendoza,50,Tupungato,50126,Villa Bastias,50126060,33374.85
2025,Mendoza,50,Tupungato,50126,Tupungato,50126060,54510.1
2025,Mendoza,50,Tupungato,50126,Anchoris,50126A01,33216.67
2025,Mendoza,50,Tupungato,50126,Ancón,50126A02,103.85
2025,Mendoza,50,Tupungato,50126,Gualtallary,50126A05,257651.75
2025,Mendoza,50,Tupungato,50126,Zapata,50126A12,7312.2
2025,Neuquén,58,Añelo,58014,Añelo,58014010,2349.83
2025,Neuquén,58,Añelo,58014,San Patricio del Chañar,58014020,63986.53
2025,Neuquén,58,Confluencia,58035,Centenario,58035030,42
2025,Neuquén,58,Confluencia,58035,Cutral Có,58035040,296.43
2025,Neuquén,58,Confluencia,58035,Mari Menuco,58035060,1687
2025,Neuquén,58,Confluencia,58035,Neuquén,58035070,238.77
2025,Neuquén,58,Confluencia,58035,Senillosa,58035110,264.75
2025,Neuquén,58,Lácar,58056,San Martín de los Andes,58056010,43
2025,Neuquén,58,Picún Leufú,58098,Picún Leufú,58098020,17
2025,Río Negro,62,Adolfo Alsina,62007,San Javier,62007080,2242.08
2025,Río Negro,62,Adolfo Alsina,62007,Viedma,62007090,143.89
2025,Río Negro,62,Avellaneda,62014,Darwin,62014060,2774.23
2025,Río Negro,62,Avellaneda,62014,Luis Beltrán,62014080,1504.76
2025,Río Negro,62,Avellaneda,62014,Pomona,62014090,3761.64
2025,Río Negro,62,Bariloche,62021,El Bolsón,62021030,22.33
2025,Río Negro,62,El Cuy,62035,El Cuy,62035030,386.87
2025,Río Negro,62,El Cuy,62035,Valle Azul,62035080,2118.62
2025,Río Negro,62,General Roca,62042,Allen,62042010,4205.84
2025,Río Negro,62,General Roca,62042,Barrio Guerrico,62042160,344.23
2025,Río Negro,62,General Roca,62042,Cervantes,62042370,315.99
2025,Río Negro,62,General Roca,62042,Cipolletti,62042400,118.28
2025,Río Negro,62,General Roca,62042,General Enrique Godoy,62042430,1113.9
2025,Río Negro,62,General Roca,62042,General Fernández Oro,62042440,1233.7
2025,Río Negro,62,General Roca,62042,General Roca,62042450,9385.05
2025,Río Negro,62,General Roca,62042,General Roca,62042450,1398.1
2025,Río Negro,62,General Roca,62042,Ingeniero Luis A. Huergo,62042460,2859.71
2025,Río Negro,62,General Roca,62042,Mainqué,62042480,7355.05
2025,Río Negro,62,General Roca,62042,Villa Manzano,62042550,1744.85
2025,Río Negro,62,General Roca,62042,Villa Regina,62042560,443.2
2025,Salta,66,Cachi,66014,Cachi,66014010,4088.53
2025,Salta,66,Cachi,66014,Payogasta,66014020,3728.19
2025,Salta,66,Cafayate,66021,Cafayate,66021010,134958.08
2025,Salta,66,Cafayate,66021,Cafayate,66021010,4765.2
2025,Salta,66,Cafayate,66021,Cafayate,66021010,18515.99
2025,Salta,66,Cafayate,66021,Tolombón,66021020,53636.82
2025,Salta,66,Cafayate,66021,Chuscha,66021A01,29.6
2025,Salta,66,Cafayate,66021,Las Conchas,66021A04,38.9
2025,Salta,66,Cafayate,66021,Yacochuya Norte,66021A05,8531.65
2025,Salta,66,Molinos,66119,Molinos,66119020,2925.68
2025,Salta,66,Molinos,66119,Seclantás,66119030,104.63
2025,Salta,66,Molinos,66119,Colomé,66119A06,2352.6
2025,Salta,66,Molinos,66119,Colomé,66119A06,537.94
2025,Salta,66,Molinos,66119,Luracatao,66119A10,240
2025,Salta,66,San Carlos,66154,Angastaco,66154010,4333.72
2025,Salta,66,San Carlos,66154,Animaná,66154020,31909.8
2025,Salta,66,San Carlos,66154,San Carlos,66154040,1090.76
2025,Salta,66,San Carlos,66154,San Carlos,66154040,4974.2
2025,Salta,66,San Carlos,66154,Corralito,66154A01,235.8
2025,Salta,66,San Carlos,66154,Santa Rosa,66154A26,155
2025,San Juan,70,Albardón,70007,El Rincón,70007010,7488
2025,San Juan,70,Albardón,70007,El Rincón,70007010,82097.66
2025,San Juan,70,Albardón,70007,Villa General San Martín - Campo Afuera,70007020,2075.5
2025,San Juan,70,Albardón,70007,Villa General San Martín - Campo Afuera,70007020,7549.59
2025,San Juan,70,Albardón,70007,Villa General San Martín - Campo Afuera,70007020,11649.6
2025,San Juan,70,Albardón,70007,Villa General San Martín - Campo Afuera,70007020,1562.35
2025,San Juan,70,Albardón,70007,Villa General San Martín - Campo Afuera,70007020,21628.94
2025,San Juan,70,Albardón,70007,Baños La Laja,70007A02,781.6
2025,San Juan,70,Albardón,70007,El Salado,70007A03,6771.9
2025,San Juan,70,Albardón,70007,Las Tapias,70007A04,712.4
2025,San Juan,70,Albardón,70007,Las Tapias,70007A04,3748.5
2025,San Juan,70,Angaco,70014,Las Tapias,70014010,50227.23
2025,San Juan,70,Angaco,70014,Villa El Salvador,70014020,16902.9
2025,San Juan,70,Angaco,70014,Villa El Salvador,70014020,22355.5
2025,San Juan,70,Angaco,70014,Villa El Salvador,70014020,80133
2025,San Juan,70,Angaco,70014,Villa Sefair,70014020,42765.46
2025,San Juan,70,Angaco,70014,El Alamito,70014A01,5625.8
2025,San Juan,70,Angaco,70014,El Bosque,70014A02,33966.59
2025,San Juan,70,Angaco,70014,Punta del Monte,70014A05,48747.4
2025,San Juan,70,Calingasta,70021,Barreal - Villa Pituil,70021010,2238.52
2025,San Juan,70,Calingasta,70021,Barreal - Villa Pituil,70021010,48.2
2025,San Juan,70,Calingasta,70021,Calingasta,70021020,595.1
2025,San Juan,70,Calingasta,70021,Tamberías,70021030,5201.5
2025,San Juan,70,Calingasta,70021,Hilario,70021A10,1302.37
2025,San Juan,70,Calingasta,70021,Puchuzún,70021A28,1419.5
2025,San Juan,70,Calingasta,70021,Sorocayense,70021A30,11786.4
2025,San Juan,70,Calingasta,70021,Villa Corral,70021A31,1143.66
2025,San Juan,70,Caucete,70035,Caucete,70035020,106.8
2025,San Juan,70,Caucete,70035,Caucete,70035020,4343.85
2025,San Juan,70,Caucete,70035,Caucete,70035020,1083.6
2025,San Juan,70,Caucete,70035,Caucete,70035020,227004.31
2025,San Juan,70,Caucete,70035,Caucete,70035020,1402.4
2025,San Juan,70,Caucete,70035,Caucete,70035020,175.8
2025,San Juan,70,Caucete,70035,Caucete,70035020,89.8
2025,San Juan,70,Caucete,70035,El Rincón,70035030,66785.09
2025,San Juan,70,Caucete,70035,Las Talas - Los Médanos,70035040,18363.55
2025,San Juan,70,Caucete,70035,Pie de Palo,70035060,15991.25
2025,San Juan,70,Caucete,70035,Villa Independencia,70035080,77669.39
2025,San Juan,70,Caucete,70035,La Puntilla,70035A02,157198.36
2025,San Juan,70,Caucete,70035,Pozo de los Algarrobos,70035A07,78861.8
2025,San Juan,70,Chimbas,70042,Chimbas,70042010,4128.4
2025,San Juan,70,Chimbas,70042,Chimbas,70042010,92326.65
2025,San Juan,70,Iglesia,70049,Las Flores,70049040,64.2
2025,San Juan,70,9 de Julio,70063,Alto de Sierra,70063010,1881
2025,San Juan,70,9 de Julio,70063,Las Chacritas,70063030,6416.6
2025,San Juan,70,9 de Julio,70063,Las Chacritas,70063030,57261.3
2025,San Juan,70,9 de Julio,70063,9 de Julio,70063040,146929.17
2025,San Juan,70,9 de Julio,70063,La Majadita,70063A00,30712.05
2025,San Juan,70,9 de Julio,70063,Rincón Cercado,70063A02,20742.1
2025,San Juan,70,Pocito,70070,Carpintería,70070020,88020.6
2025,San Juan,70,Pocito,70070,Las Piedritas,70070025,2062
2025,San Juan,70,Pocito,70070,Quinto Cuartel,70070030,1919.2
2025,San Juan,70,Pocito,70070,Villa Aberastain,70070040,1653.9
2025,San Juan,70,Pocito,70070,Villa Aberastain,70070040,49280.3
2025,San Juan,70,Pocito,70070,Villa Aberastain,70070040,14059.5
2025,San Juan,70,Pocito,70070,La Rinconada,70070040,44856.8
2025,San Juan,70,Pocito,70070,Villa Nacusi,70070050,437.2
2025,San Juan,70,Pocito,70070,Villa Nacusi,70070050,453.4
2025,San Juan,70,Pocito,70070,Villa Nacusi,70070050,45.3
2025,San Juan,70,Rawson,70077,Rawson,70077010,489.6
2025,San Juan,70,Rawson,70077,Rawson,70077010,2189.2
2025,San Juan,70,Rawson,70077,Rawson,70077010,38512.6
2025,San Juan,70,Rawson,70077,El Medanito,70077010,11477.3
2025,San Juan,70,Rawson,70077,Colonia Médano de Oro,70077A00,85813.04
2025,San Juan,70,Rawson,70077,Colonia Rodas,70077A02,2147.4
2025,San Juan,70,Rawson,70077,Colonia Rodas,70077A02,3264.2
2025,San Juan,70,Rivadavia,70084,Rivadavia,70084010,1586.8
2025,San Juan,70,Rivadavia,70084,Rivadavia,70084010,5059.38
2025,San Juan,70,Rivadavia,70084,Rivadavia,70084010,8080.2
2025,San Juan,70,San Martín,70091,Dos Acequias,70091020,127902.85
2025,San Juan,70,San Martín,70091,San Isidro,70091030,78485.44
2025,San Juan,70,San Martín,70091,Villa San Martín,70091070,127835.78
2025,San Juan,70,San Martín,70091,Los Compartos,70091A01,97512
2025,San Juan,70,San Martín,70091,Los Compartos,70091A01,5139.8
2025,San Juan,70,San Martín,70091,Los Compartos,70091A01,17305
2025,San Juan,70,San Martín,70091,Villa Lugano,70091A02,5280.7
2025,San Juan,70,San Martín,70091,Villa Lugano,70091A02,6729.6
2025,San Juan,70,Santa Lucía,70098,Colonia Gutiérrez,70098010,2439.01
2025,San Juan,70,Santa Lucía,70098,Santa Lucía,70098010,6137.8
2025,San Juan,70,Santa Lucía,70098,Santa Lucía,70098010,4263.77
2025,San Juan,70,Santa Lucía,70098,Santa Lucía,70098010,5701.5
2025,San Juan,70,Santa Lucía,70098,Santa Lucía,70098010,6779.6
2025,San Juan,70,Santa Lucía,70098,Colonia Gutiérrez,70098010,44547.38
2025,San Juan,70,Santa Lucía,70098,Santa Lucía,70098010,50574.7
2025,San Juan,70,Santa Lucía,70098,Colonia Gutiérrez,70098010,10457
2025,San Juan,70,Sarmiento,70105,Cañada Honda,70105010,30278.8
2025,San Juan,70,Sarmiento,70105,Colonia Fiscal,70105030,90617.93
2025,San Juan,70,Sarmiento,70105,Guanacache,70105050,2085.2
2025,San Juan,70,Sarmiento,70105,Las Lagunas,70105060,50345.8
2025,San Juan,70,Sarmiento,70105,Los Berros,70105070,2911.4
2025,San Juan,70,Sarmiento,70105,Los Berros,70105070,736.8
2025,San Juan,70,Sarmiento,70105,Pedernal,70105080,53755.08
2025,San Juan,70,Sarmiento,70105,Punta del Médano,70105090,35076.1
2025,San Juan,70,Sarmiento,70105,Villa Media Agua,70105100,44632.55
2025,San Juan,70,Sarmiento,70105,Villa Media Agua,70105100,143539.26
2025,San Juan,70,Sarmiento,70105,Cochagual,70105A01,246513.2
2025,San Juan,70,Sarmiento,70105,San Carlos,70105A07,23681.4
2025,San Juan,70,Sarmiento,70105,Tres Esquinas,70105A08,34499.7
2025,San Juan,70,Ullum,70112,Villa Ibáñez,70112010,63905.03
2025,San Juan,70,Ullum,70112,Villa Ibáñez,70112010,1327.6
2025,San Juan,70,Ullum,70112,La Banderita,70112A04,1377.4
2025,San Juan,70,25 de Mayo,70126,Tupelí,70126020,5862.97
2025,San Juan,70,25 de Mayo,70126,Tupelí,70126020,37696.57
2025,San Juan,70,25 de Mayo,70126,Villa Borjas - La Chimbera,70126030,46894.4
2025,San Juan,70,25 de Mayo,70126,Villa Santa Rosa,70126050,160370.79
2025,San Juan,70,25 de Mayo,70126,Villa Santa Rosa,70126050,133077.06
2025,San Juan,70,25 de Mayo,70126,Villa Santa Rosa,70126050,21142.06
2025,San Juan,70,25 de Mayo,70126,Villa Santa Rosa,70126050,18811.7
2025,San Juan,70,25 de Mayo,70126,Villa Santa Rosa,70126050,50433.1
2025,San Juan,70,25 de Mayo,70126,Algarrobo Verde,70126A00,13476.6
2025,San Juan,70,25 de Mayo,70126,Cuatro Esquinas,70126A04,2200.5
2025,San Juan,70,25 de Mayo,70126,Las Casuarinas,70126A06,132074.29
2025,San Juan,70,25 de Mayo,70126,Punta del Médano,70126A09,11056.3
2025,San Juan,70,Zonda,70133,Villa Basilio Nievas,70133010,6114.5
2025,San Juan,70,Zonda,70133,Villa Basilio Nievas,70133010,16775.88
2025,San Juan,70,Zonda,70133,Villa Basilio Nievas,70133010,2466.1
2025,San Juan,70,Zonda,70133,Villa Basilio Nievas,70133010,15105.98
2025,San Juan,70,Zonda,70133,Villa Basilio Nievas,70133010,31188.54
2025,San Luis,74,Belgrano,74014,Nogolí,74014020,68.2
2025,San Luis,74,Coronel Pringles,74021,El Durazno,74021A08,66.6
2025,San Luis,74,Junín,74049,Santa Rosa del Conlara,74049070,186.85
2025,San Luis,74,Juan Martín de Pueyrredón,74056,Beazley,74056040,482.68
2025,San Luis,74,Juan Martín de Pueyrredón,74056,San Luis,74056150,261.65
2025,Santa Cruz,78,Deseado,78014,Cañadón Seco,78014020,5.55
2025,Santa Fe,82,Las Colonias,82070,Humboldt,82070100,2.56
2025,Tucumán,90,Tafí del Valle,90098,Amaicha del Valle,90098010,28
2025,Tucumán,90,Tafí del Valle,90098,Colalao del Valle,90098020,1716.95
2025,Tucumán,90,Tafí del Valle,90098,El Bañado,90098A12,60
2025,Tucumán,90,Tafí del Valle,90098,El Paso,90098A18,317
2025,Tucumán,90,Tafí del Valle,90098,Los Zazos,90098A40,23
