anio,provincia,provincia_id,departamento,departamento_id,localidad,localidad_id,superficie_ha
2012,Buenos Aires,06,Avellaneda,06035,Sarandí,06035010,1.03
2012,Buenos Aires,06,Avellaneda,06035,Villa Domínico,06035010,2.74
2012,Buenos Aires,06,Benito Juárez,06084,Barker,06084010,0.25
2012,Buenos Aires,06,Berisso,06098,Los Talas,06098010,0.07
2012,Buenos Aires,06,Berisso,06098,Berisso,06098010,11.35
2012,Buenos Aires,06,Berisso,06098,Isla Paulino,06098A02,0.18
2012,Buenos Aires,06,Cañuelas,06134,Uribelarrea,06134070,0.52
2012,Buenos Aires,06,Coronel Pringles,06196,Coronel Pringles,06196010,2.29
2012,Buenos Aires,06,Coronel Suárez,06203,Coronel Suárez,06203020,3.47
2012,Buenos Aires,06,Coronel Suárez,06203,Villa La Arcadia,06203100,16
2012,Buenos Aires,06,General Pueyrredón,06357,Chapadmalal,06357080,10.55
2012,Buenos Aires,06,La Costa,06420,Mar del Tuyú,06420040,0.2
2012,Buenos Aires,06,Saavedra,06700,Pigüé,06700060,18
2012,Buenos Aires,06,Tandil,06791,María Ignacia,06791040,5.7
2012,Buenos Aires,06,Tandil,06791,Tandil,06791050,0.4
2012,Buenos Aires,06,Tandil,06791,Tandil,06791050,0.46
2012,Buenos Aires,06,Tornquist,06819,Saldungaray,06819020,9.09
2012,Buenos Aires,06,Tornquist,06819,Villa Ventana,06819070,3
2012,Buenos Aires,06,Villarino,06875,Médanos,06875060,24.52
2012,Catamarca,10,Andalgalá,10021,Andalgalá,10021020,2.31
2012,Catamarca,10,Andalgalá,10021,Andalgalá,10021020,4.52
2012,Catamarca,10,Belén,10035,Belén,10035020,7.63
2012,Catamarca,10,Belén,10035,Corral Quemado,10035040,3.3
2012,Catamarca,10,Belén,10035,Hualfín,10035070,127
2012,Catamarca,10,Belén,10035,Jacipunco,10035080,1.94
2012,Catamarca,10,Belén,10035,Los Nacimientos,10035120,2.4
2012,Catamarca,10,Belén,10035,Puerta de Corral Quemado,10035130,22.4
2012,Catamarca,10,Belén,10035,San Fernando,10035A42,1.25
2012,Catamarca,10,Capayán,10042,Chumbicha,10042040,5.9
2012,Catamarca,10,Capayán,10042,Colonia Nueva Coneta,10042060,2.84
2012,Catamarca,10,Pomán,10084,San Miguel,10084090,10.4
2012,Catamarca,10,Pomán,10084,Saujil,10084100,0.4
2012,Catamarca,10,Pomán,10084,Siján,10084110,20.38
2012,Catamarca,10,Santa María,10091,Andalhualá,10091010,12.79
2012,Catamarca,10,Santa María,10091,Lampacito,10091030,38.83
2012,Catamarca,10,Santa María,10091,Chañar Punco,10091030,345.27
2012,Catamarca,10,Santa María,10091,Lampacito,10091030,17.56
2012,Catamarca,10,Santa María,10091,Famatanca,10091070,4.63
2012,Catamarca,10,Santa María,10091,Fuerte Quemado,10091080,65.27
2012,Catamarca,10,Santa María,10091,La Loma,10091100,1.78
2012,Catamarca,10,Santa María,10091,Las Mojarras,10091110,21.6
2012,Catamarca,10,Santa María,10091,El Cerrito,10091110,1.98
2012,Catamarca,10,Santa María,10091,Loro Huasi,10091120,1.48
2012,Catamarca,10,Santa María,10091,Punta de Balasto,10091130,1.55
2012,Catamarca,10,Santa María,10091,Palo Seco,10091140,0.4
2012,Catamarca,10,Santa María,10091,Casa de Piedra,10091140,0.16
2012,Catamarca,10,Santa María,10091,San José,10091140,19.44
2012,Catamarca,10,Santa María,10091,Santa María,10091150,108.74
2012,Catamarca,10,Santa María,10091,Santa María,10091150,44.72
2012,Catamarca,10,Santa María,10091,Yapes,10091160,2.62
2012,Catamarca,10,Santa María,10091,Entre Ríos,10091A08,0.01
2012,Catamarca,10,Tinogasta,10105,Anillaco,10105010,28.37
2012,Catamarca,10,Tinogasta,10105,Copacabana,10105050,247.81
2012,Catamarca,10,Tinogasta,10105,El Puesto,10105090,76.64
2012,Catamarca,10,Tinogasta,10105,El Salado,10105100,3.05
2012,Catamarca,10,Tinogasta,10105,Fiambalá,10105110,393.07
2012,Catamarca,10,Tinogasta,10105,Medanitos,10105130,214.63
2012,Catamarca,10,Tinogasta,10105,Palo Blanco,10105140,19.8
2012,Catamarca,10,Tinogasta,10105,Saujil,10105160,22.42
2012,Catamarca,10,Tinogasta,10105,Tinogasta,10105180,299.24
2012,Catamarca,10,Tinogasta,10105,Tinogasta,10105180,103.29
2012,Catamarca,10,Tinogasta,10105,Tinogasta,10105180,45.45
2012,Catamarca,10,Tinogasta,10105,Tinogasta,10105180,7.75
2012,Catamarca,10,Tinogasta,10105,San José Norte,10105A27,271.64
2012,Córdoba,14,Calamuchita,14007,Atos Pampa,14007A01,2.85
2012,Córdoba,14,Colón,14021,Colonia Caroya,14021050,140.89
2012,Córdoba,14,Colón,14021,Colonia Vicente Agüero,14021070,16.75
2012,Córdoba,14,Colón,14021,Santa Teresa,14021A20,5.3
2012,Córdoba,14,Cruz del Eje,14028,Cruz del Eje,14028050,13
2012,Córdoba,14,Cruz del Eje,14028,Guanaco Muerto,14028080,2
2012,Córdoba,14,Cruz del Eje,14028,San Marcos Sierra,14028170,1.09
2012,Córdoba,14,Ischilín,14049,Quilino,14049100,36.74
2012,Córdoba,14,Ischilín,14049,Ischilín,14049A07,9.06
2012,Córdoba,14,Punilla,14091,Huerta Grande,14091100,0.68
2012,Córdoba,14,San Alberto,14126,Las Calles,14126050,4.57
2012,Córdoba,14,San Javier,14133,Las Tapias,14133100,0.54
2012,Córdoba,14,San Javier,14133,San Javier y Yacanto,14133170,1.6
2012,Córdoba,14,San Javier,14133,San Javier y Yacanto,14133170,0.33
2012,Córdoba,14,San Javier,14133,San José,14133180,15
2012,Córdoba,14,San Javier,14133,Rodeo de Piedra,14133A19,0.03
2012,Córdoba,14,Santa María,14147,Potrero de Garay,14147230,9.06
2012,Córdoba,14,Totoral,14168,Sinsacate,14168110,1.03
2012,Córdoba,14,Tulumba,14175,San Pedro Norte,14175100,0.25
2012,Córdoba,14,Tulumba,14175,Isla de San Antonio,14175A13,0.59
2012,Chubut,26,Cushamen,26014,Cushamen Centro,26014030,20
2012,Entre Ríos,30,Colón,30008,Colón,30008020,4.38
2012,Entre Ríos,30,Colón,30008,San José,30008090,0.45
2012,Entre Ríos,30,Concordia,30015,Calabacilla,30015010,2.84
2012,Entre Ríos,30,Concordia,30015,Concordia,30015060,5.5
2012,Entre Ríos,30,Concordia,30015,Estación Yeruá,30015080,6.08
2012,Entre Ríos,30,Nogoyá,30077,Lucas González,30077060,0.25
2012,Entre Ríos,30,Paraná,30084,Paraná,30084160,3.25
2012,Entre Ríos,30,Victoria,30105,Victoria,30105060,0.89
2012,Jujuy,38,El Carmen,38014,Monterrico,38014070,3.09
2012,Jujuy,38,Tilcara,38094,Huacalera,38094020,3.87
2012,Jujuy,38,Tilcara,38094,Maimará,38094040,3.28
2012,Jujuy,38,Tilcara,38094,Tilcara,38094050,0.48
2012,Jujuy,38,Tumbaya,38098,Purmamarca,38098030,0.39
2012,La Pampa,42,Curacó,42042,Gobernador Duval,42042010,3.6
2012,La Pampa,42,Puelén,42112,25 de Mayo,42112020,212.07
2012,La Rioja,46,Castro Barros,46021,Aminga,46021010,170.96
2012,La Rioja,46,Castro Barros,46021,Anillaco,46021020,25.3
2012,La Rioja,46,Castro Barros,46021,San Pedro,46021070,2.49
2012,La Rioja,46,General Felipe Varela,46028,Santa Clara,46028020,26.34
2012,La Rioja,46,General Felipe Varela,46028,Guandacol,46028020,182.03
2012,La Rioja,46,General Felipe Varela,46028,Los Palacios,46028030,125
2012,La Rioja,46,General Felipe Varela,46028,Pagancillo,46028040,26.49
2012,La Rioja,46,General Felipe Varela,46028,Banda Florida,46028050,35.39
2012,La Rioja,46,General Felipe Varela,46028,Villa Unión,46028050,230.23
2012,La Rioja,46,General Felipe Varela,46028,Paso San Isidro,46028A14,4.74
2012,La Rioja,46,General Felipe Varela,46028,Paso San Isidro,46028A14,5.23
2012,La Rioja,46,Chilecito,46042,San Miguel,46042010,16.01
2012,La Rioja,46,Chilecito,46042,Chilecito,46042010,11.6
2012,La Rioja,46,Chilecito,46042,Anguinán,46042010,1150.51
2012,La Rioja,46,Chilecito,46042,La Puntilla,46042010,0.23
2012,La Rioja,46,Chilecito,46042,Los Sarmientos,46042010,2.17
2012,La Rioja,46,Chilecito,46042,Colonia Catinzaco,46042030,73.29
2012,La Rioja,46,Chilecito,46042,Malligasta,46042070,1340.19
2012,La Rioja,46,Chilecito,46042,Miranda,46042080,2.23
2012,La Rioja,46,Chilecito,46042,Nonogasta,46042090,1024.13
2012,La Rioja,46,Chilecito,46042,San Nicolás,46042100,41.81
2012,La Rioja,46,Chilecito,46042,Sañogasta,46042120,33.67
2012,La Rioja,46,Chilecito,46042,Tilimuqui,46042130,799.92
2012,La Rioja,46,Chilecito,46042,Vichigasta,46042140,1382.11
2012,La Rioja,46,Famatina,46049,Bajo Carrizal,46049040,0.88
2012,La Rioja,46,Famatina,46049,Campanas,46049050,1.7
2012,La Rioja,46,Famatina,46049,Chañarmuyo,46049060,91.33
2012,La Rioja,46,Famatina,46049,Famatina,46049070,1.48
2012,La Rioja,46,Famatina,46049,Famatina,46049070,10.07
2012,La Rioja,46,Famatina,46049,Famatina,46049070,34.55
2012,La Rioja,46,Famatina,46049,Pituil,46049090,83.04
2012,La Rioja,46,Famatina,46049,Plaza Vieja,46049100,38.87
2012,La Rioja,46,General Lamadrid,46077,Villa Castelli,46077010,6.25
2012,La Rioja,46,General Lamadrid,46077,Villa Castelli,46077010,56.66
2012,La Rioja,46,Vinchina,46098,Villa San José de Vinchina,46098020,49.76
2012,La Rioja,46,San Blas de Los Sauces,46119,San Blas,46119010,10.2
2012,La Rioja,46,San Blas de Los Sauces,46119,Alpasinche,46119010,22.64
2012,La Rioja,46,San Blas de Los Sauces,46119,Los Robles,46119010,0.15
2012,La Rioja,46,San Blas de Los Sauces,46119,Las Talas,46119010,0.4
2012,La Rioja,46,San Blas de Los Sauces,46119,Chaupihuasi,46119010,7.67
2012,La Rioja,46,Sanagasta,46126,Villa Sanagasta,46126010,11.85
2012,Mendoza,50,General Alvear,50014,Bowen,50014010,1418.94
2012,Mendoza,50,General Alvear,50014,Bowen,50014010,36.81
2012,Mendoza,50,General Alvear,50014,Carmensa,50014020,5.7
2012,Mendoza,50,General Alvear,50014,Carmensa,50014020,310.48
2012,Mendoza,50,General Alvear,50014,General Alvear,50014030,115.08
2012,Mendoza,50,General Alvear,50014,General Alvear,50014030,399.43
2012,Mendoza,50,General Alvear,50014,General Alvear,50014030,239.81
2012,Mendoza,50,General Alvear,50014,General Alvear,50014030,34.45
2012,Mendoza,50,General Alvear,50014,General Alvear,50014030,298.41
2012,Mendoza,50,General Alvear,50014,Los Compartos,50014040,503.5
2012,Mendoza,50,General Alvear,50014,Colonia San Pedro del Atuel,50014A04,24.7
2012,Mendoza,50,General Alvear,50014,El Ceibo,50014A08,12.72
2012,Mendoza,50,General Alvear,50014,El Ceibo,50014A08,129.62
2012,Mendoza,50,General Alvear,50014,La California,50014A12,50.92
2012,Mendoza,50,General Alvear,50014,La Escandinava,50014A14,205.49
2012,Mendoza,50,General Alvear,50014,La Marsolina,50014A16,409.82
2012,Mendoza,50,General Alvear,50014,La Marsolina,50014A16,4.08
2012,Mendoza,50,General Alvear,50014,La Montilla,50014A17,1.5
2012,Mendoza,50,General Alvear,50014,Los Campamentos,50014A19,62.95
2012,Mendoza,50,General Alvear,50014,Poste de Fierro,50014A24,118.28
2012,Mendoza,50,Godoy Cruz,50021,Gobernador Benegas,50021010,0.68
2012,Mendoza,50,Godoy Cruz,50021,Las Tortugas,50021010,0.61
2012,Mendoza,50,Guaymallén,50028,Colonia Segovia,50028010,116.15
2012,Mendoza,50,Guaymallén,50028,San Francisco del Monte,50028020,2.16
2012,Mendoza,50,Guaymallén,50028,Buena Nueva,50028020,70.69
2012,Mendoza,50,Guaymallén,50028,El Sauce,50028020,145.74
2012,Mendoza,50,Guaymallén,50028,Rodeo de la Cruz,50028020,70.46
2012,Mendoza,50,Guaymallén,50028,Villa Nueva,50028020,71.15
2012,Mendoza,50,Guaymallén,50028,San José,50028020,2
2012,Mendoza,50,Guaymallén,50028,Dorrego,50028020,22.73
2012,Mendoza,50,Guaymallén,50028,Bermejo,50028020,79.11
2012,Mendoza,50,Guaymallén,50028,La Primavera,50028030,14.71
2012,Mendoza,50,Guaymallén,50028,La Primavera,50028030,5.85
2012,Mendoza,50,Guaymallén,50028,La Primavera,50028030,43.54
2012,Mendoza,50,Guaymallén,50028,Los Corralitos,50028040,156.21
2012,Mendoza,50,Guaymallén,50028,Puente de Hierro,50028050,1.31
2012,Mendoza,50,Junín,50035,Ingeniero Giagnoni,50035010,40.36
2012,Mendoza,50,Junín,50035,Junín,50035020,952.38
2012,Mendoza,50,Junín,50035,Junín,50035020,12.41
2012,Mendoza,50,Junín,50035,Junín,50035020,101.39
2012,Mendoza,50,Junín,50035,Junín,50035020,18.72
2012,Mendoza,50,Junín,50035,La Colonia,50035030,837.82
2012,Mendoza,50,Junín,50035,Los Barriales,50035040,5.48
2012,Mendoza,50,Junín,50035,Los Barriales,50035040,26.91
2012,Mendoza,50,Junín,50035,Los Barriales,50035040,1504.63
2012,Mendoza,50,Junín,50035,Medrano,50035050,58.88
2012,Mendoza,50,Junín,50035,Medrano,50035050,23.97
2012,Mendoza,50,Junín,50035,Medrano,50035050,1714.13
2012,Mendoza,50,Junín,50035,Medrano,50035050,74.81
2012,Mendoza,50,Junín,50035,Phillips,50035060,9.39
2012,Mendoza,50,Junín,50035,Phillips,50035060,2486.47
2012,Mendoza,50,Junín,50035,Rodríguez Peña,50035070,1224.64
2012,Mendoza,50,Junín,50035,Algarrobo Grande,50035A00,1826.74
2012,Mendoza,50,Junín,50035,Algarrobo Grande,50035A00,115.34
2012,Mendoza,50,Junín,50035,Algarrobo Grande,50035A00,71.67
2012,Mendoza,50,Junín,50035,Alto Verde,50035A01,711.16
2012,Mendoza,50,Junín,50035,Alto Verde,50035A01,245.34
2012,Mendoza,50,Junín,50035,Tres Esquinas,50035A02,221.57
2012,Mendoza,50,La Paz,50042,La Paz,50042020,114.7
2012,Mendoza,50,La Paz,50042,La Paz,50042020,150.93
2012,Mendoza,50,La Paz,50042,Villa Antigua,50042030,69.95
2012,Mendoza,50,La Paz,50042,Las Chacritas,50042A07,26.34
2012,Mendoza,50,Las Heras,50049,Jocolí,50049030,167.95
2012,Mendoza,50,Las Heras,50049,El Borbollón,50049050,212.55
2012,Mendoza,50,Las Heras,50049,Panquehuá,50049050,46.59
2012,Mendoza,50,Las Heras,50049,El Resguardo,50049050,2.1
2012,Mendoza,50,Las Heras,50049,Las Heras,50049050,13.6
2012,Mendoza,50,Las Heras,50049,Capdevila,50049050,204.48
2012,Mendoza,50,Las Heras,50049,El Algarrobal,50049050,487.67
2012,Mendoza,50,Las Heras,50049,Las Heras,50049050,29.29
2012,Mendoza,50,Las Heras,50049,Las Heras,50049050,3
2012,Mendoza,50,Las Heras,50049,El Plumerillo,50049050,82.31
2012,Mendoza,50,Las Heras,50049,El Challao,50049050,7.26
2012,Mendoza,50,Las Heras,50049,Polvaredas,50049080,6
2012,Mendoza,50,Las Heras,50049,Uspallata,50049110,4
2012,Mendoza,50,Las Heras,50049,El Pastal,50049A04,213.29
2012,Mendoza,50,Las Heras,50049,El Pastal,50049A04,26.86
2012,Mendoza,50,Lavalle,50056,Barrio Alto del Olvido,50056010,29.87
2012,Mendoza,50,Lavalle,50056,Barrio La Palmera,50056030,397.53
2012,Mendoza,50,Lavalle,50056,Barrio La Pega,50056040,9.79
2012,Mendoza,50,Lavalle,50056,Barrio La Pega,50056040,202.81
2012,Mendoza,50,Lavalle,50056,Costa de Araujo,50056080,3.12
2012,Mendoza,50,Lavalle,50056,Costa de Araujo,50056080,4690.23
2012,Mendoza,50,Lavalle,50056,Costa de Araujo,50056080,6.3
2012,Mendoza,50,Lavalle,50056,El Paramillo,50056090,645.5
2012,Mendoza,50,Lavalle,50056,El Vergel,50056100,7
2012,Mendoza,50,Lavalle,50056,El Vergel,50056100,273.85
2012,Mendoza,50,Lavalle,50056,Ingeniero Gustavo André,50056110,2201.66
2012,Mendoza,50,Lavalle,50056,Ingeniero Gustavo André,50056110,23.52
2012,Mendoza,50,Lavalle,50056,Jocolí,50056120,1768.06
2012,Mendoza,50,Lavalle,50056,Jocolí Viejo,50056130,161.48
2012,Mendoza,50,Lavalle,50056,Las Violetas,50056140,57.09
2012,Mendoza,50,Lavalle,50056,3 de Mayo,50056150,112.29
2012,Mendoza,50,Lavalle,50056,3 de Mayo,50056150,1095.16
2012,Mendoza,50,Lavalle,50056,Villa Tulumaya,50056160,33.8
2012,Mendoza,50,Lavalle,50056,Villa Tulumaya,50056160,506.72
2012,Mendoza,50,Lavalle,50056,El Carmen,50056A05,85.29
2012,Mendoza,50,Lavalle,50056,El Chilcal,50056A06,333.98
2012,Mendoza,50,Lavalle,50056,El Chilcal,50056A06,15.92
2012,Mendoza,50,Lavalle,50056,El Plumero,50056A09,824.64
2012,Mendoza,50,Lavalle,50056,El Plumero,50056A09,19.66
2012,Mendoza,50,Lavalle,50056,El Retiro,50056A12,69.5
2012,Mendoza,50,Lavalle,50056,La Asunción,50056A15,113.18
2012,Mendoza,50,Lavalle,50056,La Holanda,50056A17,14.5
2012,Mendoza,50,Lavalle,50056,Resurrección,50056A23,8.19
2012,Mendoza,50,Lavalle,50056,San Francisco,50056A24,266.57
2012,Mendoza,50,Lavalle,50056,San José,50056A26,22.5
2012,Mendoza,50,Lavalle,50056,San José,50056A26,4
2012,Mendoza,50,Luján de Cuyo,50063,Agrelo,50063010,4477.94
2012,Mendoza,50,Luján de Cuyo,50063,El Carrizal,50063050,2378.25
2012,Mendoza,50,Luján de Cuyo,50063,Las Compuertas,50063070,433.04
2012,Mendoza,50,Luján de Cuyo,50063,La Puntilla,50063090,4.7
2012,Mendoza,50,Luján de Cuyo,50063,Luján de Cuyo,50063090,197.72
2012,Mendoza,50,Luján de Cuyo,50063,Chacras de Coria,50063090,116.78
2012,Mendoza,50,Luján de Cuyo,50063,Carrodilla,50063090,238
2012,Mendoza,50,Luján de Cuyo,50063,Mayor Drummond,50063090,478.54
2012,Mendoza,50,Luján de Cuyo,50063,Vistalba,50063090,445.28
2012,Mendoza,50,Luján de Cuyo,50063,Perdriel,50063100,1397.64
2012,Mendoza,50,Luján de Cuyo,50063,Perdriel,50063100,2
2012,Mendoza,50,Luján de Cuyo,50063,Ugarteche,50063120,3895.21
2012,Mendoza,50,Luján de Cuyo,50063,Anchoris,50063A01,121.05
2012,Mendoza,50,Luján de Cuyo,50063,Baños Lunlunta,50063A02,38.64
2012,Mendoza,50,Maipú,50070,Barrancas,50070010,3250.83
2012,Mendoza,50,Maipú,50070,Barrancas,50070010,3.67
2012,Mendoza,50,Maipú,50070,Barrio Jesús de Nazaret,50070020,31.57
2012,Mendoza,50,Maipú,50070,Cruz de Piedra,50070030,607.24
2012,Mendoza,50,Maipú,50070,Cruz de Piedra,50070030,1068.99
2012,Mendoza,50,Maipú,50070,El Pedregal,50070040,76.48
2012,Mendoza,50,Maipú,50070,Fray Luis Beltrán,50070050,247
2012,Mendoza,50,Maipú,50070,Fray Luis Beltrán,50070050,4925.05
2012,Mendoza,50,Maipú,50070,Fray Luis Beltrán,50070050,210.89
2012,Mendoza,50,Maipú,50070,Coquimbito,50070060,376.21
2012,Mendoza,50,Maipú,50070,Maipú,50070060,6
2012,Mendoza,50,Maipú,50070,Luzuriaga,50070060,6.51
2012,Mendoza,50,Maipú,50070,Maipú,50070060,49.27
2012,Mendoza,50,Maipú,50070,General Gutiérrez,50070060,56.28
2012,Mendoza,50,Maipú,50070,Rodeo del Medio,50070070,1009.1
2012,Mendoza,50,Maipú,50070,Rodeo del Medio,50070070,129.42
2012,Mendoza,50,Maipú,50070,Rodeo del Medio,50070070,2.7
2012,Mendoza,50,Maipú,50070,Rodeo del Medio,50070070,21.8
2012,Mendoza,50,Maipú,50070,Russell,50070080,579.43
2012,Mendoza,50,Maipú,50070,San Roque,50070090,222.7
2012,Mendoza,50,Maipú,50070,San Roque,50070090,513.46
2012,Mendoza,50,Maipú,50070,El Paraíso,50070A01,29.9
2012,Mendoza,50,Maipú,50070,Los Álamos,50070A02,143.13
2012,Mendoza,50,Malargüe,50077,Malargüe,50077040,0.86
2012,Mendoza,50,Rivadavia,50084,Andrade,50084010,1259.19
2012,Mendoza,50,Rivadavia,50084,El Mirador,50084040,115.43
2012,Mendoza,50,Rivadavia,50084,El Mirador,50084040,2293.57
2012,Mendoza,50,Rivadavia,50084,La Central,50084050,3199.87
2012,Mendoza,50,Rivadavia,50084,La Libertad,50084080,990.39
2012,Mendoza,50,Rivadavia,50084,Los Árboles,50084090,701.74
2012,Mendoza,50,Rivadavia,50084,Los Campamentos,50084100,4
2012,Mendoza,50,Rivadavia,50084,Los Campamentos,50084100,3948.91
2012,Mendoza,50,Rivadavia,50084,Medrano,50084110,860.7
2012,Mendoza,50,Rivadavia,50084,Mundo Nuevo,50084120,139.7
2012,Mendoza,50,Rivadavia,50084,Reducción de Abajo,50084130,945.61
2012,Mendoza,50,Rivadavia,50084,Rivadavia,50084140,956.85
2012,Mendoza,50,Rivadavia,50084,Santa María de Oro,50084150,697.47
2012,Mendoza,50,Rivadavia,50084,San Isidro,50084A03,4.25
2012,Mendoza,50,San Carlos,50091,Barrio El Cepillo,50091010,467.9
2012,Mendoza,50,San Carlos,50091,Chilecito,50091020,4.32
2012,Mendoza,50,San Carlos,50091,Chilecito,50091020,361.47
2012,Mendoza,50,San Carlos,50091,Eugenio Bustos,50091030,2186.94
2012,Mendoza,50,San Carlos,50091,La Consulta,50091040,4355.38
2012,Mendoza,50,San Carlos,50091,La Consulta,50091040,34.14
2012,Mendoza,50,San Carlos,50091,Pareditas,50091050,205.93
2012,Mendoza,50,San Carlos,50091,San Carlos,50091060,314.3
2012,Mendoza,50,San Carlos,50091,San Carlos,50091060,56.7
2012,Mendoza,50,San Carlos,50091,Casas Viejas,50091A01,41.66
2012,Mendoza,50,San Carlos,50091,El Capacho,50091A03,12.3
2012,Mendoza,50,San Carlos,50091,Tres Esquinas,50091A17,11.31
2012,Mendoza,50,San Martín,50098,Alto Verde,50098020,3371.2
2012,Mendoza,50,San Martín,50098,Chapanay,50098060,5185.1
2012,Mendoza,50,San Martín,50098,Chivilcoy,50098070,616.8
2012,Mendoza,50,San Martín,50098,El Espino,50098073,626.51
2012,Mendoza,50,San Martín,50098,El Ramblón,50098077,1887.88
2012,Mendoza,50,San Martín,50098,El Ramblón,50098077,849
2012,Mendoza,50,San Martín,50098,Montecaseros,50098080,7046.0
2012,Mendoza,50,San Martín,50098,Nueva California,50098090,2366.26
2012,Mendoza,50,San Martín,50098,San Martín,50098100,43.82
2012,Mendoza,50,San Martín,50098,Palmira,50098100,1349.14
2012,Mendoza,50,San Martín,50098,San Martín,50098100,7.42
2012,Mendoza,50,San Martín,50098,San Martín,50098100,614.25
2012,Mendoza,50,San Martín,50098,San Martín,50098100,1
2012,Mendoza,50,San Martín,50098,Tres Porteñas,50098110,1902.4
2012,Mendoza,50,San Martín,50098,Alto Chapanay,50098A00,46.36
2012,Mendoza,50,San Martín,50098,Alto Salvador,50098A01,1432.17
2012,Mendoza,50,San Martín,50098,Buen Orden,50098A03,684.31
2012,Mendoza,50,San Martín,50098,El Central,50098A06,1426.82
2012,Mendoza,50,San Martín,50098,El Divisadero,50098A07,1408.12
2012,Mendoza,50,San Martín,50098,Las Chimbas,50098A09,297.42
2012,Mendoza,50,San Rafael,50105,Barrio Campos El Toledano,50105010,21.81
2012,Mendoza,50,San Rafael,50105,Barrio Campos El Toledano,50105010,1.4
2012,Mendoza,50,San Rafael,50105,Capitán Montoya,50105050,30.09
2012,Mendoza,50,San Rafael,50105,Cuadro Benegas,50105060,859.31
2012,Mendoza,50,San Rafael,50105,El Tropezón,50105090,12.56
2012,Mendoza,50,San Rafael,50105,Goudge,50105100,1164.39
2012,Mendoza,50,San Rafael,50105,Jaime Prats,50105110,701.38
2012,Mendoza,50,San Rafael,50105,La Llave Nueva,50105120,78.47
2012,Mendoza,50,San Rafael,50105,La Llave Nueva,50105120,451.89
2012,Mendoza,50,San Rafael,50105,Las Malvinas,50105130,30.98
2012,Mendoza,50,San Rafael,50105,Monte Comán,50105150,214.77
2012,Mendoza,50,San Rafael,50105,Rama Caída,50105180,24.82
2012,Mendoza,50,San Rafael,50105,Rama Caída,50105180,868.34
2012,Mendoza,50,San Rafael,50105,Real del Padre,50105190,1679.69
2012,Mendoza,50,San Rafael,50105,Salto de las Rosas,50105200,51.68
2012,Mendoza,50,San Rafael,50105,San Rafael,50105210,138.01
2012,Mendoza,50,San Rafael,50105,Cuadro Nacional,50105210,166.55
2012,Mendoza,50,San Rafael,50105,San Rafael,50105210,6.05
2012,Mendoza,50,San Rafael,50105,San Rafael,50105210,1.5
2012,Mendoza,50,San Rafael,50105,Cuadro Nacional,50105210,1381.77
2012,Mendoza,50,San Rafael,50105,25 de Mayo,50105220,27.9
2012,Mendoza,50,San Rafael,50105,25 de Mayo,50105220,8.03
2012,Mendoza,50,San Rafael,50105,Villa Atuel,50105230,42.13
2012,Mendoza,50,San Rafael,50105,Villa Atuel,50105230,877.29
2012,Mendoza,50,San Rafael,50105,Villa Atuel,50105230,514.62
2012,Mendoza,50,San Rafael,50105,Cañada Seca,50105A04,2089.62
2012,Mendoza,50,San Rafael,50105,Colonia Bombal y Tabanera,50105A06,122.37
2012,Mendoza,50,San Rafael,50105,Colonia Colomer,50105A07,24.63
2012,Mendoza,50,San Rafael,50105,Colonia El Usillal,50105A08,217.38
2012,Mendoza,50,San Rafael,50105,Colonia Elena,50105A09,216.93
2012,Mendoza,50,San Rafael,50105,Colonia Española,50105A10,21.83
2012,Mendoza,50,San Rafael,50105,Colonia Gelman,50105A11,55.46
2012,Mendoza,50,San Rafael,50105,Colonia Jáuregui,50105A12,23.23
2012,Mendoza,50,San Rafael,50105,Colonia López,50105A13,248.93
2012,Mendoza,50,San Rafael,50105,El Algarrobal,50105A20,7.33
2012,Mendoza,50,San Rafael,50105,El Cerrito,50105A22,300.57
2012,Mendoza,50,San Rafael,50105,La Guevarina,50105A32,64.05
2012,Mendoza,50,San Rafael,50105,La Llave Vieja,50105A35,34.6
2012,Mendoza,50,San Rafael,50105,Las Paredes,50105A44,13.1
2012,Mendoza,50,San Rafael,50105,Las Paredes,50105A44,1459.59
2012,Mendoza,50,San Rafael,50105,Los Claveles,50105A46,65.8
2012,Mendoza,50,San Rafael,50105,Los Sifones,50105A51,12.07
2012,Mendoza,50,San Rafael,50105,Rincón del Atuel,50105A60,12.15
2012,Mendoza,50,San Rafael,50105,Soitué,50105A64,53.15
2012,Mendoza,50,Santa Rosa,50112,Barrio 12 de Octubre,50112010,263.2
2012,Mendoza,50,Santa Rosa,50112,Barrio 12 de Octubre,50112010,786.56
2012,Mendoza,50,Santa Rosa,50112,Barrio Molina Cabrera,50112030,22.05
2012,Mendoza,50,Santa Rosa,50112,La Dormida,50112040,176.2
2012,Mendoza,50,Santa Rosa,50112,La Dormida,50112040,1208.29
2012,Mendoza,50,Santa Rosa,50112,Las Catitas,50112050,1723.12
2012,Mendoza,50,Santa Rosa,50112,Santa Rosa,50112060,3486.5
2012,Mendoza,50,Santa Rosa,50112,Santa Rosa,50112060,889.31
2012,Mendoza,50,Santa Rosa,50112,Santa Rosa,50112060,140.36
2012,Mendoza,50,Santa Rosa,50112,Gobernador Civit,50112A05,35.25
2012,Mendoza,50,Santa Rosa,50112,Los Yoles,50112A10,110.48
2012,Mendoza,50,Tunuyán,50119,Campo Los Andes,50119020,157.64
2012,Mendoza,50,Tunuyán,50119,Colonia Las Rosas,50119030,42.05
2012,Mendoza,50,Tunuyán,50119,El Manzano,50119040,70.93
2012,Mendoza,50,Tunuyán,50119,Los Sauces,50119050,847.9
2012,Mendoza,50,Tunuyán,50119,Tunuyán,50119060,178.06
2012,Mendoza,50,Tunuyán,50119,Tunuyán,50119060,163.43
2012,Mendoza,50,Tunuyán,50119,Tunuyán,50119060,608.14
2012,Mendoza,50,Tunuyán,50119,Vista Flores,50119070,2188.56
2012,Mendoza,50,Tunuyán,50119,El Totoral,50119A02,91.64
2012,Mendoza,50,Tunuyán,50119,El Totoral,50119A02,661.6
2012,Mendoza,50,Tunuyán,50119,La Primavera,50119A04,325.28
2012,Mendoza,50,Tunuyán,50119,Las Pintadas,50119A07,377.54
2012,Mendoza,50,Tunuyán,50119,Los Árboles,50119A08,194.06
2012,Mendoza,50,Tunuyán,50119,Los Árboles,50119A08,1381.14
2012,Mendoza,50,Tunuyán,50119,Los Chacales,50119A09,472.48
2012,Mendoza,50,Tunuyán,50119,Villa Seca,50119A14,825.3
2012,Mendoza,50,Tupungato,50126,Cordón del Plata,50126020,75.22
2012,Mendoza,50,Tupungato,50126,Cordón del Plata,50126020,646.08
2012,Mendoza,50,Tupungato,50126,Cordón del Plata,50126020,1295.03
2012,Mendoza,50,Tupungato,50126,El Peral,50126030,733.01
2012,Mendoza,50,Tupungato,50126,El Zampal,50126035,764.11
2012,Mendoza,50,Tupungato,50126,La Arboleda,50126040,1528.73
2012,Mendoza,50,Tupungato,50126,San José,50126050,363.09
2012,Mendoza,50,Tupungato,50126,Tupungato,50126060,536.66
2012,Mendoza,50,Tupungato,50126,Tupungato,50126060,9.83
2012,Mendoza,50,Tupungato,50126,Villa Bastias,50126060,375.7
2012,Mendoza,50,Tupungato,50126,Tupungato,50126060,118.1
2012,Mendoza,50,Tupungato,50126,Anchoris,50126A01,299.15
2012,Mendoza,50,Tupungato,50126,Ancón,50126A02,1.39
2012,Mendoza,50,Tupungato,50126,Gualtallary,50126A05,2046.82
2012,Mendoza,50,Tupungato,50126,Zapata,50126A12,118.25
2012,Misiones,54,Cainguás,54014,Aristóbulo del Valle,54014010,1
2012,Misiones,54,Leandro N. Alem,54070,Cerro Azul,54070040,1.25
2012,Misiones,54,Leandro N. Alem,54070,Leandro N. Alem,54070070,1.05
2012,Misiones,54,Leandro N. Alem,54070,Olegario V. Andrade,54070080,1
2012,Misiones,54,25 de Mayo,54119,Alba Posse,54119010,0.95
2012,Neuquén,58,Añelo,58014,Añelo,58014010,139.48
2012,Neuquén,58,Añelo,58014,San Patricio del Chañar,58014020,1418.91
2012,Neuquén,58,Collón Curá,58028,Piedra del Águila,58028010,4.84
2012,Neuquén,58,Confluencia,58035,Centenario,58035030,2.84
2012,Neuquén,58,Confluencia,58035,Centenario,58035030,0.87
2012,Neuquén,58,Confluencia,58035,Neuquén,58035070,0.33
2012,Neuquén,58,Confluencia,58035,Neuquén,58035070,1.78
2012,Neuquén,58,Confluencia,58035,Plottier,58035100,39.66
2012,Neuquén,58,Confluencia,58035,Senillosa,58035110,46.85
2012,Neuquén,58,Chos Malal,58042,Chos Malal,58042010,3.57
2012,Neuquén,58,Lácar,58056,San Martín de los Andes,58056010,0.64
2012,Neuquén,58,Picún Leufú,58098,Picún Leufú,58098020,22.04
2012,Neuquén,58,Picunches,58105,Bajada del Agrio,58105010,1.2
2012,Río Negro,62,Adolfo Alsina,62007,Guardia Mitre,62007040,1.57
2012,Río Negro,62,Adolfo Alsina,62007,San Javier,62007080,87.49
2012,Río Negro,62,Adolfo Alsina,62007,Viedma,62007090,27.82
2012,Río Negro,62,Adolfo Alsina,62007,Cubanea,62007A03,2
2012,Río Negro,62,Avellaneda,62014,Choele Choel,62014040,7.2
2012,Río Negro,62,Avellaneda,62014,Darwin,62014060,35.53
2012,Río Negro,62,Avellaneda,62014,Lamarque,62014070,2.25
2012,Río Negro,62,Avellaneda,62014,Luis Beltrán,62014080,81.75
2012,Río Negro,62,Avellaneda,62014,Pomona,62014090,23.5
2012,Río Negro,62,Bariloche,62021,El Bolsón,62021030,0.15
2012,Río Negro,62,Conesa,62028,Barrio Colonia Conesa,62028010,6
2012,Río Negro,62,Conesa,62028,Barrio Colonia Conesa,62028010,2.62
2012,Río Negro,62,Conesa,62028,General Conesa,62028020,15.82
2012,Río Negro,62,Conesa,62028,Colonia San Juan,62028A02,13.37
2012,Río Negro,62,El Cuy,62035,El Cuy,62035030,28.8
2012,Río Negro,62,El Cuy,62035,Valle Azul,62035080,31.1
2012,Río Negro,62,General Roca,62042,Allen,62042010,200.87
2012,Río Negro,62,General Roca,62042,Barda del Medio,62042030,15.3
2012,Río Negro,62,General Roca,62042,Barrio Guerrico,62042160,10.61
2012,Río Negro,62,General Roca,62042,Barrio Pinar,62042297,27
2012,Río Negro,62,General Roca,62042,Catriel,62042360,4.51
2012,Río Negro,62,General Roca,62042,Cervantes,62042370,73.08
2012,Río Negro,62,General Roca,62042,Chichinales,62042380,10.05
2012,Río Negro,62,General Roca,62042,Cinco Saltos,62042390,7.15
2012,Río Negro,62,General Roca,62042,Cipolletti,62042400,74.29
2012,Río Negro,62,General Roca,62042,Contralmirante Cordero,62042410,3
2012,Río Negro,62,General Roca,62042,Ferri,62042420,4.62
2012,Río Negro,62,General Roca,62042,General Enrique Godoy,62042430,22.16
2012,Río Negro,62,General Roca,62042,General Fernández Oro,62042440,42.02
2012,Río Negro,62,General Roca,62042,General Roca,62042450,2.53
2012,Río Negro,62,General Roca,62042,General Roca,62042450,153.63
2012,Río Negro,62,General Roca,62042,General Roca,62042450,32.6
2012,Río Negro,62,General Roca,62042,Ingeniero Luis A. Huergo,62042460,127.74
2012,Río Negro,62,General Roca,62042,Mainqué,62042480,408.85
2012,Río Negro,62,General Roca,62042,Villa Manzano,62042550,23.58
2012,Río Negro,62,General Roca,62042,Villa Regina,62042560,3.74
2012,Río Negro,62,Pichi Mahuida,62063,Río Colorado,62063020,58.8
2012,Salta,66,Cachi,66014,Cachi,66014010,17.12
2012,Salta,66,Cachi,66014,Payogasta,66014020,60.12
2012,Salta,66,Cachi,66014,La Paya,66014A07,0.38
2012,Salta,66,Cafayate,66021,Cafayate,66021010,66.01
2012,Salta,66,Cafayate,66021,Cafayate,66021010,1489.6
2012,Salta,66,Cafayate,66021,Cafayate,66021010,76.22
2012,Salta,66,Cafayate,66021,Tolombón,66021020,238.63
2012,Salta,66,Cafayate,66021,Chuscha,66021A01,2.35
2012,Salta,66,Cafayate,66021,Las Conchas,66021A04,11.4
2012,Salta,66,Cafayate,66021,Yacochuya Norte,66021A05,45.75
2012,Salta,66,La Viña,66098,Las Curtiembres,66098A08,5.03
2012,Salta,66,Molinos,66119,Molinos,66119020,45.67
2012,Salta,66,Molinos,66119,Seclantás,66119030,2.76
2012,Salta,66,Molinos,66119,Colomé,66119A06,70.7
2012,Salta,66,San Carlos,66154,Angastaco,66154010,90.96
2012,Salta,66,San Carlos,66154,Animaná,66154020,353.78
2012,Salta,66,San Carlos,66154,El Barrial,66154030,0.43
2012,Salta,66,San Carlos,66154,San Carlos,66154040,35.07
2012,Salta,66,San Carlos,66154,Corralito,66154A01,24.94
2012,Salta,66,San Carlos,66154,Payogastilla,66154A17,1.64
2012,Salta,66,San Carlos,66154,Santa Rosa,66154A26,11.36
2012,San Juan,70,Albardón,70007,El Rincón,70007010,108.14
2012,San Juan,70,Albardón,70007,El Rincón,70007010,966.41
2012,San Juan,70,Albardón,70007,Villa General San Martín - Campo Afuera,70007020,3.95
2012,San Juan,70,Albardón,70007,Villa General San Martín - Campo Afuera,70007020,148.66
2012,San Juan,70,Albardón,70007,Villa General San Martín - Campo Afuera,70007020,179.84
2012,San Juan,70,Albardón,70007,Villa General San Martín - Campo Afuera,70007020,3.75
2012,San Juan,70,Albardón,70007,Villa General San Martín - Campo Afuera,70007020,34.85
2012,San Juan,70,Albardón,70007,Villa General San Martín - Campo Afuera,70007020,108.79
2012,San Juan,70,Albardón,70007,Baños La Laja,70007A02,1.63
2012,San Juan,70,Albardón,70007,Baños La Laja,70007A02,5.59
2012,San Juan,70,Albardón,70007,El Salado,70007A03,67.16
2012,San Juan,70,Albardón,70007,Las Tapias,70007A04,142.17
2012,San Juan,70,Albardón,70007,Las Tapias,70007A04,13.1
2012,San Juan,70,Angaco,70014,Las Tapias,70014010,324.99
2012,San Juan,70,Angaco,70014,Las Tapias,70014010,21.6
2012,San Juan,70,Angaco,70014,Villa El Salvador,70014020,119.35
2012,San Juan,70,Angaco,70014,Villa El Salvador,70014020,530.47
2012,San Juan,70,Angaco,70014,Villa Sefair,70014020,265.26
2012,San Juan,70,Angaco,70014,Villa El Salvador,70014020,97.5
2012,San Juan,70,Angaco,70014,El Alamito,70014A01,53.52
2012,San Juan,70,Angaco,70014,El Bosque,70014A02,363.46
2012,San Juan,70,Angaco,70014,Punta del Monte,70014A05,404.36
2012,San Juan,70,Calingasta,70021,Barreal - Villa Pituil,70021010,21.62
2012,San Juan,70,Calingasta,70021,Calingasta,70021020,2.4
2012,San Juan,70,Calingasta,70021,Tamberías,70021030,61.3
2012,San Juan,70,Calingasta,70021,Hilario,70021A10,9.92
2012,San Juan,70,Calingasta,70021,Puchuzún,70021A28,1
2012,San Juan,70,Calingasta,70021,Sorocayense,70021A30,3.36
2012,San Juan,70,Calingasta,70021,Villa Corral,70021A31,12.34
2012,San Juan,70,Capital,70028,San Juan,70028010,2.01
2012,San Juan,70,Capital,70028,San Juan,70028010,1.53
2012,San Juan,70,Caucete,70035,Caucete,70035020,0.44
2012,San Juan,70,Caucete,70035,Caucete,70035020,3.65
2012,San Juan,70,Caucete,70035,Caucete,70035020,13.89
2012,San Juan,70,Caucete,70035,Caucete,70035020,0.2
2012,San Juan,70,Caucete,70035,Caucete,70035020,37.36
2012,San Juan,70,Caucete,70035,Caucete,70035020,0.41
2012,San Juan,70,Caucete,70035,Caucete,70035020,2816.53
2012,San Juan,70,Caucete,70035,El Rincón,70035030,751.72
2012,San Juan,70,Caucete,70035,Las Talas - Los Médanos,70035040,308.89
2012,San Juan,70,Caucete,70035,Marayes,70035050,2.45
2012,San Juan,70,Caucete,70035,Pie de Palo,70035060,131.4
2012,San Juan,70,Caucete,70035,Villa Independencia,70035080,509.46
2012,San Juan,70,Caucete,70035,La Puntilla,70035A02,1125.68
2012,San Juan,70,Caucete,70035,Pozo de los Algarrobos,70035A07,2002.33
2012,San Juan,70,Chimbas,70042,Chimbas,70042010,641.73
2012,San Juan,70,Chimbas,70042,Chimbas,70042010,229.14
2012,San Juan,70,Chimbas,70042,Chimbas,70042010,13
2012,San Juan,70,Chimbas,70042,Chimbas,70042010,1.22
2012,San Juan,70,Iglesia,70049,Angualasto,70049010,8.61
2012,San Juan,70,Jáchal,70056,Pampa Vieja,70056060,7.87
2012,San Juan,70,Jáchal,70056,San Roque,70056A24,24.54
2012,San Juan,70,9 de Julio,70063,Alto de Sierra,70063010,56.56
2012,San Juan,70,9 de Julio,70063,Las Chacritas,70063030,851.05
2012,San Juan,70,9 de Julio,70063,Las Chacritas,70063030,44.63
2012,San Juan,70,9 de Julio,70063,Las Chacritas,70063030,6.73
2012,San Juan,70,9 de Julio,70063,9 de Julio,70063040,2083.09
2012,San Juan,70,9 de Julio,70063,La Majadita,70063A00,311.47
2012,San Juan,70,9 de Julio,70063,Rincón Cercado,70063A02,140.16
2012,San Juan,70,Pocito,70070,Carpintería,70070020,2176.08
2012,San Juan,70,Pocito,70070,Las Piedritas,70070025,4.67
2012,San Juan,70,Pocito,70070,Las Piedritas,70070025,12.75
2012,San Juan,70,Pocito,70070,Quinto Cuartel,70070030,120.09
2012,San Juan,70,Pocito,70070,La Rinconada,70070040,722.81
2012,San Juan,70,Pocito,70070,Villa Aberastain,70070040,205.9
2012,San Juan,70,Pocito,70070,Villa Aberastain,70070040,779.16
2012,San Juan,70,Pocito,70070,Villa Aberastain,70070040,18.96
2012,San Juan,70,Pocito,70070,Villa Aberastain,70070040,4.64
2012,San Juan,70,Pocito,70070,Villa Nacusi,70070050,2
2012,San Juan,70,Pocito,70070,Villa Nacusi,70070050,58.99
2012,San Juan,70,Pocito,70070,Villa Nacusi,70070050,18
2012,San Juan,70,Rawson,70077,Rawson,70077010,39.74
2012,San Juan,70,Rawson,70077,El Medanito,70077010,221.02
2012,San Juan,70,Rawson,70077,Rawson,70077010,826.56
2012,San Juan,70,Rawson,70077,Rawson,70077010,7.96
2012,San Juan,70,Rawson,70077,Rawson,70077010,47.72
2012,San Juan,70,Rawson,70077,Colonia Médano de Oro,70077A00,570.41
2012,San Juan,70,Rawson,70077,Colonia Rodas,70077A02,103.23
2012,San Juan,70,Rawson,70077,Colonia Rodas,70077A02,250.26
2012,San Juan,70,Rivadavia,70084,Rivadavia,70084010,131.56
2012,San Juan,70,Rivadavia,70084,Rivadavia,70084010,195.37
2012,San Juan,70,Rivadavia,70084,Rivadavia,70084010,119.33
2012,San Juan,70,San Martín,70091,Dos Acequias,70091020,877.35
2012,San Juan,70,San Martín,70091,San Isidro,70091030,748.11
2012,San Juan,70,San Martín,70091,Villa San Martín,70091070,1035.64
2012,San Juan,70,San Martín,70091,Villa San Martín,70091070,10.31
2012,San Juan,70,San Martín,70091,Coll,70091A00,8.76
2012,San Juan,70,San Martín,70091,Los Compartos,70091A01,69.9
2012,San Juan,70,San Martín,70091,Los Compartos,70091A01,145.25
2012,San Juan,70,San Martín,70091,Los Compartos,70091A01,861.79
2012,San Juan,70,San Martín,70091,Villa Lugano,70091A02,9.9
2012,San Juan,70,San Martín,70091,Villa Lugano,70091A02,28.77
2012,San Juan,70,Santa Lucía,70098,Colonia Gutiérrez,70098010,85.95
2012,San Juan,70,Santa Lucía,70098,Colonia Gutiérrez,70098010,467.05
2012,San Juan,70,Santa Lucía,70098,Colonia Gutiérrez,70098010,25.04
2012,San Juan,70,Santa Lucía,70098,Santa Lucía,70098010,1.66
2012,San Juan,70,Santa Lucía,70098,Santa Lucía,70098010,52.47
2012,San Juan,70,Santa Lucía,70098,Santa Lucía,70098010,57.87
2012,San Juan,70,Santa Lucía,70098,Santa Lucía,70098010,50.12
2012,San Juan,70,Santa Lucía,70098,Santa Lucía,70098010,80.37
2012,San Juan,70,Santa Lucía,70098,Santa Lucía,70098010,424.83
2012,San Juan,70,Sarmiento,70105,Cañada Honda,70105010,644.74
2012,San Juan,70,Sarmiento,70105,Colonia Fiscal,70105030,929.52
2012,San Juan,70,Sarmiento,70105,Guanacache,70105050,316.88
2012,San Juan,70,Sarmiento,70105,Las Lagunas,70105060,581.17
2012,San Juan,70,Sarmiento,70105,Los Berros,70105070,59.44
2012,San Juan,70,Sarmiento,70105,Los Berros,70105070,4.54
2012,San Juan,70,Sarmiento,70105,Pedernal,70105080,671.78
2012,San Juan,70,Sarmiento,70105,Punta del Médano,70105090,181.68
2012,San Juan,70,Sarmiento,70105,Villa Media Agua,70105100,306.4
2012,San Juan,70,Sarmiento,70105,Villa Media Agua,70105100,1376.82
2012,San Juan,70,Sarmiento,70105,Cochagual,70105A01,2217.24
2012,San Juan,70,Sarmiento,70105,Colonia San Antonio,70105A02,10
2012,San Juan,70,Sarmiento,70105,San Carlos,70105A07,98.14
2012,San Juan,70,Sarmiento,70105,Tres Esquinas,70105A08,385.37
2012,San Juan,70,Ullum,70112,Villa Ibáñez,70112010,1632.83
2012,San Juan,70,Ullum,70112,Villa Ibáñez,70112010,27.89
2012,San Juan,70,Ullum,70112,La Banderita,70112A04,13.25
2012,San Juan,70,25 de Mayo,70126,Tupelí,70126020,62.49
2012,San Juan,70,25 de Mayo,70126,Tupelí,70126020,563.69
2012,San Juan,70,25 de Mayo,70126,Villa Borjas - La Chimbera,70126030,1436.89
2012,San Juan,70,25 de Mayo,70126,Villa Santa Rosa,70126050,26.42
2012,San Juan,70,25 de Mayo,70126,Villa Santa Rosa,70126050,118.31
2012,San Juan,70,25 de Mayo,70126,Villa Santa Rosa,70126050,1616.45
2012,San Juan,70,25 de Mayo,70126,Villa Santa Rosa,70126050,567.63
2012,San Juan,70,25 de Mayo,70126,Villa Santa Rosa,70126050,1921.95
2012,San Juan,70,25 de Mayo,70126,Cuatro Esquinas,70126A04,10.77
2012,San Juan,70,25 de Mayo,70126,Las Casuarinas,70126A06,2147.16
2012,San Juan,70,25 de Mayo,70126,Punta del Médano,70126A09,97.97
2012,San Juan,70,Zonda,70133,Villa Basilio Nievas,70133010,319.74
2012,San Juan,70,Zonda,70133,Villa Basilio Nievas,70133010,914.8
2012,San Juan,70,Zonda,70133,Villa Basilio Nievas,70133010,249.98
2012,San Luis,74,Junín,74049,Santa Rosa del Conlara,74049070,26.1
2012,San Luis,74,Juan Martín de Pueyrredón,74056,Beazley,74056040,56.04
2012,San Luis,74,Juan Martín de Pueyrredón,74056,San Luis,74056150,1.85
2012,Santiago del Estero,86,Capital,86049,Vuelta de la Barranca,86049120,8.8
2012,Tucumán,90,Tafí del Valle,90098,Amaicha del Valle,90098010,4.96
2012,Tucumán,90,Tafí del Valle,90098,Colalao del Valle,90098020,44.47
2012,Tucumán,90,Tafí del Valle,90098,El Bañado,90098A12,7.5
2012,Tucumán,90,Tafí del Valle,90098,El Paso,90098A18,25
2012,Tucumán,90,Tafí del Valle,90098,Los Zazos,90098A40,0.86
2012,NULL,NULL,NULL,NULL,NULL,NULL,0.3
2013,Buenos Aires,06,Avellaneda,06035,Sarandí,06035010,1.03
2013,Buenos Aires,06,Avellaneda,06035,Villa Domínico,06035010,2.74
2013,Buenos Aires,06,Benito Juárez,06084,Barker,06084010,0.25
2013,Buenos Aires,06,Berisso,06098,Los Talas,06098010,0.07
2013,Buenos Aires,06,Berisso,06098,Berisso,06098010,19
2013,Buenos Aires,06,Berisso,06098,Isla Paulino,06098A02,0.44
2013,Buenos Aires,06,Cañuelas,06134,Uribelarrea,06134070,0.52
2013,Buenos Aires,06,Coronel Dorrego,06189,Coronel Dorrego,06189030,0.02
2013,Buenos Aires,06,Coronel Pringles,06196,Coronel Pringles,06196010,2.29
2013,Buenos Aires,06,Coronel Suárez,06203,Coronel Suárez,06203020,3.47
2013,Buenos Aires,06,Coronel Suárez,06203,Villa La Arcadia,06203100,16
2013,Buenos Aires,06,General Pueyrredón,06357,Chapadmalal,06357080,10.55
2013,Buenos Aires,06,La Costa,06420,Mar del Tuyú,06420040,0.2
2013,Buenos Aires,06,Saavedra,06700,Pigüé,06700060,18
2013,Buenos Aires,06,Tandil,06791,María Ignacia,06791040,5.7
2013,Buenos Aires,06,Tandil,06791,Tandil,06791050,0.46
2013,Buenos Aires,06,Tandil,06791,Tandil,06791050,0.4
2013,Buenos Aires,06,Tornquist,06819,Saldungaray,06819020,9.09
2013,Buenos Aires,06,Tornquist,06819,Villa Ventana,06819070,3
2013,Buenos Aires,06,Villarino,06875,Médanos,06875060,24.52
2013,Catamarca,10,Andalgalá,10021,Andalgalá,10021020,4.52
2013,Catamarca,10,Andalgalá,10021,Andalgalá,10021020,2.31
2013,Catamarca,10,Belén,10035,Belén,10035020,7.63
2013,Catamarca,10,Belén,10035,Corral Quemado,10035040,3.3
2013,Catamarca,10,Belén,10035,Hualfín,10035070,128.5
2013,Catamarca,10,Belén,10035,Jacipunco,10035080,1.94
2013,Catamarca,10,Belén,10035,Los Nacimientos,10035120,2.4
2013,Catamarca,10,Belén,10035,Puerta de Corral Quemado,10035130,22.4
2013,Catamarca,10,Belén,10035,San Fernando,10035A42,1.25
2013,Catamarca,10,Capayán,10042,Chumbicha,10042040,5.9
2013,Catamarca,10,Capayán,10042,Colonia Nueva Coneta,10042060,2.84
2013,Catamarca,10,Pomán,10084,San Miguel,10084090,10.4
2013,Catamarca,10,Pomán,10084,Saujil,10084100,0.4
2013,Catamarca,10,Pomán,10084,Siján,10084110,20.38
2013,Catamarca,10,Santa María,10091,Andalhualá,10091010,12.79
2013,Catamarca,10,Santa María,10091,Chañar Punco,10091030,345.27
2013,Catamarca,10,Santa María,10091,Lampacito,10091030,38.83
2013,Catamarca,10,Santa María,10091,Lampacito,10091030,17.56
2013,Catamarca,10,Santa María,10091,Famatanca,10091070,4.63
2013,Catamarca,10,Santa María,10091,Fuerte Quemado,10091080,65.27
2013,Catamarca,10,Santa María,10091,La Loma,10091100,1.78
2013,Catamarca,10,Santa María,10091,El Cerrito,10091110,1.98
2013,Catamarca,10,Santa María,10091,Las Mojarras,10091110,21.6
2013,Catamarca,10,Santa María,10091,Loro Huasi,10091120,1.48
2013,Catamarca,10,Santa María,10091,Punta de Balasto,10091130,1.55
2013,Catamarca,10,Santa María,10091,San José,10091140,19.44
2013,Catamarca,10,Santa María,10091,Palo Seco,10091140,0.4
2013,Catamarca,10,Santa María,10091,Casa de Piedra,10091140,0.16
2013,Catamarca,10,Santa María,10091,Santa María,10091150,44.72
2013,Catamarca,10,Santa María,10091,Santa María,10091150,108.74
2013,Catamarca,10,Santa María,10091,Yapes,10091160,2.62
2013,Catamarca,10,Santa María,10091,Entre Ríos,10091A08,0.01
2013,Catamarca,10,Tinogasta,10105,Anillaco,10105010,28.37
2013,Catamarca,10,Tinogasta,10105,Copacabana,10105050,247.81
2013,Catamarca,10,Tinogasta,10105,El Puesto,10105090,76.64
2013,Catamarca,10,Tinogasta,10105,El Salado,10105100,3.05
2013,Catamarca,10,Tinogasta,10105,Fiambalá,10105110,393.87
2013,Catamarca,10,Tinogasta,10105,Medanitos,10105130,214.29
2013,Catamarca,10,Tinogasta,10105,Palo Blanco,10105140,19.8
2013,Catamarca,10,Tinogasta,10105,Saujil,10105160,22.42
2013,Catamarca,10,Tinogasta,10105,Tinogasta,10105180,7.75
2013,Catamarca,10,Tinogasta,10105,Tinogasta,10105180,45.45
2013,Catamarca,10,Tinogasta,10105,Tinogasta,10105180,299.24
2013,Catamarca,10,Tinogasta,10105,Tinogasta,10105180,105.54
2013,Catamarca,10,Tinogasta,10105,San José Norte,10105A27,271.64
2013,Córdoba,14,Calamuchita,14007,Villa Ciudad Parque Los Reartes,14007270,5
2013,Córdoba,14,Calamuchita,14007,Atos Pampa,14007A01,4.05
2013,Córdoba,14,Colón,14021,Colonia Caroya,14021050,143.84
2013,Córdoba,14,Colón,14021,Colonia Vicente Agüero,14021070,16.75
2013,Córdoba,14,Colón,14021,Santa Teresa,14021A20,5.3
2013,Córdoba,14,Cruz del Eje,14028,Cruz del Eje,14028050,13
2013,Córdoba,14,Cruz del Eje,14028,Guanaco Muerto,14028080,2
2013,Córdoba,14,Cruz del Eje,14028,San Marcos Sierra,14028170,1.09
2013,Córdoba,14,Ischilín,14049,Quilino,14049100,36.74
2013,Córdoba,14,Ischilín,14049,Ischilín,14049A07,9.06
2013,Córdoba,14,Punilla,14091,Huerta Grande,14091100,0.68
2013,Córdoba,14,San Alberto,14126,Las Calles,14126050,4.57
2013,Córdoba,14,San Javier,14133,Las Tapias,14133100,0.54
2013,Córdoba,14,San Javier,14133,San Javier y Yacanto,14133170,1.6
2013,Córdoba,14,San Javier,14133,San Javier y Yacanto,14133170,0.33
2013,Córdoba,14,San Javier,14133,San José,14133180,15
2013,Córdoba,14,San Javier,14133,Rodeo de Piedra,14133A19,0.03
2013,Córdoba,14,Santa María,14147,Potrero de Garay,14147230,9.06
2013,Córdoba,14,Totoral,14168,Sinsacate,14168110,1.03
2013,Córdoba,14,Tulumba,14175,San Pedro Norte,14175100,4.67
2013,Córdoba,14,Tulumba,14175,Isla de San Antonio,14175A13,0.59
2013,Chubut,26,Cushamen,26014,Cushamen Centro,26014030,20
2013,Chubut,26,Cushamen,26014,El Hoyo,26014040,0.9
2013,Chubut,26,Languiñeo,26056,Paso del Sapo,26056040,0.12
2013,Entre Ríos,30,Colón,30008,Colón,30008020,4.38
2013,Entre Ríos,30,Colón,30008,San José,30008090,0.45
2013,Entre Ríos,30,Concordia,30015,Calabacilla,30015010,2.84
2013,Entre Ríos,30,Concordia,30015,Concordia,30015060,5.5
2013,Entre Ríos,30,Concordia,30015,Estación Yeruá,30015080,6.08
2013,Entre Ríos,30,Nogoyá,30077,Lucas González,30077060,0.25
2013,Entre Ríos,30,Paraná,30084,Crespo,30084070,0.3
2013,Entre Ríos,30,Paraná,30084,Paraná,30084160,3.64
2013,Entre Ríos,30,Paraná,30084,Colonia Rivadavia,30084A20,0.75
2013,Entre Ríos,30,Victoria,30105,Victoria,30105060,0.89
2013,Jujuy,38,El Carmen,38014,Monterrico,38014070,3.09
2013,Jujuy,38,Tilcara,38094,Huacalera,38094020,4.87
2013,Jujuy,38,Tilcara,38094,Maimará,38094040,3.28
2013,Jujuy,38,Tilcara,38094,Tilcara,38094050,0.48
2013,Jujuy,38,Tumbaya,38098,Purmamarca,38098030,0.39
2013,La Pampa,42,Curacó,42042,Gobernador Duval,42042010,3.6
2013,La Pampa,42,Puelén,42112,25 de Mayo,42112020,212.07
2013,La Rioja,46,Castro Barros,46021,Aminga,46021010,170.96
2013,La Rioja,46,Castro Barros,46021,Anillaco,46021020,25.42
2013,La Rioja,46,Castro Barros,46021,San Pedro,46021070,2.49
2013,La Rioja,46,General Felipe Varela,46028,Guandacol,46028020,182.29
2013,La Rioja,46,General Felipe Varela,46028,Santa Clara,46028020,26.34
2013,La Rioja,46,General Felipe Varela,46028,Los Palacios,46028030,125
2013,La Rioja,46,General Felipe Varela,46028,Pagancillo,46028040,26.49
2013,La Rioja,46,General Felipe Varela,46028,Banda Florida,46028050,35.39
2013,La Rioja,46,General Felipe Varela,46028,Villa Unión,46028050,230.23
2013,La Rioja,46,General Felipe Varela,46028,Paso San Isidro,46028A14,4.74
2013,La Rioja,46,General Felipe Varela,46028,Paso San Isidro,46028A14,5.23
2013,La Rioja,46,Chilecito,46042,Anguinán,46042010,1190.69
2013,La Rioja,46,Chilecito,46042,La Puntilla,46042010,0.23
2013,La Rioja,46,Chilecito,46042,Los Sarmientos,46042010,2.17
2013,La Rioja,46,Chilecito,46042,Chilecito,46042010,11.6
2013,La Rioja,46,Chilecito,46042,San Miguel,46042010,16.01
2013,La Rioja,46,Chilecito,46042,Colonia Catinzaco,46042030,73.29
2013,La Rioja,46,Chilecito,46042,Malligasta,46042070,1340.19
2013,La Rioja,46,Chilecito,46042,Miranda,46042080,2.23
2013,La Rioja,46,Chilecito,46042,Nonogasta,46042090,1024.13
2013,La Rioja,46,Chilecito,46042,San Nicolás,46042100,41.81
2013,La Rioja,46,Chilecito,46042,Sañogasta,46042120,38.84
2013,La Rioja,46,Chilecito,46042,Tilimuqui,46042130,807.62
2013,La Rioja,46,Chilecito,46042,Vichigasta,46042140,1387.35
2013,La Rioja,46,Famatina,46049,Bajo Carrizal,46049040,0.88
2013,La Rioja,46,Famatina,46049,Campanas,46049050,1.7
2013,La Rioja,46,Famatina,46049,Chañarmuyo,46049060,91.33
2013,La Rioja,46,Famatina,46049,Famatina,46049070,10.07
2013,La Rioja,46,Famatina,46049,Famatina,46049070,34.55
2013,La Rioja,46,Famatina,46049,Famatina,46049070,1.48
2013,La Rioja,46,Famatina,46049,Pituil,46049090,83.04
2013,La Rioja,46,Famatina,46049,Plaza Vieja,46049100,38.87
2013,La Rioja,46,General Lamadrid,46077,Villa Castelli,46077010,56.66
2013,La Rioja,46,General Lamadrid,46077,Villa Castelli,46077010,6.25
2013,La Rioja,46,Vinchina,46098,Villa San José de Vinchina,46098020,49.76
2013,La Rioja,46,San Blas de Los Sauces,46119,Las Talas,46119010,0.4
2013,La Rioja,46,San Blas de Los Sauces,46119,Los Robles,46119010,0.15
2013,La Rioja,46,San Blas de Los Sauces,46119,Alpasinche,46119010,22.64
2013,La Rioja,46,San Blas de Los Sauces,46119,Chaupihuasi,46119010,7.67
2013,La Rioja,46,San Blas de Los Sauces,46119,San Blas,46119010,10.2
2013,La Rioja,46,Sanagasta,46126,Villa Sanagasta,46126010,11.85
2013,Mendoza,50,General Alvear,50014,Bowen,50014010,1425.17
2013,Mendoza,50,General Alvear,50014,Bowen,50014010,36.81
2013,Mendoza,50,General Alvear,50014,Carmensa,50014020,5.7
2013,Mendoza,50,General Alvear,50014,Carmensa,50014020,310.48
2013,Mendoza,50,General Alvear,50014,General Alvear,50014030,398.85
2013,Mendoza,50,General Alvear,50014,General Alvear,50014030,114.64
2013,Mendoza,50,General Alvear,50014,General Alvear,50014030,299
2013,Mendoza,50,General Alvear,50014,General Alvear,50014030,34.45
2013,Mendoza,50,General Alvear,50014,General Alvear,50014030,241.5
2013,Mendoza,50,General Alvear,50014,Los Compartos,50014040,515.48
2013,Mendoza,50,General Alvear,50014,Colonia San Pedro del Atuel,50014A04,24.7
2013,Mendoza,50,General Alvear,50014,El Ceibo,50014A08,131.42
2013,Mendoza,50,General Alvear,50014,El Ceibo,50014A08,12.72
2013,Mendoza,50,General Alvear,50014,La California,50014A12,50.92
2013,Mendoza,50,General Alvear,50014,La Escandinava,50014A14,204.73
2013,Mendoza,50,General Alvear,50014,La Marsolina,50014A16,410.23
2013,Mendoza,50,General Alvear,50014,La Marsolina,50014A16,4.08
2013,Mendoza,50,General Alvear,50014,La Montilla,50014A17,1.5
2013,Mendoza,50,General Alvear,50014,Los Campamentos,50014A19,62.95
2013,Mendoza,50,General Alvear,50014,Poste de Fierro,50014A24,118.28
2013,Mendoza,50,Godoy Cruz,50021,Las Tortugas,50021010,0.61
2013,Mendoza,50,Godoy Cruz,50021,Gobernador Benegas,50021010,0.68
2013,Mendoza,50,Guaymallén,50028,Colonia Segovia,50028010,113.15
2013,Mendoza,50,Guaymallén,50028,El Sauce,50028020,145.74
2013,Mendoza,50,Guaymallén,50028,Dorrego,50028020,22.73
2013,Mendoza,50,Guaymallén,50028,Rodeo de la Cruz,50028020,69.53
2013,Mendoza,50,Guaymallén,50028,San Francisco del Monte,50028020,3.16
2013,Mendoza,50,Guaymallén,50028,San José,50028020,2
2013,Mendoza,50,Guaymallén,50028,Villa Nueva,50028020,70.15
2013,Mendoza,50,Guaymallén,50028,Buena Nueva,50028020,70.69
2013,Mendoza,50,Guaymallén,50028,Bermejo,50028020,79
2013,Mendoza,50,Guaymallén,50028,La Primavera,50028030,43.54
2013,Mendoza,50,Guaymallén,50028,La Primavera,50028030,28.04
2013,Mendoza,50,Guaymallén,50028,La Primavera,50028030,11
2013,Mendoza,50,Guaymallén,50028,Los Corralitos,50028040,139.01
2013,Mendoza,50,Guaymallén,50028,Puente de Hierro,50028050,1.31
2013,Mendoza,50,Junín,50035,Ingeniero Giagnoni,50035010,40.36
2013,Mendoza,50,Junín,50035,Junín,50035020,18.72
2013,Mendoza,50,Junín,50035,Junín,50035020,1150.15
2013,Mendoza,50,Junín,50035,Junín,50035020,12.41
2013,Mendoza,50,Junín,50035,Junín,50035020,101.39
2013,Mendoza,50,Junín,50035,La Colonia,50035030,809.33
2013,Mendoza,50,Junín,50035,Los Barriales,50035040,1549.06
2013,Mendoza,50,Junín,50035,Los Barriales,50035040,19.9
2013,Mendoza,50,Junín,50035,Los Barriales,50035040,5.28
2013,Mendoza,50,Junín,50035,Medrano,50035050,58.88
2013,Mendoza,50,Junín,50035,Medrano,50035050,23.97
2013,Mendoza,50,Junín,50035,Medrano,50035050,1829.65
2013,Mendoza,50,Junín,50035,Phillips,50035060,9.39
2013,Mendoza,50,Junín,50035,Phillips,50035060,2238.53
2013,Mendoza,50,Junín,50035,Rodríguez Peña,50035070,1225.94
2013,Mendoza,50,Junín,50035,Algarrobo Grande,50035A00,114.78
2013,Mendoza,50,Junín,50035,Algarrobo Grande,50035A00,1819.67
2013,Mendoza,50,Junín,50035,Algarrobo Grande,50035A00,61.11
2013,Mendoza,50,Junín,50035,Alto Verde,50035A01,246.38
2013,Mendoza,50,Junín,50035,Alto Verde,50035A01,793.24
2013,Mendoza,50,Junín,50035,Tres Esquinas,50035A02,7.16
2013,Mendoza,50,La Paz,50042,La Paz,50042020,159.63
2013,Mendoza,50,La Paz,50042,La Paz,50042020,64.2
2013,Mendoza,50,La Paz,50042,Villa Antigua,50042030,69.35
2013,Mendoza,50,La Paz,50042,Las Chacritas,50042A07,26.34
2013,Mendoza,50,Las Heras,50049,Jocolí,50049030,144.57
2013,Mendoza,50,Las Heras,50049,Las Heras,50049050,32.33
2013,Mendoza,50,Las Heras,50049,El Algarrobal,50049050,493.55
2013,Mendoza,50,Las Heras,50049,El Plumerillo,50049050,82.31
2013,Mendoza,50,Las Heras,50049,Las Heras,50049050,13.6
2013,Mendoza,50,Las Heras,50049,El Borbollón,50049050,220.42
2013,Mendoza,50,Las Heras,50049,El Challao,50049050,7.26
2013,Mendoza,50,Las Heras,50049,Las Heras,50049050,2.91
2013,Mendoza,50,Las Heras,50049,Panquehuá,50049050,46.59
2013,Mendoza,50,Las Heras,50049,Capdevila,50049050,357.9
2013,Mendoza,50,Las Heras,50049,El Resguardo,50049050,2.1
2013,Mendoza,50,Las Heras,50049,Polvaredas,50049080,6
2013,Mendoza,50,Las Heras,50049,Uspallata,50049110,4
2013,Mendoza,50,Las Heras,50049,El Pastal,50049A04,240.04
2013,Mendoza,50,Las Heras,50049,El Pastal,50049A04,10
2013,Mendoza,50,Lavalle,50056,Barrio Alto del Olvido,50056010,29.87
2013,Mendoza,50,Lavalle,50056,Barrio La Palmera,50056030,404.78
2013,Mendoza,50,Lavalle,50056,Barrio La Pega,50056040,2
2013,Mendoza,50,Lavalle,50056,Barrio La Pega,50056040,238.01
2013,Mendoza,50,Lavalle,50056,Costa de Araujo,50056080,3.12
2013,Mendoza,50,Lavalle,50056,Costa de Araujo,50056080,4508.62
2013,Mendoza,50,Lavalle,50056,Costa de Araujo,50056080,6.3
2013,Mendoza,50,Lavalle,50056,El Paramillo,50056090,650.5
2013,Mendoza,50,Lavalle,50056,El Vergel,50056100,249.99
2013,Mendoza,50,Lavalle,50056,El Vergel,50056100,7
2013,Mendoza,50,Lavalle,50056,Ingeniero Gustavo André,50056110,23.52
2013,Mendoza,50,Lavalle,50056,Ingeniero Gustavo André,50056110,2399.99
2013,Mendoza,50,Lavalle,50056,Jocolí,50056120,1557.67
2013,Mendoza,50,Lavalle,50056,Jocolí Viejo,50056130,209.81
2013,Mendoza,50,Lavalle,50056,Las Violetas,50056140,57.47
2013,Mendoza,50,Lavalle,50056,3 de Mayo,50056150,1102.1
2013,Mendoza,50,Lavalle,50056,3 de Mayo,50056150,110.29
2013,Mendoza,50,Lavalle,50056,Villa Tulumaya,50056160,517.47
2013,Mendoza,50,Lavalle,50056,Villa Tulumaya,50056160,33.8
2013,Mendoza,50,Lavalle,50056,El Carmen,50056A05,91.29
2013,Mendoza,50,Lavalle,50056,El Chilcal,50056A06,15.92
2013,Mendoza,50,Lavalle,50056,El Chilcal,50056A06,310.23
2013,Mendoza,50,Lavalle,50056,El Plumero,50056A09,838.94
2013,Mendoza,50,Lavalle,50056,El Plumero,50056A09,19.66
2013,Mendoza,50,Lavalle,50056,El Retiro,50056A12,69.5
2013,Mendoza,50,Lavalle,50056,La Asunción,50056A15,113.18
2013,Mendoza,50,Lavalle,50056,La Holanda,50056A17,613.88
2013,Mendoza,50,Lavalle,50056,Resurrección,50056A23,8.19
2013,Mendoza,50,Lavalle,50056,San Francisco,50056A24,267.07
2013,Mendoza,50,Lavalle,50056,San José,50056A26,4
2013,Mendoza,50,Lavalle,50056,San José,50056A26,22.5
2013,Mendoza,50,Luján de Cuyo,50063,Agrelo,50063010,4661.16
2013,Mendoza,50,Luján de Cuyo,50063,El Carrizal,50063050,3084.16
2013,Mendoza,50,Luján de Cuyo,50063,Las Compuertas,50063070,413.42
2013,Mendoza,50,Luján de Cuyo,50063,Carrodilla,50063090,237.3
2013,Mendoza,50,Luján de Cuyo,50063,Luján de Cuyo,50063090,178.82
2013,Mendoza,50,Luján de Cuyo,50063,Mayor Drummond,50063090,480.78
2013,Mendoza,50,Luján de Cuyo,50063,La Puntilla,50063090,4.7
2013,Mendoza,50,Luján de Cuyo,50063,Vistalba,50063090,472.57
2013,Mendoza,50,Luján de Cuyo,50063,Chacras de Coria,50063090,116.78
2013,Mendoza,50,Luján de Cuyo,50063,Perdriel,50063100,2
2013,Mendoza,50,Luján de Cuyo,50063,Perdriel,50063100,1434.88
2013,Mendoza,50,Luján de Cuyo,50063,Ugarteche,50063120,4072.57
2013,Mendoza,50,Luján de Cuyo,50063,Anchoris,50063A01,98.25
2013,Mendoza,50,Luján de Cuyo,50063,Baños Lunlunta,50063A02,23.19
2013,Mendoza,50,Luján de Cuyo,50063,Industrial,50063A03,23.5
2013,Mendoza,50,Maipú,50070,Barrancas,50070010,3.67
2013,Mendoza,50,Maipú,50070,Barrancas,50070010,2675.5
2013,Mendoza,50,Maipú,50070,Barrio Jesús de Nazaret,50070020,31.57
2013,Mendoza,50,Maipú,50070,Cruz de Piedra,50070030,1076.13
2013,Mendoza,50,Maipú,50070,Cruz de Piedra,50070030,638.77
2013,Mendoza,50,Maipú,50070,El Pedregal,50070040,53
2013,Mendoza,50,Maipú,50070,Fray Luis Beltrán,50070050,210.89
2013,Mendoza,50,Maipú,50070,Fray Luis Beltrán,50070050,4319.62
2013,Mendoza,50,Maipú,50070,Fray Luis Beltrán,50070050,218.42
2013,Mendoza,50,Maipú,50070,Maipú,50070060,50.57
2013,Mendoza,50,Maipú,50070,General Gutiérrez,50070060,56.27
2013,Mendoza,50,Maipú,50070,Coquimbito,50070060,382.49
2013,Mendoza,50,Maipú,50070,Luzuriaga,50070060,6.51
2013,Mendoza,50,Maipú,50070,Rodeo del Medio,50070070,21.8
2013,Mendoza,50,Maipú,50070,Rodeo del Medio,50070070,138.77
2013,Mendoza,50,Maipú,50070,Rodeo del Medio,50070070,1020.66
2013,Mendoza,50,Maipú,50070,Rodeo del Medio,50070070,3.7
2013,Mendoza,50,Maipú,50070,Russell,50070080,577.3
2013,Mendoza,50,Maipú,50070,San Roque,50070090,517.08
2013,Mendoza,50,Maipú,50070,San Roque,50070090,222.7
2013,Mendoza,50,Maipú,50070,El Paraíso,50070A01,171.25
2013,Mendoza,50,Maipú,50070,Los Álamos,50070A02,143.13
2013,Mendoza,50,Malargüe,50077,Malargüe,50077040,0.86
2013,Mendoza,50,Rivadavia,50084,Andrade,50084010,1268.69
2013,Mendoza,50,Rivadavia,50084,El Mirador,50084040,2265.97
2013,Mendoza,50,Rivadavia,50084,El Mirador,50084040,104.13
2013,Mendoza,50,Rivadavia,50084,La Central,50084050,3232.82
2013,Mendoza,50,Rivadavia,50084,La Libertad,50084080,1012.24
2013,Mendoza,50,Rivadavia,50084,Los Árboles,50084090,700.95
2013,Mendoza,50,Rivadavia,50084,Los Campamentos,50084100,3935.45
2013,Mendoza,50,Rivadavia,50084,Los Campamentos,50084100,4
2013,Mendoza,50,Rivadavia,50084,Medrano,50084110,745.98
2013,Mendoza,50,Rivadavia,50084,Mundo Nuevo,50084120,144.7
2013,Mendoza,50,Rivadavia,50084,Reducción de Abajo,50084130,945.8
2013,Mendoza,50,Rivadavia,50084,Rivadavia,50084140,948.24
2013,Mendoza,50,Rivadavia,50084,Santa María de Oro,50084150,700.12
2013,Mendoza,50,San Carlos,50091,Barrio El Cepillo,50091010,467.9
2013,Mendoza,50,San Carlos,50091,Chilecito,50091020,379.47
2013,Mendoza,50,San Carlos,50091,Eugenio Bustos,50091030,2249.65
2013,Mendoza,50,San Carlos,50091,La Consulta,50091040,34.14
2013,Mendoza,50,San Carlos,50091,La Consulta,50091040,4476.95
2013,Mendoza,50,San Carlos,50091,Pareditas,50091050,209.97
2013,Mendoza,50,San Carlos,50091,San Carlos,50091060,56.7
2013,Mendoza,50,San Carlos,50091,San Carlos,50091060,314.39
2013,Mendoza,50,San Carlos,50091,Casas Viejas,50091A01,41.66
2013,Mendoza,50,San Carlos,50091,El Capacho,50091A03,12.3
2013,Mendoza,50,San Carlos,50091,Tres Esquinas,50091A17,11.31
2013,Mendoza,50,San Martín,50098,Alto Verde,50098020,3174.21
2013,Mendoza,50,San Martín,50098,Chapanay,50098060,5105.13
2013,Mendoza,50,San Martín,50098,Chivilcoy,50098070,641.11
2013,Mendoza,50,San Martín,50098,El Espino,50098073,627
2013,Mendoza,50,San Martín,50098,El Ramblón,50098077,787.05
2013,Mendoza,50,San Martín,50098,El Ramblón,50098077,1621.78
2013,Mendoza,50,San Martín,50098,Montecaseros,50098080,7076.92
2013,Mendoza,50,San Martín,50098,Nueva California,50098090,2365.37
2013,Mendoza,50,San Martín,50098,Palmira,50098100,1360.01
2013,Mendoza,50,San Martín,50098,San Martín,50098100,1
2013,Mendoza,50,San Martín,50098,San Martín,50098100,43.82
2013,Mendoza,50,San Martín,50098,San Martín,50098100,605.01
2013,Mendoza,50,San Martín,50098,Tres Porteñas,50098110,1916.7
2013,Mendoza,50,San Martín,50098,Alto Chapanay,50098A00,45.79
2013,Mendoza,50,San Martín,50098,Alto Salvador,50098A01,1474.83
2013,Mendoza,50,San Martín,50098,Buen Orden,50098A03,685.31
2013,Mendoza,50,San Martín,50098,El Central,50098A06,1400.75
2013,Mendoza,50,San Martín,50098,El Divisadero,50098A07,1421.32
2013,Mendoza,50,San Martín,50098,Las Chimbas,50098A09,363.46
2013,Mendoza,50,San Rafael,50105,Barrio Campos El Toledano,50105010,21.81
2013,Mendoza,50,San Rafael,50105,Capitán Montoya,50105050,30.09
2013,Mendoza,50,San Rafael,50105,Cuadro Benegas,50105060,865.06
2013,Mendoza,50,San Rafael,50105,El Tropezón,50105090,12.56
2013,Mendoza,50,San Rafael,50105,Goudge,50105100,1150.24
2013,Mendoza,50,San Rafael,50105,Jaime Prats,50105110,705.12
2013,Mendoza,50,San Rafael,50105,La Llave Nueva,50105120,78.89
2013,Mendoza,50,San Rafael,50105,La Llave Nueva,50105120,455.11
2013,Mendoza,50,San Rafael,50105,Las Malvinas,50105130,31.39
2013,Mendoza,50,San Rafael,50105,Monte Comán,50105150,216.68
2013,Mendoza,50,San Rafael,50105,Rama Caída,50105180,24.82
2013,Mendoza,50,San Rafael,50105,Rama Caída,50105180,863.51
2013,Mendoza,50,San Rafael,50105,Real del Padre,50105190,1697.2
2013,Mendoza,50,San Rafael,50105,Salto de las Rosas,50105200,55.83
2013,Mendoza,50,San Rafael,50105,San Rafael,50105210,146.29
2013,Mendoza,50,San Rafael,50105,San Rafael,50105210,6.05
2013,Mendoza,50,San Rafael,50105,Cuadro Nacional,50105210,165.49
2013,Mendoza,50,San Rafael,50105,San Rafael,50105210,4
2013,Mendoza,50,San Rafael,50105,Cuadro Nacional,50105210,1377.81
2013,Mendoza,50,San Rafael,50105,25 de Mayo,50105220,8.03
2013,Mendoza,50,San Rafael,50105,25 de Mayo,50105220,27.9
2013,Mendoza,50,San Rafael,50105,Villa Atuel,50105230,42.13
2013,Mendoza,50,San Rafael,50105,Villa Atuel,50105230,880.9
2013,Mendoza,50,San Rafael,50105,Villa Atuel,50105230,502.77
2013,Mendoza,50,San Rafael,50105,Cañada Seca,50105A04,2126.84
2013,Mendoza,50,San Rafael,50105,Colonia Bombal y Tabanera,50105A06,117.87
2013,Mendoza,50,San Rafael,50105,Colonia Colomer,50105A07,24.63
2013,Mendoza,50,San Rafael,50105,Colonia El Usillal,50105A08,208.52
2013,Mendoza,50,San Rafael,50105,Colonia Elena,50105A09,241.93
2013,Mendoza,50,San Rafael,50105,Colonia Española,50105A10,21.83
2013,Mendoza,50,San Rafael,50105,Colonia Gelman,50105A11,55.46
2013,Mendoza,50,San Rafael,50105,Colonia Jáuregui,50105A12,22.66
2013,Mendoza,50,San Rafael,50105,Colonia López,50105A13,243.27
2013,Mendoza,50,San Rafael,50105,El Algarrobal,50105A20,7.33
2013,Mendoza,50,San Rafael,50105,El Cerrito,50105A22,293.02
2013,Mendoza,50,San Rafael,50105,La Guevarina,50105A32,64.05
2013,Mendoza,50,San Rafael,50105,La Llave Vieja,50105A35,34.6
2013,Mendoza,50,San Rafael,50105,Las Paredes,50105A44,17.5
2013,Mendoza,50,San Rafael,50105,Las Paredes,50105A44,1441.03
2013,Mendoza,50,San Rafael,50105,Los Claveles,50105A46,65.8
2013,Mendoza,50,San Rafael,50105,Los Sifones,50105A51,12.07
2013,Mendoza,50,San Rafael,50105,Rincón del Atuel,50105A60,12.15
2013,Mendoza,50,San Rafael,50105,Soitué,50105A64,53.15
2013,Mendoza,50,Santa Rosa,50112,Barrio 12 de Octubre,50112010,1038.82
2013,Mendoza,50,Santa Rosa,50112,Barrio 12 de Octubre,50112010,845.01
2013,Mendoza,50,Santa Rosa,50112,Barrio Molina Cabrera,50112030,22.05
2013,Mendoza,50,Santa Rosa,50112,La Dormida,50112040,1265.63
2013,Mendoza,50,Santa Rosa,50112,La Dormida,50112040,176.2
2013,Mendoza,50,Santa Rosa,50112,Las Catitas,50112050,1734.55
2013,Mendoza,50,Santa Rosa,50112,Santa Rosa,50112060,854.23
2013,Mendoza,50,Santa Rosa,50112,Santa Rosa,50112060,3426.12
2013,Mendoza,50,Santa Rosa,50112,Santa Rosa,50112060,144.75
2013,Mendoza,50,Santa Rosa,50112,Gobernador Civit,50112A05,35.25
2013,Mendoza,50,Santa Rosa,50112,Los Yoles,50112A10,116.48
2013,Mendoza,50,Tunuyán,50119,Campo Los Andes,50119020,184.89
2013,Mendoza,50,Tunuyán,50119,Colonia Las Rosas,50119030,42.05
2013,Mendoza,50,Tunuyán,50119,El Manzano,50119040,70.93
2013,Mendoza,50,Tunuyán,50119,Los Sauces,50119050,837.77
2013,Mendoza,50,Tunuyán,50119,Tunuyán,50119060,146.74
2013,Mendoza,50,Tunuyán,50119,Tunuyán,50119060,608.14
2013,Mendoza,50,Tunuyán,50119,Tunuyán,50119060,112.64
2013,Mendoza,50,Tunuyán,50119,Vista Flores,50119070,2215.89
2013,Mendoza,50,Tunuyán,50119,El Totoral,50119A02,667.71
2013,Mendoza,50,Tunuyán,50119,El Totoral,50119A02,89.64
2013,Mendoza,50,Tunuyán,50119,La Primavera,50119A04,329.72
2013,Mendoza,50,Tunuyán,50119,Las Pintadas,50119A07,456.67
2013,Mendoza,50,Tunuyán,50119,Los Árboles,50119A08,1597.67
2013,Mendoza,50,Tunuyán,50119,Los Árboles,50119A08,131.86
2013,Mendoza,50,Tunuyán,50119,Los Chacales,50119A09,519.84
2013,Mendoza,50,Tunuyán,50119,Villa Seca,50119A14,814.1
2013,Mendoza,50,Tupungato,50126,Cordón del Plata,50126020,1548.4
2013,Mendoza,50,Tupungato,50126,Cordón del Plata,50126020,646.08
2013,Mendoza,50,Tupungato,50126,Cordón del Plata,50126020,44.65
2013,Mendoza,50,Tupungato,50126,El Peral,50126030,735.91
2013,Mendoza,50,Tupungato,50126,El Zampal,50126035,867.74
2013,Mendoza,50,Tupungato,50126,La Arboleda,50126040,1564.47
2013,Mendoza,50,Tupungato,50126,San José,50126050,382.14
2013,Mendoza,50,Tupungato,50126,Tupungato,50126060,118.1
2013,Mendoza,50,Tupungato,50126,Tupungato,50126060,3
2013,Mendoza,50,Tupungato,50126,Villa Bastias,50126060,381.9
2013,Mendoza,50,Tupungato,50126,Tupungato,50126060,489.05
2013,Mendoza,50,Tupungato,50126,Anchoris,50126A01,388.06
2013,Mendoza,50,Tupungato,50126,Ancón,50126A02,1.39
2013,Mendoza,50,Tupungato,50126,Gualtallary,50126A05,2123.26
2013,Mendoza,50,Tupungato,50126,Zapata,50126A12,118.25
2013,Misiones,54,Cainguás,54014,Aristóbulo del Valle,54014010,1
2013,Misiones,54,Leandro N. Alem,54070,Cerro Azul,54070040,1.25
2013,Misiones,54,Leandro N. Alem,54070,Leandro N. Alem,54070070,1.05
2013,Misiones,54,Leandro N. Alem,54070,Olegario V. Andrade,54070080,1
2013,Misiones,54,25 de Mayo,54119,Alba Posse,54119010,0.95
2013,Neuquén,58,Añelo,58014,Añelo,58014010,139.48
2013,Neuquén,58,Añelo,58014,San Patricio del Chañar,58014020,1418.91
2013,Neuquén,58,Collón Curá,58028,Piedra del Águila,58028010,4.84
2013,Neuquén,58,Confluencia,58035,Centenario,58035030,2.84
2013,Neuquén,58,Confluencia,58035,Centenario,58035030,0.87
2013,Neuquén,58,Confluencia,58035,Neuquén,58035070,1.78
2013,Neuquén,58,Confluencia,58035,Neuquén,58035070,0.33
2013,Neuquén,58,Confluencia,58035,Plottier,58035100,39.66
2013,Neuquén,58,Confluencia,58035,Senillosa,58035110,46.85
2013,Neuquén,58,Chos Malal,58042,Chos Malal,58042010,5.93
2013,Neuquén,58,Lácar,58056,San Martín de los Andes,58056010,0.64
2013,Neuquén,58,Ñorquín,58084,Taquimilán,58084050,0.6
2013,Neuquén,58,Pehuenches,58091,Buta Ranquil,58091020,3.05
2013,Neuquén,58,Picún Leufú,58098,Picún Leufú,58098020,22.04
2013,Neuquén,58,Picunches,58105,Bajada del Agrio,58105010,1.2
2013,Río Negro,62,Adolfo Alsina,62007,Guardia Mitre,62007040,1.57
2013,Río Negro,62,Adolfo Alsina,62007,San Javier,62007080,87.49
2013,Río Negro,62,Adolfo Alsina,62007,Viedma,62007090,27.82
2013,Río Negro,62,Adolfo Alsina,62007,Cubanea,62007A03,2
2013,Río Negro,62,Avellaneda,62014,Chimpay,62014030,0.69
2013,Río Negro,62,Avellaneda,62014,Choele Choel,62014040,7.2
2013,Río Negro,62,Avellaneda,62014,Darwin,62014060,35.53
2013,Río Negro,62,Avellaneda,62014,Lamarque,62014070,2.25
2013,Río Negro,62,Avellaneda,62014,Luis Beltrán,62014080,88.75
2013,Río Negro,62,Avellaneda,62014,Pomona,62014090,24.06
2013,Río Negro,62,Bariloche,62021,El Bolsón,62021030,0.15
2013,Río Negro,62,Conesa,62028,Barrio Colonia Conesa,62028010,6
2013,Río Negro,62,Conesa,62028,Barrio Colonia Conesa,62028010,2.62
2013,Río Negro,62,Conesa,62028,General Conesa,62028020,15.82
2013,Río Negro,62,Conesa,62028,Colonia San Juan,62028A02,13.37
2013,Río Negro,62,El Cuy,62035,El Cuy,62035030,28.8
2013,Río Negro,62,El Cuy,62035,Valle Azul,62035080,31.1
2013,Río Negro,62,General Roca,62042,Allen,62042010,201.17
2013,Río Negro,62,General Roca,62042,Barda del Medio,62042030,15.3
2013,Río Negro,62,General Roca,62042,Barrio Guerrico,62042160,10.61
2013,Río Negro,62,General Roca,62042,Barrio Pinar,62042297,27
2013,Río Negro,62,General Roca,62042,Catriel,62042360,4.51
2013,Río Negro,62,General Roca,62042,Cervantes,62042370,73.08
2013,Río Negro,62,General Roca,62042,Chichinales,62042380,10.05
2013,Río Negro,62,General Roca,62042,Cinco Saltos,62042390,7.15
2013,Río Negro,62,General Roca,62042,Cipolletti,62042400,74.34
2013,Río Negro,62,General Roca,62042,Contralmirante Cordero,62042410,3
2013,Río Negro,62,General Roca,62042,Ferri,62042420,4.62
2013,Río Negro,62,General Roca,62042,General Enrique Godoy,62042430,22.16
2013,Río Negro,62,General Roca,62042,General Fernández Oro,62042440,42.02
2013,Río Negro,62,General Roca,62042,General Roca,62042450,2.53
2013,Río Negro,62,General Roca,62042,General Roca,62042450,153.63
2013,Río Negro,62,General Roca,62042,General Roca,62042450,32.6
2013,Río Negro,62,General Roca,62042,Ingeniero Luis A. Huergo,62042460,131.44
2013,Río Negro,62,General Roca,62042,Mainqué,62042480,408.26
2013,Río Negro,62,General Roca,62042,Villa Manzano,62042550,23.58
2013,Río Negro,62,General Roca,62042,Villa Regina,62042560,3.74
2013,Río Negro,62,Pichi Mahuida,62063,Río Colorado,62063020,58.8
2013,Salta,66,Cachi,66014,Cachi,66014010,17.12
2013,Salta,66,Cachi,66014,Payogasta,66014020,60.12
2013,Salta,66,Cachi,66014,La Paya,66014A07,0.38
2013,Salta,66,Cafayate,66021,Cafayate,66021010,76.22
2013,Salta,66,Cafayate,66021,Cafayate,66021010,66.24
2013,Salta,66,Cafayate,66021,Cafayate,66021010,1747.11
2013,Salta,66,Cafayate,66021,Tolombón,66021020,245.83
2013,Salta,66,Cafayate,66021,Chuscha,66021A01,2.35
2013,Salta,66,Cafayate,66021,Las Conchas,66021A04,11.4
2013,Salta,66,Cafayate,66021,Yacochuya Norte,66021A05,45.75
2013,Salta,66,La Viña,66098,Las Curtiembres,66098A08,5.03
2013,Salta,66,Molinos,66119,Molinos,66119020,45.67
2013,Salta,66,Molinos,66119,Seclantás,66119030,5.06
2013,Salta,66,Molinos,66119,Colomé,66119A06,70.7
2013,Salta,66,Molinos,66119,Luracatao,66119A10,3.7
2013,Salta,66,San Carlos,66154,Angastaco,66154010,90.96
2013,Salta,66,San Carlos,66154,Animaná,66154020,353.78
2013,Salta,66,San Carlos,66154,El Barrial,66154030,0.43
2013,Salta,66,San Carlos,66154,San Carlos,66154040,35.07
2013,Salta,66,San Carlos,66154,Corralito,66154A01,25.93
2013,Salta,66,San Carlos,66154,Payogastilla,66154A17,1.64
2013,Salta,66,San Carlos,66154,Santa Rosa,66154A26,11.36
2013,San Juan,70,Albardón,70007,El Rincón,70007010,113.98
2013,San Juan,70,Albardón,70007,El Rincón,70007010,949.22
2013,San Juan,70,Albardón,70007,Villa General San Martín - Campo Afuera,70007020,148.41
2013,San Juan,70,Albardón,70007,Villa General San Martín - Campo Afuera,70007020,99.39
2013,San Juan,70,Albardón,70007,Villa General San Martín - Campo Afuera,70007020,35.92
2013,San Juan,70,Albardón,70007,Villa General San Martín - Campo Afuera,70007020,180.71
2013,San Juan,70,Albardón,70007,Villa General San Martín - Campo Afuera,70007020,3.95
2013,San Juan,70,Albardón,70007,Villa General San Martín - Campo Afuera,70007020,3.75
2013,San Juan,70,Albardón,70007,Baños La Laja,70007A02,1.63
2013,San Juan,70,Albardón,70007,Baños La Laja,70007A02,7.59
2013,San Juan,70,Albardón,70007,El Salado,70007A03,67.16
2013,San Juan,70,Albardón,70007,Las Tapias,70007A04,13.1
2013,San Juan,70,Albardón,70007,Las Tapias,70007A04,142.67
2013,San Juan,70,Angaco,70014,Las Tapias,70014010,21.6
2013,San Juan,70,Angaco,70014,Las Tapias,70014010,326.31
2013,San Juan,70,Angaco,70014,Villa El Salvador,70014020,100.85
2013,San Juan,70,Angaco,70014,Villa El Salvador,70014020,122.44
2013,San Juan,70,Angaco,70014,Villa Sefair,70014020,270.27
2013,San Juan,70,Angaco,70014,Villa El Salvador,70014020,552.26
2013,San Juan,70,Angaco,70014,El Alamito,70014A01,53.52
2013,San Juan,70,Angaco,70014,El Bosque,70014A02,365.36
2013,San Juan,70,Angaco,70014,Punta del Monte,70014A05,393.6
2013,San Juan,70,Calingasta,70021,Barreal - Villa Pituil,70021010,21.62
2013,San Juan,70,Calingasta,70021,Calingasta,70021020,2.4
2013,San Juan,70,Calingasta,70021,Tamberías,70021030,67.53
2013,San Juan,70,Calingasta,70021,Hilario,70021A10,11.87
2013,San Juan,70,Calingasta,70021,Puchuzún,70021A28,1
2013,San Juan,70,Calingasta,70021,Sorocayense,70021A30,3.36
2013,San Juan,70,Calingasta,70021,Villa Corral,70021A31,12.34
2013,San Juan,70,Capital,70028,San Juan,70028010,2.01
2013,San Juan,70,Capital,70028,San Juan,70028010,1.53
2013,San Juan,70,Caucete,70035,Caucete,70035020,2823.8
2013,San Juan,70,Caucete,70035,Caucete,70035020,0.41
2013,San Juan,70,Caucete,70035,Caucete,70035020,0.44
2013,San Juan,70,Caucete,70035,Caucete,70035020,3.65
2013,San Juan,70,Caucete,70035,Caucete,70035020,37.36
2013,San Juan,70,Caucete,70035,Caucete,70035020,0.2
2013,San Juan,70,Caucete,70035,Caucete,70035020,0.63
2013,San Juan,70,Caucete,70035,Caucete,70035020,13.89
2013,San Juan,70,Caucete,70035,El Rincón,70035030,752.52
2013,San Juan,70,Caucete,70035,Las Talas - Los Médanos,70035040,308.89
2013,San Juan,70,Caucete,70035,Marayes,70035050,2.45
2013,San Juan,70,Caucete,70035,Pie de Palo,70035060,132.79
2013,San Juan,70,Caucete,70035,Villa Independencia,70035080,512.48
2013,San Juan,70,Caucete,70035,La Puntilla,70035A02,1129.54
2013,San Juan,70,Caucete,70035,Pozo de los Algarrobos,70035A07,1937.32
2013,San Juan,70,Chimbas,70042,Chimbas,70042010,231.39
2013,San Juan,70,Chimbas,70042,Chimbas,70042010,1.22
2013,San Juan,70,Chimbas,70042,Chimbas,70042010,13
2013,San Juan,70,Chimbas,70042,Chimbas,70042010,650.65
2013,San Juan,70,Iglesia,70049,Angualasto,70049010,8.61
2013,San Juan,70,Jáchal,70056,Pampa Vieja,70056060,7.87
2013,San Juan,70,Jáchal,70056,San Roque,70056A24,24.54
2013,San Juan,70,9 de Julio,70063,Alto de Sierra,70063010,56.56
2013,San Juan,70,9 de Julio,70063,Las Chacritas,70063030,44.63
2013,San Juan,70,9 de Julio,70063,Las Chacritas,70063030,845.8
2013,San Juan,70,9 de Julio,70063,Las Chacritas,70063030,6.73
2013,San Juan,70,9 de Julio,70063,9 de Julio,70063040,2148.97
2013,San Juan,70,9 de Julio,70063,La Majadita,70063A00,311.82
2013,San Juan,70,9 de Julio,70063,Rincón Cercado,70063A02,142.4
2013,San Juan,70,Pocito,70070,Carpintería,70070020,2161.38
2013,San Juan,70,Pocito,70070,Las Piedritas,70070025,7.42
2013,San Juan,70,Pocito,70070,Las Piedritas,70070025,11.4
2013,San Juan,70,Pocito,70070,Quinto Cuartel,70070030,122.59
2013,San Juan,70,Pocito,70070,La Rinconada,70070040,718.18
2013,San Juan,70,Pocito,70070,Villa Aberastain,70070040,19.21
2013,San Juan,70,Pocito,70070,Villa Aberastain,70070040,216.54
2013,San Juan,70,Pocito,70070,Villa Aberastain,70070040,795.26
2013,San Juan,70,Pocito,70070,Villa Nacusi,70070050,58.99
2013,San Juan,70,Pocito,70070,Villa Nacusi,70070050,18
2013,San Juan,70,Pocito,70070,Villa Nacusi,70070050,2
2013,San Juan,70,Rawson,70077,Rawson,70077010,825.18
2013,San Juan,70,Rawson,70077,El Medanito,70077010,224.52
2013,San Juan,70,Rawson,70077,Rawson,70077010,39.74
2013,San Juan,70,Rawson,70077,Rawson,70077010,6.97
2013,San Juan,70,Rawson,70077,Rawson,70077010,47.32
2013,San Juan,70,Rawson,70077,Colonia Médano de Oro,70077A00,580.64
2013,San Juan,70,Rawson,70077,Colonia Rodas,70077A02,250.26
2013,San Juan,70,Rawson,70077,Colonia Rodas,70077A02,103.32
2013,San Juan,70,Rivadavia,70084,Rivadavia,70084010,131.56
2013,San Juan,70,Rivadavia,70084,Rivadavia,70084010,191.54
2013,San Juan,70,Rivadavia,70084,Rivadavia,70084010,119.33
2013,San Juan,70,San Martín,70091,Dos Acequias,70091020,878.12
2013,San Juan,70,San Martín,70091,San Isidro,70091030,730.51
2013,San Juan,70,San Martín,70091,Villa San Martín,70091070,1046.9
2013,San Juan,70,San Martín,70091,Villa San Martín,70091070,6.53
2013,San Juan,70,San Martín,70091,Coll,70091A00,8.76
2013,San Juan,70,San Martín,70091,Los Compartos,70091A01,882.15
2013,San Juan,70,San Martín,70091,Los Compartos,70091A01,69.9
2013,San Juan,70,San Martín,70091,Los Compartos,70091A01,145.05
2013,San Juan,70,San Martín,70091,Villa Lugano,70091A02,34.4
2013,San Juan,70,San Martín,70091,Villa Lugano,70091A02,31.57
2013,San Juan,70,Santa Lucía,70098,Colonia Gutiérrez,70098010,467.05
2013,San Juan,70,Santa Lucía,70098,Santa Lucía,70098010,52.47
2013,San Juan,70,Santa Lucía,70098,Santa Lucía,70098010,427.63
2013,San Juan,70,Santa Lucía,70098,Santa Lucía,70098010,58.97
2013,San Juan,70,Santa Lucía,70098,Santa Lucía,70098010,80.27
2013,San Juan,70,Santa Lucía,70098,Colonia Gutiérrez,70098010,85.95
2013,San Juan,70,Santa Lucía,70098,Santa Lucía,70098010,1.66
2013,San Juan,70,Santa Lucía,70098,Colonia Gutiérrez,70098010,25.04
2013,San Juan,70,Santa Lucía,70098,Santa Lucía,70098010,50.12
2013,San Juan,70,Sarmiento,70105,Cañada Honda,70105010,648.74
2013,San Juan,70,Sarmiento,70105,Colonia Fiscal,70105030,923.8
2013,San Juan,70,Sarmiento,70105,Guanacache,70105050,314.8
2013,San Juan,70,Sarmiento,70105,Las Lagunas,70105060,581.17
2013,San Juan,70,Sarmiento,70105,Los Berros,70105070,4.54
2013,San Juan,70,Sarmiento,70105,Los Berros,70105070,59.44
2013,San Juan,70,Sarmiento,70105,Pedernal,70105080,666.07
2013,San Juan,70,Sarmiento,70105,Punta del Médano,70105090,181.68
2013,San Juan,70,Sarmiento,70105,Villa Media Agua,70105100,1374.13
2013,San Juan,70,Sarmiento,70105,Villa Media Agua,70105100,308.4
2013,San Juan,70,Sarmiento,70105,Cochagual,70105A01,2223.48
2013,San Juan,70,Sarmiento,70105,Colonia San Antonio,70105A02,10
2013,San Juan,70,Sarmiento,70105,San Carlos,70105A07,108.14
2013,San Juan,70,Sarmiento,70105,Tres Esquinas,70105A08,384.37
2013,San Juan,70,Ullum,70112,Villa Ibáñez,70112010,1639.03
2013,San Juan,70,Ullum,70112,Villa Ibáñez,70112010,27.89
2013,San Juan,70,Ullum,70112,La Banderita,70112A04,13.25
2013,San Juan,70,25 de Mayo,70126,Tupelí,70126020,62.49
2013,San Juan,70,25 de Mayo,70126,Tupelí,70126020,562.61
2013,San Juan,70,25 de Mayo,70126,Villa Borjas - La Chimbera,70126030,1526.55
2013,San Juan,70,25 de Mayo,70126,Villa Santa Rosa,70126050,557.68
2013,San Juan,70,25 de Mayo,70126,Villa Santa Rosa,70126050,117.94
2013,San Juan,70,25 de Mayo,70126,Villa Santa Rosa,70126050,24.5
2013,San Juan,70,25 de Mayo,70126,Villa Santa Rosa,70126050,1947.45
2013,San Juan,70,25 de Mayo,70126,Villa Santa Rosa,70126050,1620.35
2013,San Juan,70,25 de Mayo,70126,Cuatro Esquinas,70126A04,17.17
2013,San Juan,70,25 de Mayo,70126,Las Casuarinas,70126A06,2142.38
2013,San Juan,70,25 de Mayo,70126,Punta del Médano,70126A09,97.97
2013,San Juan,70,Zonda,70133,Villa Basilio Nievas,70133010,16.9
2013,San Juan,70,Zonda,70133,Villa Basilio Nievas,70133010,322.88
2013,San Juan,70,Zonda,70133,Villa Basilio Nievas,70133010,249.98
2013,San Juan,70,Zonda,70133,Villa Basilio Nievas,70133010,914.8
2013,San Luis,74,Junín,74049,Merlo,74049060,1.33
2013,San Luis,74,Junín,74049,Santa Rosa del Conlara,74049070,26.1
2013,San Luis,74,Juan Martín de Pueyrredón,74056,Beazley,74056040,56.04
2013,San Luis,74,Juan Martín de Pueyrredón,74056,San Luis,74056150,1.85
2013,Santiago del Estero,86,Capital,86049,Vuelta de la Barranca,86049120,8.8
2013,Tucumán,90,Tafí del Valle,90098,Amaicha del Valle,90098010,4.96
2013,Tucumán,90,Tafí del Valle,90098,Colalao del Valle,90098020,45.13
2013,Tucumán,90,Tafí del Valle,90098,El Bañado,90098A12,7.5
2013,Tucumán,90,Tafí del Valle,90098,El Paso,90098A18,25
2013,Tucumán,90,Tafí del Valle,90098,Los Zazos,90098A40,0.86
2013,NULL,NULL,NULL,NULL,NULL,NULL,0.3
2014,Buenos Aires,06,Avellaneda,06035,Villa Domínico,06035010,2.74
2014,Buenos Aires,06,Avellaneda,06035,Sarandí,06035010,1.03
2014,Buenos Aires,06,Benito Juárez,06084,Barker,06084010,0.25
2014,Buenos Aires,06,Berisso,06098,Los Talas,06098010,0.07
2014,Buenos Aires,06,Berisso,06098,Berisso,06098010,19
2014,Buenos Aires,06,Berisso,06098,Isla Paulino,06098A02,0.44
2014,Buenos Aires,06,Cañuelas,06134,Uribelarrea,06134070,0.52
2014,Buenos Aires,06,Coronel Dorrego,06189,Coronel Dorrego,06189030,0.02
2014,Buenos Aires,06,Coronel Pringles,06196,Coronel Pringles,06196010,2.29
2014,Buenos Aires,06,Coronel Suárez,06203,Coronel Suárez,06203020,3.47
2014,Buenos Aires,06,Coronel Suárez,06203,Villa La Arcadia,06203100,16
2014,Buenos Aires,06,General Pueyrredón,06357,Chapadmalal,06357080,21.09
2014,Buenos Aires,06,La Costa,06420,Mar del Tuyú,06420040,0.2
2014,Buenos Aires,06,Saavedra,06700,Pigüé,06700060,18
2014,Buenos Aires,06,Tandil,06791,María Ignacia,06791040,5.7
2014,Buenos Aires,06,Tandil,06791,Tandil,06791050,0.4
2014,Buenos Aires,06,Tandil,06791,Tandil,06791050,0.46
2014,Buenos Aires,06,Tornquist,06819,Saldungaray,06819020,9.09
2014,Buenos Aires,06,Tornquist,06819,Villa Ventana,06819070,3
2014,Buenos Aires,06,Villarino,06875,Médanos,06875060,24.52
2014,Catamarca,10,Andalgalá,10021,Andalgalá,10021020,3.22
2014,Catamarca,10,Andalgalá,10021,Andalgalá,10021020,2.31
2014,Catamarca,10,Belén,10035,Belén,10035020,7.63
2014,Catamarca,10,Belén,10035,Corral Quemado,10035040,3.3
2014,Catamarca,10,Belén,10035,Hualfín,10035070,128.5
2014,Catamarca,10,Belén,10035,Jacipunco,10035080,1.94
2014,Catamarca,10,Belén,10035,Los Nacimientos,10035120,2.4
2014,Catamarca,10,Belén,10035,Puerta de Corral Quemado,10035130,22.4
2014,Catamarca,10,Belén,10035,San Fernando,10035A42,1.25
2014,Catamarca,10,Capayán,10042,Chumbicha,10042040,5.9
2014,Catamarca,10,Capayán,10042,Colonia Nueva Coneta,10042060,2.84
2014,Catamarca,10,Pomán,10084,San Miguel,10084090,10.4
2014,Catamarca,10,Pomán,10084,Saujil,10084100,0.4
2014,Catamarca,10,Pomán,10084,Siján,10084110,20.38
2014,Catamarca,10,Santa María,10091,Andalhualá,10091010,12.79
2014,Catamarca,10,Santa María,10091,Lampacito,10091030,38.83
2014,Catamarca,10,Santa María,10091,Chañar Punco,10091030,345.27
2014,Catamarca,10,Santa María,10091,Lampacito,10091030,17.56
2014,Catamarca,10,Santa María,10091,Famatanca,10091070,4.63
2014,Catamarca,10,Santa María,10091,Fuerte Quemado,10091080,65.27
2014,Catamarca,10,Santa María,10091,La Loma,10091100,1.78
2014,Catamarca,10,Santa María,10091,El Cerrito,10091110,1.98
2014,Catamarca,10,Santa María,10091,Las Mojarras,10091110,21.6
2014,Catamarca,10,Santa María,10091,Loro Huasi,10091120,1.48
2014,Catamarca,10,Santa María,10091,Punta de Balasto,10091130,7.25
2014,Catamarca,10,Santa María,10091,San José,10091140,19.44
2014,Catamarca,10,Santa María,10091,Palo Seco,10091140,0.4
2014,Catamarca,10,Santa María,10091,Casa de Piedra,10091140,0.16
2014,Catamarca,10,Santa María,10091,Santa María,10091150,108.74
2014,Catamarca,10,Santa María,10091,Santa María,10091150,44.72
2014,Catamarca,10,Santa María,10091,Yapes,10091160,2.62
2014,Catamarca,10,Santa María,10091,Entre Ríos,10091A08,0.01
2014,Catamarca,10,Tinogasta,10105,Anillaco,10105010,31.98
2014,Catamarca,10,Tinogasta,10105,Copacabana,10105050,247.81
2014,Catamarca,10,Tinogasta,10105,El Puesto,10105090,76.64
2014,Catamarca,10,Tinogasta,10105,El Salado,10105100,3.05
2014,Catamarca,10,Tinogasta,10105,Fiambalá,10105110,394.37
2014,Catamarca,10,Tinogasta,10105,Medanitos,10105130,215.79
2014,Catamarca,10,Tinogasta,10105,Palo Blanco,10105140,19.8
2014,Catamarca,10,Tinogasta,10105,Saujil,10105160,22.42
2014,Catamarca,10,Tinogasta,10105,Tinogasta,10105180,107.67
2014,Catamarca,10,Tinogasta,10105,Tinogasta,10105180,299.24
2014,Catamarca,10,Tinogasta,10105,Tinogasta,10105180,45.45
2014,Catamarca,10,Tinogasta,10105,Tinogasta,10105180,7.75
2014,Catamarca,10,Tinogasta,10105,San José Norte,10105A27,271.64
2014,Córdoba,14,Calamuchita,14007,Villa Ciudad Parque Los Reartes,14007270,6.73
2014,Córdoba,14,Calamuchita,14007,Atos Pampa,14007A01,8.2
2014,Córdoba,14,Colón,14021,Colonia Caroya,14021050,136.27
2014,Córdoba,14,Colón,14021,Colonia Vicente Agüero,14021070,16.75
2014,Córdoba,14,Colón,14021,Santa Teresa,14021A20,5.3
2014,Córdoba,14,Cruz del Eje,14028,Cruz del Eje,14028050,13
2014,Córdoba,14,Cruz del Eje,14028,Guanaco Muerto,14028080,2
2014,Córdoba,14,Cruz del Eje,14028,Las Playas,14028130,3.6
2014,Córdoba,14,Cruz del Eje,14028,San Marcos Sierra,14028170,1.09
2014,Córdoba,14,Ischilín,14049,Quilino,14049100,36.74
2014,Córdoba,14,Ischilín,14049,Ischilín,14049A07,9.06
2014,Córdoba,14,Punilla,14091,Huerta Grande,14091100,0.68
2014,Córdoba,14,San Alberto,14126,Las Calles,14126050,4.57
2014,Córdoba,14,San Javier,14133,Las Tapias,14133100,0.54
2014,Córdoba,14,San Javier,14133,San Javier y Yacanto,14133170,1.6
2014,Córdoba,14,San Javier,14133,San Javier y Yacanto,14133170,0.33
2014,Córdoba,14,San Javier,14133,San José,14133180,15
2014,Córdoba,14,San Javier,14133,Rodeo de Piedra,14133A19,0.03
2014,Córdoba,14,Santa María,14147,Potrero de Garay,14147230,9.15
2014,Córdoba,14,Totoral,14168,Sinsacate,14168110,1.03
2014,Córdoba,14,Tulumba,14175,San Pedro Norte,14175100,4.42
2014,Córdoba,14,Tulumba,14175,Isla de San Antonio,14175A13,0.59
2014,Córdoba,14,Tulumba,14175,Santa Cruz,14175A37,0.31
2014,Chubut,26,Cushamen,26014,Cushamen Centro,26014030,20
2014,Chubut,26,Cushamen,26014,El Hoyo,26014040,0.9
2014,Chubut,26,Languiñeo,26056,Paso del Sapo,26056040,0.12
2014,Entre Ríos,30,Colón,30008,Colón,30008020,4.38
2014,Entre Ríos,30,Colón,30008,San José,30008090,0.45
2014,Entre Ríos,30,Concordia,30015,Calabacilla,30015010,2.84
2014,Entre Ríos,30,Concordia,30015,Concordia,30015060,5.5
2014,Entre Ríos,30,Concordia,30015,Estación Yeruá,30015080,6.08
2014,Entre Ríos,30,Diamante,30021,Colonia Ensayo,30021070,0.48
2014,Entre Ríos,30,Diamante,30021,Estación Puiggari,30021150,2
2014,Entre Ríos,30,Gualeguaychú,30056,Gualeguaychú,30056070,1
2014,Entre Ríos,30,Nogoyá,30077,Lucas González,30077060,0.25
2014,Entre Ríos,30,Paraná,30084,Crespo,30084070,0.3
2014,Entre Ríos,30,Paraná,30084,Paraná,30084160,3.64
2014,Entre Ríos,30,Paraná,30084,Colonia Rivadavia,30084A20,0.75
2014,Entre Ríos,30,Uruguay,30098,Concepción del Uruguay,30098040,0.25
2014,Entre Ríos,30,Victoria,30105,Victoria,30105060,1.25
2014,Entre Ríos,30,Victoria,30105,Laguna del Pescado,30105A11,5.49
2014,Jujuy,38,El Carmen,38014,Monterrico,38014070,3.09
2014,Jujuy,38,Tilcara,38094,Huacalera,38094020,4.87
2014,Jujuy,38,Tilcara,38094,Maimará,38094040,3.28
2014,Jujuy,38,Tilcara,38094,Tilcara,38094050,0.48
2014,Jujuy,38,Tumbaya,38098,Purmamarca,38098030,0.39
2014,La Pampa,42,Curacó,42042,Gobernador Duval,42042010,3.6
2014,La Pampa,42,Puelén,42112,25 de Mayo,42112020,212.07
2014,La Rioja,46,Castro Barros,46021,Aminga,46021010,170.96
2014,La Rioja,46,Castro Barros,46021,Anillaco,46021020,25.42
2014,La Rioja,46,Castro Barros,46021,San Pedro,46021070,2.49
2014,La Rioja,46,General Felipe Varela,46028,Santa Clara,46028020,26.34
2014,La Rioja,46,General Felipe Varela,46028,Guandacol,46028020,182.29
2014,La Rioja,46,General Felipe Varela,46028,Los Palacios,46028030,125
2014,La Rioja,46,General Felipe Varela,46028,Pagancillo,46028040,26.49
2014,La Rioja,46,General Felipe Varela,46028,Villa Unión,46028050,230.23
2014,La Rioja,46,General Felipe Varela,46028,Banda Florida,46028050,35.39
2014,La Rioja,46,General Felipe Varela,46028,Paso San Isidro,46028A14,4.74
2014,La Rioja,46,General Felipe Varela,46028,Paso San Isidro,46028A14,5.23
2014,La Rioja,46,Chilecito,46042,Anguinán,46042010,1195.89
2014,La Rioja,46,Chilecito,46042,San Miguel,46042010,16.01
2014,La Rioja,46,Chilecito,46042,Chilecito,46042010,11.6
2014,La Rioja,46,Chilecito,46042,La Puntilla,46042010,0.23
2014,La Rioja,46,Chilecito,46042,Los Sarmientos,46042010,2.17
2014,La Rioja,46,Chilecito,46042,Colonia Catinzaco,46042030,73.29
2014,La Rioja,46,Chilecito,46042,Malligasta,46042070,1407.28
2014,La Rioja,46,Chilecito,46042,Miranda,46042080,2.23
2014,La Rioja,46,Chilecito,46042,Nonogasta,46042090,1062.16
2014,La Rioja,46,Chilecito,46042,San Nicolás,46042100,41.81
2014,La Rioja,46,Chilecito,46042,Sañogasta,46042120,38.84
2014,La Rioja,46,Chilecito,46042,Tilimuqui,46042130,807.62
2014,La Rioja,46,Chilecito,46042,Vichigasta,46042140,1431.74
2014,La Rioja,46,Famatina,46049,Angulos,46049020,44.67
2014,La Rioja,46,Famatina,46049,Bajo Carrizal,46049040,0.88
2014,La Rioja,46,Famatina,46049,Campanas,46049050,1.7
2014,La Rioja,46,Famatina,46049,Chañarmuyo,46049060,91.33
2014,La Rioja,46,Famatina,46049,Famatina,46049070,10.07
2014,La Rioja,46,Famatina,46049,Famatina,46049070,90.59
2014,La Rioja,46,Famatina,46049,Famatina,46049070,1.48
2014,La Rioja,46,Famatina,46049,Pituil,46049090,84.28
2014,La Rioja,46,Famatina,46049,Plaza Vieja,46049100,38.87
2014,La Rioja,46,General Lamadrid,46077,Villa Castelli,46077010,56.66
2014,La Rioja,46,General Lamadrid,46077,Villa Castelli,46077010,6.25
2014,La Rioja,46,Vinchina,46098,Villa San José de Vinchina,46098020,49.76
2014,La Rioja,46,San Blas de Los Sauces,46119,Alpasinche,46119010,22.64
2014,La Rioja,46,San Blas de Los Sauces,46119,Chaupihuasi,46119010,7.67
2014,La Rioja,46,San Blas de Los Sauces,46119,Los Robles,46119010,0.15
2014,La Rioja,46,San Blas de Los Sauces,46119,Las Talas,46119010,0.4
2014,La Rioja,46,San Blas de Los Sauces,46119,San Blas,46119010,10.2
2014,La Rioja,46,Sanagasta,46126,Villa Sanagasta,46126010,11.85
2014,Mendoza,50,General Alvear,50014,Bowen,50014010,38.61
2014,Mendoza,50,General Alvear,50014,Bowen,50014010,1416.43
2014,Mendoza,50,General Alvear,50014,Carmensa,50014020,310.48
2014,Mendoza,50,General Alvear,50014,Carmensa,50014020,8.15
2014,Mendoza,50,General Alvear,50014,General Alvear,50014030,114.9
2014,Mendoza,50,General Alvear,50014,General Alvear,50014030,398.9
2014,Mendoza,50,General Alvear,50014,General Alvear,50014030,298.4
2014,Mendoza,50,General Alvear,50014,General Alvear,50014030,36.85
2014,Mendoza,50,General Alvear,50014,General Alvear,50014030,242.41
2014,Mendoza,50,General Alvear,50014,Los Compartos,50014040,511.06
2014,Mendoza,50,General Alvear,50014,Colonia San Pedro del Atuel,50014A04,24.7
2014,Mendoza,50,General Alvear,50014,El Ceibo,50014A08,110.27
2014,Mendoza,50,General Alvear,50014,El Ceibo,50014A08,12.72
2014,Mendoza,50,General Alvear,50014,La California,50014A12,50.92
2014,Mendoza,50,General Alvear,50014,La Escandinava,50014A14,204.73
2014,Mendoza,50,General Alvear,50014,La Marsolina,50014A16,5.58
2014,Mendoza,50,General Alvear,50014,La Marsolina,50014A16,416.24
2014,Mendoza,50,General Alvear,50014,La Montilla,50014A17,1.5
2014,Mendoza,50,General Alvear,50014,Los Campamentos,50014A19,75.49
2014,Mendoza,50,General Alvear,50014,Poste de Fierro,50014A24,118.9
2014,Mendoza,50,Godoy Cruz,50021,Gobernador Benegas,50021010,0.68
2014,Mendoza,50,Godoy Cruz,50021,Las Tortugas,50021010,0.61
2014,Mendoza,50,Guaymallén,50028,Colonia Segovia,50028010,114.64
2014,Mendoza,50,Guaymallén,50028,El Sauce,50028020,145.74
2014,Mendoza,50,Guaymallén,50028,Bermejo,50028020,78.8
2014,Mendoza,50,Guaymallén,50028,Buena Nueva,50028020,70.69
2014,Mendoza,50,Guaymallén,50028,Dorrego,50028020,22.73
2014,Mendoza,50,Guaymallén,50028,Villa Nueva,50028020,70.15
2014,Mendoza,50,Guaymallén,50028,San José,50028020,2
2014,Mendoza,50,Guaymallén,50028,San Francisco del Monte,50028020,3.16
2014,Mendoza,50,Guaymallén,50028,Rodeo de la Cruz,50028020,68.03
2014,Mendoza,50,Guaymallén,50028,La Primavera,50028030,42.54
2014,Mendoza,50,Guaymallén,50028,La Primavera,50028030,28.04
2014,Mendoza,50,Guaymallén,50028,La Primavera,50028030,11
2014,Mendoza,50,Guaymallén,50028,Los Corralitos,50028040,157.88
2014,Mendoza,50,Guaymallén,50028,Puente de Hierro,50028050,1.31
2014,Mendoza,50,Junín,50035,Ingeniero Giagnoni,50035010,39.65
2014,Mendoza,50,Junín,50035,Junín,50035020,12.41
2014,Mendoza,50,Junín,50035,Junín,50035020,1144.75
2014,Mendoza,50,Junín,50035,Junín,50035020,18.72
2014,Mendoza,50,Junín,50035,Junín,50035020,106.22
2014,Mendoza,50,Junín,50035,La Colonia,50035030,844.79
2014,Mendoza,50,Junín,50035,Los Barriales,50035040,1573.04
2014,Mendoza,50,Junín,50035,Los Barriales,50035040,5.28
2014,Mendoza,50,Junín,50035,Los Barriales,50035040,29.4
2014,Mendoza,50,Junín,50035,Medrano,50035050,58.88
2014,Mendoza,50,Junín,50035,Medrano,50035050,1839.96
2014,Mendoza,50,Junín,50035,Medrano,50035050,23.97
2014,Mendoza,50,Junín,50035,Phillips,50035060,2269.91
2014,Mendoza,50,Junín,50035,Phillips,50035060,9.39
2014,Mendoza,50,Junín,50035,Rodríguez Peña,50035070,1226.66
2014,Mendoza,50,Junín,50035,Algarrobo Grande,50035A00,1819.16
2014,Mendoza,50,Junín,50035,Algarrobo Grande,50035A00,116.36
2014,Mendoza,50,Junín,50035,Algarrobo Grande,50035A00,61.11
2014,Mendoza,50,Junín,50035,Alto Verde,50035A01,778.71
2014,Mendoza,50,Junín,50035,Alto Verde,50035A01,238.36
2014,Mendoza,50,Junín,50035,Tres Esquinas,50035A02,7.16
2014,Mendoza,50,La Paz,50042,La Paz,50042020,64.2
2014,Mendoza,50,La Paz,50042,La Paz,50042020,159.63
2014,Mendoza,50,La Paz,50042,Villa Antigua,50042030,65.93
2014,Mendoza,50,La Paz,50042,Las Chacritas,50042A07,26.34
2014,Mendoza,50,Las Heras,50049,Jocolí,50049030,144.57
2014,Mendoza,50,Las Heras,50049,Las Heras,50049050,13.6
2014,Mendoza,50,Las Heras,50049,El Algarrobal,50049050,495.66
2014,Mendoza,50,Las Heras,50049,El Plumerillo,50049050,82.31
2014,Mendoza,50,Las Heras,50049,El Challao,50049050,7.26
2014,Mendoza,50,Las Heras,50049,El Resguardo,50049050,2.1
2014,Mendoza,50,Las Heras,50049,Las Heras,50049050,2.91
2014,Mendoza,50,Las Heras,50049,Panquehuá,50049050,46.59
2014,Mendoza,50,Las Heras,50049,Las Heras,50049050,32.33
2014,Mendoza,50,Las Heras,50049,El Borbollón,50049050,269.8
2014,Mendoza,50,Las Heras,50049,Capdevila,50049050,369.31
2014,Mendoza,50,Las Heras,50049,Polvaredas,50049080,6
2014,Mendoza,50,Las Heras,50049,Uspallata,50049110,4
2014,Mendoza,50,Las Heras,50049,El Pastal,50049A04,10
2014,Mendoza,50,Las Heras,50049,El Pastal,50049A04,245.04
2014,Mendoza,50,Lavalle,50056,Barrio Alto del Olvido,50056010,29.87
2014,Mendoza,50,Lavalle,50056,Barrio La Palmera,50056030,420.98
2014,Mendoza,50,Lavalle,50056,Barrio La Pega,50056040,235.96
2014,Mendoza,50,Lavalle,50056,Barrio La Pega,50056040,2
2014,Mendoza,50,Lavalle,50056,Costa de Araujo,50056080,4547.73
2014,Mendoza,50,Lavalle,50056,Costa de Araujo,50056080,3.12
2014,Mendoza,50,Lavalle,50056,Costa de Araujo,50056080,6.3
2014,Mendoza,50,Lavalle,50056,El Paramillo,50056090,652.1
2014,Mendoza,50,Lavalle,50056,El Vergel,50056100,253.99
2014,Mendoza,50,Lavalle,50056,El Vergel,50056100,7
2014,Mendoza,50,Lavalle,50056,Ingeniero Gustavo André,50056110,2436.27
2014,Mendoza,50,Lavalle,50056,Ingeniero Gustavo André,50056110,23.52
2014,Mendoza,50,Lavalle,50056,Jocolí,50056120,1576.76
2014,Mendoza,50,Lavalle,50056,Jocolí Viejo,50056130,215.66
2014,Mendoza,50,Lavalle,50056,Las Violetas,50056140,62.69
2014,Mendoza,50,Lavalle,50056,3 de Mayo,50056150,106.79
2014,Mendoza,50,Lavalle,50056,3 de Mayo,50056150,1120.8
2014,Mendoza,50,Lavalle,50056,Villa Tulumaya,50056160,33.8
2014,Mendoza,50,Lavalle,50056,Villa Tulumaya,50056160,526.46
2014,Mendoza,50,Lavalle,50056,El Carmen,50056A05,131.29
2014,Mendoza,50,Lavalle,50056,El Chilcal,50056A06,15.92
2014,Mendoza,50,Lavalle,50056,El Chilcal,50056A06,332.9
2014,Mendoza,50,Lavalle,50056,El Plumero,50056A09,858.87
2014,Mendoza,50,Lavalle,50056,El Plumero,50056A09,19.66
2014,Mendoza,50,Lavalle,50056,El Retiro,50056A12,84.5
2014,Mendoza,50,Lavalle,50056,La Asunción,50056A15,113.18
2014,Mendoza,50,Lavalle,50056,La Holanda,50056A17,603.63
2014,Mendoza,50,Lavalle,50056,Resurrección,50056A23,8.19
2014,Mendoza,50,Lavalle,50056,San Francisco,50056A24,273.87
2014,Mendoza,50,Lavalle,50056,San José,50056A26,4
2014,Mendoza,50,Lavalle,50056,San José,50056A26,22.5
2014,Mendoza,50,Luján de Cuyo,50063,Agrelo,50063010,4966.59
2014,Mendoza,50,Luján de Cuyo,50063,El Carrizal,50063050,3090.27
2014,Mendoza,50,Luján de Cuyo,50063,Las Compuertas,50063070,421.62
2014,Mendoza,50,Luján de Cuyo,50063,Luján de Cuyo,50063090,178.82
2014,Mendoza,50,Luján de Cuyo,50063,La Puntilla,50063090,4.7
2014,Mendoza,50,Luján de Cuyo,50063,Vistalba,50063090,474.79
2014,Mendoza,50,Luján de Cuyo,50063,Carrodilla,50063090,212.82
2014,Mendoza,50,Luján de Cuyo,50063,Chacras de Coria,50063090,117.48
2014,Mendoza,50,Luján de Cuyo,50063,Mayor Drummond,50063090,480.4
2014,Mendoza,50,Luján de Cuyo,50063,Perdriel,50063100,1437.91
2014,Mendoza,50,Luján de Cuyo,50063,Perdriel,50063100,2
2014,Mendoza,50,Luján de Cuyo,50063,Ugarteche,50063120,4170.09
2014,Mendoza,50,Luján de Cuyo,50063,Anchoris,50063A01,97.1
2014,Mendoza,50,Luján de Cuyo,50063,Baños Lunlunta,50063A02,27.69
2014,Mendoza,50,Luján de Cuyo,50063,Industrial,50063A03,23.5
2014,Mendoza,50,Maipú,50070,Barrancas,50070010,2888.71
2014,Mendoza,50,Maipú,50070,Barrancas,50070010,3.67
2014,Mendoza,50,Maipú,50070,Barrio Jesús de Nazaret,50070020,27.49
2014,Mendoza,50,Maipú,50070,Cruz de Piedra,50070030,632.86
2014,Mendoza,50,Maipú,50070,Cruz de Piedra,50070030,1014.13
2014,Mendoza,50,Maipú,50070,El Pedregal,50070040,53
2014,Mendoza,50,Maipú,50070,Fray Luis Beltrán,50070050,212.22
2014,Mendoza,50,Maipú,50070,Fray Luis Beltrán,50070050,217.72
2014,Mendoza,50,Maipú,50070,Fray Luis Beltrán,50070050,4377.58
2014,Mendoza,50,Maipú,50070,Coquimbito,50070060,391.65
2014,Mendoza,50,Maipú,50070,Luzuriaga,50070060,6.51
2014,Mendoza,50,Maipú,50070,Maipú,50070060,41.49
2014,Mendoza,50,Maipú,50070,General Gutiérrez,50070060,55.27
2014,Mendoza,50,Maipú,50070,Rodeo del Medio,50070070,138.67
2014,Mendoza,50,Maipú,50070,Rodeo del Medio,50070070,1035.34
2014,Mendoza,50,Maipú,50070,Rodeo del Medio,50070070,3.7
2014,Mendoza,50,Maipú,50070,Rodeo del Medio,50070070,21.8
2014,Mendoza,50,Maipú,50070,Russell,50070080,590.28
2014,Mendoza,50,Maipú,50070,San Roque,50070090,222.2
2014,Mendoza,50,Maipú,50070,San Roque,50070090,520.15
2014,Mendoza,50,Maipú,50070,El Paraíso,50070A01,171.55
2014,Mendoza,50,Maipú,50070,Los Álamos,50070A02,143.13
2014,Mendoza,50,Malargüe,50077,Malargüe,50077040,0.86
2014,Mendoza,50,Rivadavia,50084,Andrade,50084010,1219.07
2014,Mendoza,50,Rivadavia,50084,El Mirador,50084040,2336.72
2014,Mendoza,50,Rivadavia,50084,El Mirador,50084040,104.13
2014,Mendoza,50,Rivadavia,50084,La Central,50084050,3204.59
2014,Mendoza,50,Rivadavia,50084,La Libertad,50084080,1051.17
2014,Mendoza,50,Rivadavia,50084,Los Árboles,50084090,703.51
2014,Mendoza,50,Rivadavia,50084,Los Campamentos,50084100,4
2014,Mendoza,50,Rivadavia,50084,Los Campamentos,50084100,3982.66
2014,Mendoza,50,Rivadavia,50084,Medrano,50084110,743.84
2014,Mendoza,50,Rivadavia,50084,Mundo Nuevo,50084120,145.05
2014,Mendoza,50,Rivadavia,50084,Reducción de Abajo,50084130,956.88
2014,Mendoza,50,Rivadavia,50084,Rivadavia,50084140,953.32
2014,Mendoza,50,Rivadavia,50084,Santa María de Oro,50084150,717.14
2014,Mendoza,50,San Carlos,50091,Barrio El Cepillo,50091010,529.36
2014,Mendoza,50,San Carlos,50091,Chilecito,50091020,404.68
2014,Mendoza,50,San Carlos,50091,Eugenio Bustos,50091030,2302.45
2014,Mendoza,50,San Carlos,50091,La Consulta,50091040,9
2014,Mendoza,50,San Carlos,50091,La Consulta,50091040,35.89
2014,Mendoza,50,San Carlos,50091,La Consulta,50091040,4684.76
2014,Mendoza,50,San Carlos,50091,Pareditas,50091050,226.27
2014,Mendoza,50,San Carlos,50091,San Carlos,50091060,317.89
2014,Mendoza,50,San Carlos,50091,San Carlos,50091060,56.7
2014,Mendoza,50,San Carlos,50091,Casas Viejas,50091A01,50.16
2014,Mendoza,50,San Carlos,50091,El Capacho,50091A03,20.6
2014,Mendoza,50,San Carlos,50091,Tres Esquinas,50091A17,11.31
2014,Mendoza,50,San Martín,50098,Alto Verde,50098020,3169.85
2014,Mendoza,50,San Martín,50098,Chapanay,50098060,5093.67
2014,Mendoza,50,San Martín,50098,Chivilcoy,50098070,639.69
2014,Mendoza,50,San Martín,50098,El Espino,50098073,604.11
2014,Mendoza,50,San Martín,50098,El Ramblón,50098077,778.8
2014,Mendoza,50,San Martín,50098,El Ramblón,50098077,1637.3
2014,Mendoza,50,San Martín,50098,Montecaseros,50098080,7071.6
2014,Mendoza,50,San Martín,50098,Nueva California,50098090,2396.37
2014,Mendoza,50,San Martín,50098,San Martín,50098100,600.75
2014,Mendoza,50,San Martín,50098,San Martín,50098100,43.82
2014,Mendoza,50,San Martín,50098,Palmira,50098100,1347.52
2014,Mendoza,50,San Martín,50098,San Martín,50098100,1
2014,Mendoza,50,San Martín,50098,Tres Porteñas,50098110,1907.58
2014,Mendoza,50,San Martín,50098,Alto Chapanay,50098A00,45.79
2014,Mendoza,50,San Martín,50098,Alto Salvador,50098A01,1486.61
2014,Mendoza,50,San Martín,50098,Buen Orden,50098A03,662
2014,Mendoza,50,San Martín,50098,El Central,50098A06,1419.36
2014,Mendoza,50,San Martín,50098,El Divisadero,50098A07,1385.53
2014,Mendoza,50,San Martín,50098,Las Chimbas,50098A09,363.46
2014,Mendoza,50,San Rafael,50105,Barrio Campos El Toledano,50105010,21.81
2014,Mendoza,50,San Rafael,50105,Capitán Montoya,50105050,30.09
2014,Mendoza,50,San Rafael,50105,Cuadro Benegas,50105060,875.28
2014,Mendoza,50,San Rafael,50105,El Tropezón,50105090,12.56
2014,Mendoza,50,San Rafael,50105,Goudge,50105100,1189.61
2014,Mendoza,50,San Rafael,50105,Jaime Prats,50105110,689.29
2014,Mendoza,50,San Rafael,50105,Jaime Prats,50105110,0.72
2014,Mendoza,50,San Rafael,50105,La Llave Nueva,50105120,78.79
2014,Mendoza,50,San Rafael,50105,La Llave Nueva,50105120,429.74
2014,Mendoza,50,San Rafael,50105,Las Malvinas,50105130,32.89
2014,Mendoza,50,San Rafael,50105,Monte Comán,50105150,216.68
2014,Mendoza,50,San Rafael,50105,Rama Caída,50105180,24.32
2014,Mendoza,50,San Rafael,50105,Rama Caída,50105180,835.91
2014,Mendoza,50,San Rafael,50105,Real del Padre,50105190,1704.71
2014,Mendoza,50,San Rafael,50105,Salto de las Rosas,50105200,55.83
2014,Mendoza,50,San Rafael,50105,San Rafael,50105210,140.44
2014,Mendoza,50,San Rafael,50105,San Rafael,50105210,4
2014,Mendoza,50,San Rafael,50105,San Rafael,50105210,6.05
2014,Mendoza,50,San Rafael,50105,Cuadro Nacional,50105210,1404.8
2014,Mendoza,50,San Rafael,50105,Cuadro Nacional,50105210,158.49
2014,Mendoza,50,San Rafael,50105,25 de Mayo,50105220,5
2014,Mendoza,50,San Rafael,50105,25 de Mayo,50105220,27.9
2014,Mendoza,50,San Rafael,50105,Villa Atuel,50105230,880.9
2014,Mendoza,50,San Rafael,50105,Villa Atuel,50105230,505.93
2014,Mendoza,50,San Rafael,50105,Villa Atuel,50105230,42.13
2014,Mendoza,50,San Rafael,50105,Cañada Seca,50105A04,2158.36
2014,Mendoza,50,San Rafael,50105,Colonia Bombal y Tabanera,50105A06,123.37
2014,Mendoza,50,San Rafael,50105,Colonia Colomer,50105A07,24.63
2014,Mendoza,50,San Rafael,50105,Colonia El Usillal,50105A08,185.19
2014,Mendoza,50,San Rafael,50105,Colonia Elena,50105A09,235.53
2014,Mendoza,50,San Rafael,50105,Colonia Española,50105A10,21.83
2014,Mendoza,50,San Rafael,50105,Colonia Gelman,50105A11,53.46
2014,Mendoza,50,San Rafael,50105,Colonia Jáuregui,50105A12,22.66
2014,Mendoza,50,San Rafael,50105,Colonia López,50105A13,244.67
2014,Mendoza,50,San Rafael,50105,El Algarrobal,50105A20,4.42
2014,Mendoza,50,San Rafael,50105,El Cerrito,50105A22,289.14
2014,Mendoza,50,San Rafael,50105,La Guevarina,50105A32,64.05
2014,Mendoza,50,San Rafael,50105,La Llave Vieja,50105A35,37.86
2014,Mendoza,50,San Rafael,50105,Las Paredes,50105A44,17.5
2014,Mendoza,50,San Rafael,50105,Las Paredes,50105A44,1383.26
2014,Mendoza,50,San Rafael,50105,Los Claveles,50105A46,65.96
2014,Mendoza,50,San Rafael,50105,Los Sifones,50105A51,12.07
2014,Mendoza,50,San Rafael,50105,Rincón del Atuel,50105A60,12.15
2014,Mendoza,50,San Rafael,50105,Soitué,50105A64,53.15
2014,Mendoza,50,Santa Rosa,50112,Barrio 12 de Octubre,50112010,1057.81
2014,Mendoza,50,Santa Rosa,50112,Barrio 12 de Octubre,50112010,845.01
2014,Mendoza,50,Santa Rosa,50112,Barrio Molina Cabrera,50112030,22.05
2014,Mendoza,50,Santa Rosa,50112,La Dormida,50112040,178.51
2014,Mendoza,50,Santa Rosa,50112,La Dormida,50112040,1266.63
2014,Mendoza,50,Santa Rosa,50112,Las Catitas,50112050,1619.55
2014,Mendoza,50,Santa Rosa,50112,Santa Rosa,50112060,3387.39
2014,Mendoza,50,Santa Rosa,50112,Santa Rosa,50112060,877.88
2014,Mendoza,50,Santa Rosa,50112,Santa Rosa,50112060,145.11
2014,Mendoza,50,Santa Rosa,50112,Gobernador Civit,50112A05,35.25
2014,Mendoza,50,Santa Rosa,50112,Los Yoles,50112A10,116.48
2014,Mendoza,50,Tunuyán,50119,Campo Los Andes,50119020,201.79
2014,Mendoza,50,Tunuyán,50119,Colonia Las Rosas,50119030,42.05
2014,Mendoza,50,Tunuyán,50119,El Manzano,50119040,73.97
2014,Mendoza,50,Tunuyán,50119,Los Sauces,50119050,944.26
2014,Mendoza,50,Tunuyán,50119,Tunuyán,50119060,92.64
2014,Mendoza,50,Tunuyán,50119,Tunuyán,50119060,690.08
2014,Mendoza,50,Tunuyán,50119,Tunuyán,50119060,146.74
2014,Mendoza,50,Tunuyán,50119,Vista Flores,50119070,2277.04
2014,Mendoza,50,Tunuyán,50119,El Totoral,50119A02,109.64
2014,Mendoza,50,Tunuyán,50119,El Totoral,50119A02,668.65
2014,Mendoza,50,Tunuyán,50119,La Primavera,50119A04,329.72
2014,Mendoza,50,Tunuyán,50119,Las Pintadas,50119A07,503.97
2014,Mendoza,50,Tunuyán,50119,Los Árboles,50119A08,1668.85
2014,Mendoza,50,Tunuyán,50119,Los Árboles,50119A08,131.86
2014,Mendoza,50,Tunuyán,50119,Los Chacales,50119A09,547.67
2014,Mendoza,50,Tunuyán,50119,Villa Seca,50119A14,838.69
2014,Mendoza,50,Tupungato,50126,Cordón del Plata,50126020,1602.5
2014,Mendoza,50,Tupungato,50126,Cordón del Plata,50126020,645.68
2014,Mendoza,50,Tupungato,50126,Cordón del Plata,50126020,44.65
2014,Mendoza,50,Tupungato,50126,El Peral,50126030,744.89
2014,Mendoza,50,Tupungato,50126,El Zampal,50126035,884.44
2014,Mendoza,50,Tupungato,50126,La Arboleda,50126040,1573.37
2014,Mendoza,50,Tupungato,50126,San José,50126050,385.5
2014,Mendoza,50,Tupungato,50126,Tupungato,50126060,3
2014,Mendoza,50,Tupungato,50126,Tupungato,50126060,118.1
2014,Mendoza,50,Tupungato,50126,Tupungato,50126060,505.25
2014,Mendoza,50,Tupungato,50126,Villa Bastias,50126060,411.27
2014,Mendoza,50,Tupungato,50126,Anchoris,50126A01,393.06
2014,Mendoza,50,Tupungato,50126,Ancón,50126A02,1.39
2014,Mendoza,50,Tupungato,50126,Gualtallary,50126A05,2230.38
2014,Mendoza,50,Tupungato,50126,Zapata,50126A12,118.25
2014,Misiones,54,Cainguás,54014,Aristóbulo del Valle,54014010,1
2014,Misiones,54,Cainguás,54014,Salto Encantado,54014080,6.8
2014,Misiones,54,Capital,54028,Posadas,54028030,5.72
2014,Misiones,54,Leandro N. Alem,54070,Cerro Azul,54070040,1.25
2014,Misiones,54,Leandro N. Alem,54070,Leandro N. Alem,54070070,1.05
2014,Misiones,54,Leandro N. Alem,54070,Olegario V. Andrade,54070080,1
2014,Misiones,54,25 de Mayo,54119,Alba Posse,54119010,0.95
2014,Neuquén,58,Añelo,58014,Añelo,58014010,139.48
2014,Neuquén,58,Añelo,58014,San Patricio del Chañar,58014020,1454.21
2014,Neuquén,58,Collón Curá,58028,Piedra del Águila,58028010,4.84
2014,Neuquén,58,Confluencia,58035,Centenario,58035030,2.84
2014,Neuquén,58,Confluencia,58035,Centenario,58035030,0.87
2014,Neuquén,58,Confluencia,58035,Mari Menuco,58035060,17.6
2014,Neuquén,58,Confluencia,58035,Neuquén,58035070,0.33
2014,Neuquén,58,Confluencia,58035,Neuquén,58035070,1.78
2014,Neuquén,58,Confluencia,58035,Plottier,58035100,39.66
2014,Neuquén,58,Confluencia,58035,Senillosa,58035110,46.85
2014,Neuquén,58,Chos Malal,58042,Chos Malal,58042010,5.93
2014,Neuquén,58,Lácar,58056,San Martín de los Andes,58056010,0.64
2014,Neuquén,58,Ñorquín,58084,Taquimilán,58084050,0.6
2014,Neuquén,58,Pehuenches,58091,Buta Ranquil,58091020,3.05
2014,Neuquén,58,Picún Leufú,58098,Picún Leufú,58098020,22.04
2014,Neuquén,58,Picunches,58105,Bajada del Agrio,58105010,1.2
2014,Río Negro,62,Adolfo Alsina,62007,Guardia Mitre,62007040,1.57
2014,Río Negro,62,Adolfo Alsina,62007,San Javier,62007080,88.19
2014,Río Negro,62,Adolfo Alsina,62007,Viedma,62007090,27.82
2014,Río Negro,62,Adolfo Alsina,62007,Cubanea,62007A03,2
2014,Río Negro,62,Avellaneda,62014,Chimpay,62014030,0.69
2014,Río Negro,62,Avellaneda,62014,Choele Choel,62014040,12.2
2014,Río Negro,62,Avellaneda,62014,Darwin,62014060,35.53
2014,Río Negro,62,Avellaneda,62014,Lamarque,62014070,2.25
2014,Río Negro,62,Avellaneda,62014,Luis Beltrán,62014080,88.75
2014,Río Negro,62,Avellaneda,62014,Pomona,62014090,24.06
2014,Río Negro,62,Bariloche,62021,El Bolsón,62021030,0.15
2014,Río Negro,62,Conesa,62028,Barrio Colonia Conesa,62028010,6
2014,Río Negro,62,Conesa,62028,Barrio Colonia Conesa,62028010,2.62
2014,Río Negro,62,Conesa,62028,General Conesa,62028020,15.82
2014,Río Negro,62,Conesa,62028,Colonia San Juan,62028A02,13.37
2014,Río Negro,62,El Cuy,62035,El Cuy,62035030,28.8
2014,Río Negro,62,El Cuy,62035,Valle Azul,62035080,31.1
2014,Río Negro,62,General Roca,62042,Allen,62042010,200.17
2014,Río Negro,62,General Roca,62042,Barda del Medio,62042030,15.3
2014,Río Negro,62,General Roca,62042,Barrio Guerrico,62042160,10.61
2014,Río Negro,62,General Roca,62042,Barrio Pinar,62042297,27
2014,Río Negro,62,General Roca,62042,Catriel,62042360,1.5
2014,Río Negro,62,General Roca,62042,Catriel,62042360,4.51
2014,Río Negro,62,General Roca,62042,Cervantes,62042370,73.08
2014,Río Negro,62,General Roca,62042,Chichinales,62042380,10.05
2014,Río Negro,62,General Roca,62042,Cinco Saltos,62042390,7.15
2014,Río Negro,62,General Roca,62042,Cipolletti,62042400,74.34
2014,Río Negro,62,General Roca,62042,Contralmirante Cordero,62042410,3
2014,Río Negro,62,General Roca,62042,Ferri,62042420,4.62
2014,Río Negro,62,General Roca,62042,General Enrique Godoy,62042430,22.16
2014,Río Negro,62,General Roca,62042,General Fernández Oro,62042440,41.95
2014,Río Negro,62,General Roca,62042,General Roca,62042450,0.88
2014,Río Negro,62,General Roca,62042,General Roca,62042450,25.1
2014,Río Negro,62,General Roca,62042,General Roca,62042450,153.63
2014,Río Negro,62,General Roca,62042,Ingeniero Luis A. Huergo,62042460,130.94
2014,Río Negro,62,General Roca,62042,Mainqué,62042480,403.27
2014,Río Negro,62,General Roca,62042,Villa Manzano,62042550,23.58
2014,Río Negro,62,General Roca,62042,Villa Regina,62042560,3.2
2014,Río Negro,62,Pichi Mahuida,62063,Río Colorado,62063020,57.3
2014,Salta,66,Cachi,66014,Cachi,66014010,17.12
2014,Salta,66,Cachi,66014,Payogasta,66014020,60.12
2014,Salta,66,Cachi,66014,La Paya,66014A07,0.38
2014,Salta,66,Cafayate,66021,Cafayate,66021010,66.27
2014,Salta,66,Cafayate,66021,Cafayate,66021010,76.22
2014,Salta,66,Cafayate,66021,Cafayate,66021010,1869.21
2014,Salta,66,Cafayate,66021,Tolombón,66021020,246.52
2014,Salta,66,Cafayate,66021,Chuscha,66021A01,2.35
2014,Salta,66,Cafayate,66021,Las Conchas,66021A04,11.4
2014,Salta,66,Cafayate,66021,Yacochuya Norte,66021A05,45.75
2014,Salta,66,La Viña,66098,Las Curtiembres,66098A08,5.03
2014,Salta,66,Molinos,66119,Molinos,66119020,45.67
2014,Salta,66,Molinos,66119,Seclantás,66119030,5.06
2014,Salta,66,Molinos,66119,Colomé,66119A06,70.7
2014,Salta,66,Molinos,66119,Luracatao,66119A10,3.7
2014,Salta,66,San Carlos,66154,Angastaco,66154010,96.96
2014,Salta,66,San Carlos,66154,Animaná,66154020,353.78
2014,Salta,66,San Carlos,66154,El Barrial,66154030,0.43
2014,Salta,66,San Carlos,66154,San Carlos,66154040,35.07
2014,Salta,66,San Carlos,66154,Corralito,66154A01,25.93
2014,Salta,66,San Carlos,66154,Payogastilla,66154A17,1.64
2014,Salta,66,San Carlos,66154,Santa Rosa,66154A26,11.36
2014,San Juan,70,Albardón,70007,El Rincón,70007010,112.98
2014,San Juan,70,Albardón,70007,El Rincón,70007010,944.76
2014,San Juan,70,Albardón,70007,Villa General San Martín - Campo Afuera,70007020,178.04
2014,San Juan,70,Albardón,70007,Villa General San Martín - Campo Afuera,70007020,34.12
2014,San Juan,70,Albardón,70007,Villa General San Martín - Campo Afuera,70007020,3.95
2014,San Juan,70,Albardón,70007,Villa General San Martín - Campo Afuera,70007020,98.75
2014,San Juan,70,Albardón,70007,Villa General San Martín - Campo Afuera,70007020,146.47
2014,San Juan,70,Albardón,70007,Villa General San Martín - Campo Afuera,70007020,13.97
2014,San Juan,70,Albardón,70007,Baños La Laja,70007A02,7.59
2014,San Juan,70,Albardón,70007,Baños La Laja,70007A02,1.63
2014,San Juan,70,Albardón,70007,El Salado,70007A03,67.16
2014,San Juan,70,Albardón,70007,Las Tapias,70007A04,141.47
2014,San Juan,70,Albardón,70007,Las Tapias,70007A04,13.1
2014,San Juan,70,Angaco,70014,Las Tapias,70014010,21.6
2014,San Juan,70,Angaco,70014,Las Tapias,70014010,324
2014,San Juan,70,Angaco,70014,Villa El Salvador,70014020,568.27
2014,San Juan,70,Angaco,70014,Villa El Salvador,70014020,101.55
2014,San Juan,70,Angaco,70014,Villa Sefair,70014020,272.84
2014,San Juan,70,Angaco,70014,Villa El Salvador,70014020,127.71
2014,San Juan,70,Angaco,70014,El Alamito,70014A01,56.92
2014,San Juan,70,Angaco,70014,El Bosque,70014A02,370.36
2014,San Juan,70,Angaco,70014,Punta del Monte,70014A05,407.89
2014,San Juan,70,Calingasta,70021,Barreal - Villa Pituil,70021010,23.12
2014,San Juan,70,Calingasta,70021,Calingasta,70021020,3.37
2014,San Juan,70,Calingasta,70021,Tamberías,70021030,68.75
2014,San Juan,70,Calingasta,70021,Hilario,70021A10,11.87
2014,San Juan,70,Calingasta,70021,Puchuzún,70021A28,1
2014,San Juan,70,Calingasta,70021,Sorocayense,70021A30,3.36
2014,San Juan,70,Calingasta,70021,Villa Corral,70021A31,12.34
2014,San Juan,70,Capital,70028,San Juan,70028010,1.53
2014,San Juan,70,Capital,70028,San Juan,70028010,2.01
2014,San Juan,70,Caucete,70035,Caucete,70035020,37.36
2014,San Juan,70,Caucete,70035,Caucete,70035020,13.89
2014,San Juan,70,Caucete,70035,Caucete,70035020,3.65
2014,San Juan,70,Caucete,70035,Caucete,70035020,0.63
2014,San Juan,70,Caucete,70035,Caucete,70035020,0.44
2014,San Juan,70,Caucete,70035,Caucete,70035020,2837.13
2014,San Juan,70,Caucete,70035,Caucete,70035020,0.2
2014,San Juan,70,Caucete,70035,Caucete,70035020,0.41
2014,San Juan,70,Caucete,70035,El Rincón,70035030,752.61
2014,San Juan,70,Caucete,70035,Las Talas - Los Médanos,70035040,309.84
2014,San Juan,70,Caucete,70035,Marayes,70035050,2.45
2014,San Juan,70,Caucete,70035,Pie de Palo,70035060,131.11
2014,San Juan,70,Caucete,70035,Villa Independencia,70035080,519.72
2014,San Juan,70,Caucete,70035,La Puntilla,70035A02,1158.95
2014,San Juan,70,Caucete,70035,Pozo de los Algarrobos,70035A07,1848.3
2014,San Juan,70,Chimbas,70042,Chimbas,70042010,220.1
2014,San Juan,70,Chimbas,70042,Chimbas,70042010,652.84
2014,San Juan,70,Chimbas,70042,Chimbas,70042010,11.73
2014,San Juan,70,Chimbas,70042,Chimbas,70042010,1.22
2014,San Juan,70,Iglesia,70049,Angualasto,70049010,8.61
2014,San Juan,70,Iglesia,70049,Iglesia,70049030,90.1
2014,San Juan,70,Iglesia,70049,Iglesia,70049030,4.5
2014,San Juan,70,Iglesia,70049,Las Flores,70049040,12.2
2014,San Juan,70,Jáchal,70056,Pampa Vieja,70056060,7.87
2014,San Juan,70,Jáchal,70056,San Roque,70056A24,24.54
2014,San Juan,70,9 de Julio,70063,Alto de Sierra,70063010,59.06
2014,San Juan,70,9 de Julio,70063,Las Chacritas,70063030,845.6
2014,San Juan,70,9 de Julio,70063,Las Chacritas,70063030,6.73
2014,San Juan,70,9 de Julio,70063,Las Chacritas,70063030,44.63
2014,San Juan,70,9 de Julio,70063,9 de Julio,70063040,2198.09
2014,San Juan,70,9 de Julio,70063,La Majadita,70063A00,338.77
2014,San Juan,70,9 de Julio,70063,Rincón Cercado,70063A02,145.4
2014,San Juan,70,Pocito,70070,Carpintería,70070020,2165.34
2014,San Juan,70,Pocito,70070,Las Piedritas,70070025,3.42
2014,San Juan,70,Pocito,70070,Las Piedritas,70070025,10
2014,San Juan,70,Pocito,70070,Quinto Cuartel,70070030,129.49
2014,San Juan,70,Pocito,70070,Villa Aberastain,70070040,784.45
2014,San Juan,70,Pocito,70070,La Rinconada,70070040,693.86
2014,San Juan,70,Pocito,70070,Villa Aberastain,70070040,19.21
2014,San Juan,70,Pocito,70070,Villa Aberastain,70070040,186.93
2014,San Juan,70,Pocito,70070,Villa Nacusi,70070050,2
2014,San Juan,70,Pocito,70070,Villa Nacusi,70070050,56.99
2014,San Juan,70,Pocito,70070,Villa Nacusi,70070050,8.01
2014,San Juan,70,Rawson,70077,Rawson,70077010,40
2014,San Juan,70,Rawson,70077,Rawson,70077010,36.64
2014,San Juan,70,Rawson,70077,El Medanito,70077010,216.84
2014,San Juan,70,Rawson,70077,Rawson,70077010,830.02
2014,San Juan,70,Rawson,70077,Rawson,70077010,6.97
2014,San Juan,70,Rawson,70077,Colonia Médano de Oro,70077A00,563.65
2014,San Juan,70,Rawson,70077,Colonia Rodas,70077A02,250.26
2014,San Juan,70,Rawson,70077,Colonia Rodas,70077A02,84.63
2014,San Juan,70,Rivadavia,70084,Rivadavia,70084010,117.15
2014,San Juan,70,Rivadavia,70084,Rivadavia,70084010,128.06
2014,San Juan,70,Rivadavia,70084,Rivadavia,70084010,187.99
2014,San Juan,70,San Martín,70091,Dos Acequias,70091020,910.4
2014,San Juan,70,San Martín,70091,San Isidro,70091030,737.96
2014,San Juan,70,San Martín,70091,Villa Dominguito,70091050,21.2
2014,San Juan,70,San Martín,70091,Villa San Martín,70091070,1058.72
2014,San Juan,70,San Martín,70091,Villa San Martín,70091070,6.53
2014,San Juan,70,San Martín,70091,Coll,70091A00,8.76
2014,San Juan,70,San Martín,70091,Los Compartos,70091A01,69.9
2014,San Juan,70,San Martín,70091,Los Compartos,70091A01,890.53
2014,San Juan,70,San Martín,70091,Los Compartos,70091A01,145.05
2014,San Juan,70,San Martín,70091,Villa Lugano,70091A02,34.4
2014,San Juan,70,San Martín,70091,Villa Lugano,70091A02,31.57
2014,San Juan,70,Santa Lucía,70098,Santa Lucía,70098010,80.27
2014,San Juan,70,Santa Lucía,70098,Santa Lucía,70098010,417.33
2014,San Juan,70,Santa Lucía,70098,Santa Lucía,70098010,49.41
2014,San Juan,70,Santa Lucía,70098,Santa Lucía,70098010,55.25
2014,San Juan,70,Santa Lucía,70098,Santa Lucía,70098010,52.86
2014,San Juan,70,Santa Lucía,70098,Colonia Gutiérrez,70098010,81.05
2014,San Juan,70,Santa Lucía,70098,Colonia Gutiérrez,70098010,24.03
2014,San Juan,70,Santa Lucía,70098,Colonia Gutiérrez,70098010,447.36
2014,San Juan,70,Sarmiento,70105,Cañada Honda,70105010,655.31
2014,San Juan,70,Sarmiento,70105,Colonia Fiscal,70105030,914.71
2014,San Juan,70,Sarmiento,70105,Guanacache,70105050,314
2014,San Juan,70,Sarmiento,70105,Las Lagunas,70105060,571.37
2014,San Juan,70,Sarmiento,70105,Los Berros,70105070,59.44
2014,San Juan,70,Sarmiento,70105,Los Berros,70105070,4.54
2014,San Juan,70,Sarmiento,70105,Pedernal,70105080,666.07
2014,San Juan,70,Sarmiento,70105,Punta del Médano,70105090,181.68
2014,San Juan,70,Sarmiento,70105,Villa Media Agua,70105100,1356.46
2014,San Juan,70,Sarmiento,70105,Villa Media Agua,70105100,368.12
2014,San Juan,70,Sarmiento,70105,Cochagual,70105A01,2223.75
2014,San Juan,70,Sarmiento,70105,Colonia San Antonio,70105A02,5
2014,San Juan,70,Sarmiento,70105,San Carlos,70105A07,100.69
2014,San Juan,70,Sarmiento,70105,Tres Esquinas,70105A08,391.88
2014,San Juan,70,Ullum,70112,Villa Ibáñez,70112010,29.64
2014,San Juan,70,Ullum,70112,Villa Ibáñez,70112010,1668.67
2014,San Juan,70,Ullum,70112,La Banderita,70112A04,13.25
2014,San Juan,70,25 de Mayo,70126,Tupelí,70126020,108.52
2014,San Juan,70,25 de Mayo,70126,Tupelí,70126020,506.13
2014,San Juan,70,25 de Mayo,70126,Villa Borjas - La Chimbera,70126030,1556.13
2014,San Juan,70,25 de Mayo,70126,Villa Santa Rosa,70126050,117.94
2014,San Juan,70,25 de Mayo,70126,Villa Santa Rosa,70126050,30
2014,San Juan,70,25 de Mayo,70126,Villa Santa Rosa,70126050,555.08
2014,San Juan,70,25 de Mayo,70126,Villa Santa Rosa,70126050,2002.09
2014,San Juan,70,25 de Mayo,70126,Villa Santa Rosa,70126050,1637.02
2014,San Juan,70,25 de Mayo,70126,Cuatro Esquinas,70126A04,17.17
2014,San Juan,70,25 de Mayo,70126,Las Casuarinas,70126A06,2189.25
2014,San Juan,70,25 de Mayo,70126,Punta del Médano,70126A09,104.17
2014,San Juan,70,Zonda,70133,Villa Basilio Nievas,70133010,322.21
2014,San Juan,70,Zonda,70133,Villa Basilio Nievas,70133010,16.9
2014,San Juan,70,Zonda,70133,Villa Basilio Nievas,70133010,912.17
2014,San Juan,70,Zonda,70133,Villa Basilio Nievas,70133010,251.33
2014,San Luis,74,Ayacucho,74007,Candelaria,74007010,8.3
2014,San Luis,74,Junín,74049,Merlo,74049060,1.33
2014,San Luis,74,Junín,74049,Santa Rosa del Conlara,74049070,26.1
2014,San Luis,74,Juan Martín de Pueyrredón,74056,Beazley,74056040,56.04
2014,San Luis,74,Juan Martín de Pueyrredón,74056,San Luis,74056150,4.88
2014,Santiago del Estero,86,Capital,86049,Vuelta de la Barranca,86049120,8.8
2014,Tucumán,90,Tafí del Valle,90098,Amaicha del Valle,90098010,9
2014,Tucumán,90,Tafí del Valle,90098,Colalao del Valle,90098020,45.42
2014,Tucumán,90,Tafí del Valle,90098,El Bañado,90098A12,7.59
2014,Tucumán,90,Tafí del Valle,90098,El Paso,90098A18,25.51
2014,Tucumán,90,Tafí del Valle,90098,Los Zazos,90098A40,1.41
2014,Tucumán,90,Tafí del Valle,90098,Quilmes,90098A48,0.31
2014,Tucumán,90,Trancas,90112,Villa de Trancas,90112030,4.55
2014,NULL,NULL,NULL,NULL,NULL,NULL,0.3
2015,Buenos Aires,06,Avellaneda,06035,Sarandí,06035010,1.03
2015,Buenos Aires,06,Avellaneda,06035,Villa Domínico,06035010,2.74
2015,Buenos Aires,06,Balcarce,06063,Balcarce,06063010,3.51
2015,Buenos Aires,06,Benito Juárez,06084,Barker,06084010,0.25
2015,Buenos Aires,06,Berisso,06098,Los Talas,06098010,0.07
2015,Buenos Aires,06,Berisso,06098,Berisso,06098010,19
2015,Buenos Aires,06,Berisso,06098,Isla Paulino,06098A02,0.44
2015,Buenos Aires,06,Cañuelas,06134,Uribelarrea,06134070,0.63
2015,Buenos Aires,06,Coronel Dorrego,06189,Coronel Dorrego,06189030,0.02
2015,Buenos Aires,06,Coronel Pringles,06196,Coronel Pringles,06196010,2.29
2015,Buenos Aires,06,Coronel Suárez,06203,Coronel Suárez,06203020,3.47
2015,Buenos Aires,06,Coronel Suárez,06203,Villa La Arcadia,06203100,16
2015,Buenos Aires,06,General Pueyrredón,06357,Chapadmalal,06357080,10.55
2015,Buenos Aires,06,La Costa,06420,Mar del Tuyú,06420040,0.2
2015,Buenos Aires,06,Saavedra,06700,Pigüé,06700060,18
2015,Buenos Aires,06,Tandil,06791,María Ignacia,06791040,5.7
2015,Buenos Aires,06,Tandil,06791,Tandil,06791050,0.57
2015,Buenos Aires,06,Tandil,06791,Tandil,06791050,0.59
2015,Buenos Aires,06,Tornquist,06819,Saldungaray,06819020,9.09
2015,Buenos Aires,06,Tornquist,06819,Villa Ventana,06819070,3
2015,Buenos Aires,06,Villa Gesell,06868,Villa Gesell,06868020,0.38
2015,Buenos Aires,06,Villarino,06875,Médanos,06875060,24.52
2015,Catamarca,10,Andalgalá,10021,Andalgalá,10021020,2.31
2015,Catamarca,10,Andalgalá,10021,Andalgalá,10021020,3.22
2015,Catamarca,10,Belén,10035,Belén,10035020,7.63
2015,Catamarca,10,Belén,10035,Corral Quemado,10035040,3.3
2015,Catamarca,10,Belén,10035,Hualfín,10035070,132.05
2015,Catamarca,10,Belén,10035,Jacipunco,10035080,1.94
2015,Catamarca,10,Belén,10035,Los Nacimientos,10035120,2.4
2015,Catamarca,10,Belén,10035,Puerta de Corral Quemado,10035130,22.4
2015,Catamarca,10,Belén,10035,San Fernando,10035A42,3.25
2015,Catamarca,10,Capayán,10042,Chumbicha,10042040,5.9
2015,Catamarca,10,Capayán,10042,Colonia Nueva Coneta,10042060,2.84
2015,Catamarca,10,Pomán,10084,San Miguel,10084090,10.4
2015,Catamarca,10,Pomán,10084,Saujil,10084100,0.4
2015,Catamarca,10,Pomán,10084,Siján,10084110,16.93
2015,Catamarca,10,Santa María,10091,Andalhualá,10091010,12.79
2015,Catamarca,10,Santa María,10091,Chañar Punco,10091030,352.02
2015,Catamarca,10,Santa María,10091,Lampacito,10091030,18.62
2015,Catamarca,10,Santa María,10091,Lampacito,10091030,39.72
2015,Catamarca,10,Santa María,10091,Famatanca,10091070,5.63
2015,Catamarca,10,Santa María,10091,Fuerte Quemado,10091080,65.27
2015,Catamarca,10,Santa María,10091,La Loma,10091100,2.28
2015,Catamarca,10,Santa María,10091,Las Mojarras,10091110,21.85
2015,Catamarca,10,Santa María,10091,El Cerrito,10091110,2.48
2015,Catamarca,10,Santa María,10091,Loro Huasi,10091120,1.48
2015,Catamarca,10,Santa María,10091,Punta de Balasto,10091130,7.25
2015,Catamarca,10,Santa María,10091,Palo Seco,10091140,0.4
2015,Catamarca,10,Santa María,10091,San José,10091140,20.94
2015,Catamarca,10,Santa María,10091,Casa de Piedra,10091140,0.16
2015,Catamarca,10,Santa María,10091,Santa María,10091150,44.22
2015,Catamarca,10,Santa María,10091,Santa María,10091150,108.74
2015,Catamarca,10,Santa María,10091,Yapes,10091160,2.62
2015,Catamarca,10,Santa María,10091,Entre Ríos,10091A08,0.41
2015,Catamarca,10,Santa Rosa,10098,Los Altos,10098050,1.35
2015,Catamarca,10,Tinogasta,10105,Anillaco,10105010,35.74
2015,Catamarca,10,Tinogasta,10105,Copacabana,10105050,255.51
2015,Catamarca,10,Tinogasta,10105,El Puesto,10105090,76.64
2015,Catamarca,10,Tinogasta,10105,El Salado,10105100,3.05
2015,Catamarca,10,Tinogasta,10105,Fiambalá,10105110,383.94
2015,Catamarca,10,Tinogasta,10105,Medanitos,10105130,224.77
2015,Catamarca,10,Tinogasta,10105,Palo Blanco,10105140,20.17
2015,Catamarca,10,Tinogasta,10105,Saujil,10105160,22.42
2015,Catamarca,10,Tinogasta,10105,Tinogasta,10105180,299.24
2015,Catamarca,10,Tinogasta,10105,Tinogasta,10105180,7.75
2015,Catamarca,10,Tinogasta,10105,Tinogasta,10105180,107.67
2015,Catamarca,10,Tinogasta,10105,Tinogasta,10105180,45.45
2015,Catamarca,10,Tinogasta,10105,San José Norte,10105A27,272.91
2015,Córdoba,14,Calamuchita,14007,Villa Ciudad Parque Los Reartes,14007270,9.43
2015,Córdoba,14,Calamuchita,14007,Villa General Belgrano,14007310,0.87
2015,Córdoba,14,Calamuchita,14007,Atos Pampa,14007A01,8.2
2015,Córdoba,14,Colón,14021,Colonia Caroya,14021050,128.56
2015,Córdoba,14,Colón,14021,Colonia Vicente Agüero,14021070,16.75
2015,Córdoba,14,Colón,14021,Santa Teresa,14021A20,5.3
2015,Córdoba,14,Cruz del Eje,14028,Cruz del Eje,14028050,13
2015,Córdoba,14,Cruz del Eje,14028,Guanaco Muerto,14028080,2
2015,Córdoba,14,Cruz del Eje,14028,Las Playas,14028130,3.6
2015,Córdoba,14,Cruz del Eje,14028,San Marcos Sierra,14028170,1.09
2015,Córdoba,14,Ischilín,14049,Quilino,14049100,36.74
2015,Córdoba,14,Ischilín,14049,Ischilín,14049A07,9.06
2015,Córdoba,14,Punilla,14091,Huerta Grande,14091100,0.68
2015,Córdoba,14,San Alberto,14126,Las Calles,14126050,4.57
2015,Córdoba,14,San Javier,14133,La Población,14133070,1.2
2015,Córdoba,14,San Javier,14133,Las Chacras,14133095,1.2
2015,Córdoba,14,San Javier,14133,Las Tapias,14133100,1.71
2015,Córdoba,14,San Javier,14133,San Javier y Yacanto,14133170,2.33
2015,Córdoba,14,San Javier,14133,San Javier y Yacanto,14133170,1.6
2015,Córdoba,14,San Javier,14133,San José,14133180,15
2015,Córdoba,14,San Javier,14133,Villa de las Rosas,14133190,1
2015,Córdoba,14,San Javier,14133,Rodeo de Piedra,14133A19,0.03
2015,Córdoba,14,Santa María,14147,Potrero de Garay,14147230,9.15
2015,Córdoba,14,Tulumba,14175,San Pedro Norte,14175100,4.42
2015,Córdoba,14,Tulumba,14175,Isla de San Antonio,14175A13,0.59
2015,Córdoba,14,Tulumba,14175,Santa Cruz,14175A37,0.31
2015,Chubut,26,Cushamen,26014,Cushamen Centro,26014030,20
2015,Chubut,26,Cushamen,26014,El Hoyo,26014040,0.9
2015,Chubut,26,Futaleufú,26035,Trevelín,26035060,4.23
2015,Chubut,26,Languiñeo,26056,Paso del Sapo,26056040,0.12
2015,Chubut,26,Sarmiento,26091,Sarmiento,26091020,11.5
2015,Entre Ríos,30,Colón,30008,Colón,30008020,4.38
2015,Entre Ríos,30,Colón,30008,San José,30008090,0.45
2015,Entre Ríos,30,Concordia,30015,Calabacilla,30015010,2.84
2015,Entre Ríos,30,Concordia,30015,Concordia,30015060,5.5
2015,Entre Ríos,30,Concordia,30015,Estación Yeruá,30015080,6.08
2015,Entre Ríos,30,Diamante,30021,Colonia Ensayo,30021070,5.95
2015,Entre Ríos,30,Diamante,30021,Estación Puiggari,30021150,2
2015,Entre Ríos,30,Gualeguaychú,30056,Gualeguaychú,30056070,1
2015,Entre Ríos,30,Nogoyá,30077,Lucas González,30077060,0.25
2015,Entre Ríos,30,Paraná,30084,Crespo,30084070,0.3
2015,Entre Ríos,30,Paraná,30084,Paraná,30084160,3.64
2015,Entre Ríos,30,Paraná,30084,Colonia Rivadavia,30084A20,0.75
2015,Entre Ríos,30,Uruguay,30098,Concepción del Uruguay,30098040,0.25
2015,Entre Ríos,30,Victoria,30105,Victoria,30105060,1.25
2015,Entre Ríos,30,Victoria,30105,Laguna del Pescado,30105A11,5.49
2015,Jujuy,38,El Carmen,38014,Monterrico,38014070,3.09
2015,Jujuy,38,Humahuaca,38028,Uquía,38028060,4.98
2015,Jujuy,38,Tilcara,38094,Huacalera,38094020,5.21
2015,Jujuy,38,Tilcara,38094,Maimará,38094040,3.28
2015,Jujuy,38,Tilcara,38094,Tilcara,38094050,0.48
2015,Jujuy,38,Tumbaya,38098,Purmamarca,38098030,0.39
2015,La Pampa,42,Curacó,42042,Gobernador Duval,42042010,3.6
2015,La Pampa,42,Puelén,42112,Puelén,42112010,29
2015,La Pampa,42,Puelén,42112,25 de Mayo,42112020,210.87
2015,La Rioja,46,Castro Barros,46021,Aminga,46021010,170.96
2015,La Rioja,46,Castro Barros,46021,Anillaco,46021020,57.02
2015,La Rioja,46,Castro Barros,46021,San Pedro,46021070,2.49
2015,La Rioja,46,General Felipe Varela,46028,Santa Clara,46028020,28.55
2015,La Rioja,46,General Felipe Varela,46028,Guandacol,46028020,175.98
2015,La Rioja,46,General Felipe Varela,46028,Los Palacios,46028030,122.34
2015,La Rioja,46,General Felipe Varela,46028,Pagancillo,46028040,27.62
2015,La Rioja,46,General Felipe Varela,46028,Banda Florida,46028050,35.49
2015,La Rioja,46,General Felipe Varela,46028,Villa Unión,46028050,232.03
2015,La Rioja,46,General Felipe Varela,46028,Paso San Isidro,46028A14,4.19
2015,La Rioja,46,General Felipe Varela,46028,Paso San Isidro,46028A14,6.03
2015,La Rioja,46,Chilecito,46042,San Miguel,46042010,3.98
2015,La Rioja,46,Chilecito,46042,Chilecito,46042010,11.6
2015,La Rioja,46,Chilecito,46042,La Puntilla,46042010,0.13
2015,La Rioja,46,Chilecito,46042,Los Sarmientos,46042010,2.17
2015,La Rioja,46,Chilecito,46042,Anguinán,46042010,1171.58
2015,La Rioja,46,Chilecito,46042,Colonia Catinzaco,46042030,73.29
2015,La Rioja,46,Chilecito,46042,Guanchín,46042060,12
2015,La Rioja,46,Chilecito,46042,Malligasta,46042070,1417.29
2015,La Rioja,46,Chilecito,46042,Miranda,46042080,2.23
2015,La Rioja,46,Chilecito,46042,Nonogasta,46042090,1066.61
2015,La Rioja,46,Chilecito,46042,San Nicolás,46042100,41.27
2015,La Rioja,46,Chilecito,46042,Sañogasta,46042120,41.44
2015,La Rioja,46,Chilecito,46042,Tilimuqui,46042130,854.59
2015,La Rioja,46,Chilecito,46042,Vichigasta,46042140,1375.65
2015,La Rioja,46,Famatina,46049,Angulos,46049020,44.67
2015,La Rioja,46,Famatina,46049,Bajo Carrizal,46049040,0.08
2015,La Rioja,46,Famatina,46049,Campanas,46049050,1.7
2015,La Rioja,46,Famatina,46049,Chañarmuyo,46049060,91.33
2015,La Rioja,46,Famatina,46049,Famatina,46049070,1.48
2015,La Rioja,46,Famatina,46049,Famatina,46049070,85.08
2015,La Rioja,46,Famatina,46049,Famatina,46049070,13.07
2015,La Rioja,46,Famatina,46049,Pituil,46049090,83.73
2015,La Rioja,46,Famatina,46049,Plaza Vieja,46049100,32.78
2015,La Rioja,46,General Lamadrid,46077,Villa Castelli,46077010,6.25
2015,La Rioja,46,General Lamadrid,46077,Villa Castelli,46077010,53.41
2015,La Rioja,46,Vinchina,46098,Villa San José de Vinchina,46098020,46.01
2015,La Rioja,46,San Blas de Los Sauces,46119,Las Talas,46119010,0.4
2015,La Rioja,46,San Blas de Los Sauces,46119,Chaupihuasi,46119010,7.67
2015,La Rioja,46,San Blas de Los Sauces,46119,Alpasinche,46119010,22.64
2015,La Rioja,46,San Blas de Los Sauces,46119,Los Robles,46119010,0.15
2015,La Rioja,46,San Blas de Los Sauces,46119,San Blas,46119010,10.2
2015,La Rioja,46,Sanagasta,46126,Villa Sanagasta,46126010,11.85
2015,Mendoza,50,General Alvear,50014,Bowen,50014010,1423.36
2015,Mendoza,50,General Alvear,50014,Bowen,50014010,38.61
2015,Mendoza,50,General Alvear,50014,Carmensa,50014020,313.48
2015,Mendoza,50,General Alvear,50014,Carmensa,50014020,8.15
2015,Mendoza,50,General Alvear,50014,General Alvear,50014030,393
2015,Mendoza,50,General Alvear,50014,General Alvear,50014030,243.26
2015,Mendoza,50,General Alvear,50014,General Alvear,50014030,295.7
2015,Mendoza,50,General Alvear,50014,General Alvear,50014030,116.4
2015,Mendoza,50,General Alvear,50014,General Alvear,50014030,36.85
2015,Mendoza,50,General Alvear,50014,Los Compartos,50014040,515.73
2015,Mendoza,50,General Alvear,50014,Colonia San Pedro del Atuel,50014A04,24.7
2015,Mendoza,50,General Alvear,50014,El Ceibo,50014A08,110.27
2015,Mendoza,50,General Alvear,50014,El Ceibo,50014A08,12.72
2015,Mendoza,50,General Alvear,50014,La California,50014A12,55.42
2015,Mendoza,50,General Alvear,50014,La Escandinava,50014A14,203.73
2015,Mendoza,50,General Alvear,50014,La Marsolina,50014A16,5.85
2015,Mendoza,50,General Alvear,50014,La Marsolina,50014A16,415.23
2015,Mendoza,50,General Alvear,50014,La Montilla,50014A17,1.5
2015,Mendoza,50,General Alvear,50014,Los Campamentos,50014A19,74.99
2015,Mendoza,50,General Alvear,50014,Poste de Fierro,50014A24,118.9
2015,Mendoza,50,Godoy Cruz,50021,Las Tortugas,50021010,0.61
2015,Mendoza,50,Godoy Cruz,50021,Gobernador Benegas,50021010,0.68
2015,Mendoza,50,Guaymallén,50028,Colonia Segovia,50028010,111.36
2015,Mendoza,50,Guaymallén,50028,Dorrego,50028020,22.73
2015,Mendoza,50,Guaymallén,50028,San Francisco del Monte,50028020,3
2015,Mendoza,50,Guaymallén,50028,Buena Nueva,50028020,43.63
2015,Mendoza,50,Guaymallén,50028,Rodeo de la Cruz,50028020,60.99
2015,Mendoza,50,Guaymallén,50028,El Sauce,50028020,116.45
2015,Mendoza,50,Guaymallén,50028,Bermejo,50028020,68.46
2015,Mendoza,50,Guaymallén,50028,Villa Nueva,50028020,63.55
2015,Mendoza,50,Guaymallén,50028,San José,50028020,2
2015,Mendoza,50,Guaymallén,50028,La Primavera,50028030,25.86
2015,Mendoza,50,Guaymallén,50028,La Primavera,50028030,39.35
2015,Mendoza,50,Guaymallén,50028,La Primavera,50028030,7.2
2015,Mendoza,50,Guaymallén,50028,Los Corralitos,50028040,131.39
2015,Mendoza,50,Junín,50035,Ingeniero Giagnoni,50035010,37.99
2015,Mendoza,50,Junín,50035,Junín,50035020,12.41
2015,Mendoza,50,Junín,50035,Junín,50035020,18.72
2015,Mendoza,50,Junín,50035,Junín,50035020,111.02
2015,Mendoza,50,Junín,50035,Junín,50035020,1135.06
2015,Mendoza,50,Junín,50035,La Colonia,50035030,844.06
2015,Mendoza,50,Junín,50035,Los Barriales,50035040,29.4
2015,Mendoza,50,Junín,50035,Los Barriales,50035040,1613.82
2015,Mendoza,50,Junín,50035,Los Barriales,50035040,5.28
2015,Mendoza,50,Junín,50035,Medrano,50035050,23.97
2015,Mendoza,50,Junín,50035,Medrano,50035050,58.88
2015,Mendoza,50,Junín,50035,Medrano,50035050,1827.24
2015,Mendoza,50,Junín,50035,Phillips,50035060,2274.96
2015,Mendoza,50,Junín,50035,Phillips,50035060,9.39
2015,Mendoza,50,Junín,50035,Rodríguez Peña,50035070,1189.95
2015,Mendoza,50,Junín,50035,Algarrobo Grande,50035A00,60.61
2015,Mendoza,50,Junín,50035,Algarrobo Grande,50035A00,1817.86
2015,Mendoza,50,Junín,50035,Algarrobo Grande,50035A00,116.49
2015,Mendoza,50,Junín,50035,Alto Verde,50035A01,231.91
2015,Mendoza,50,Junín,50035,Alto Verde,50035A01,780.18
2015,Mendoza,50,Junín,50035,Tres Esquinas,50035A02,7.16
2015,Mendoza,50,La Paz,50042,La Paz,50042020,63.6
2015,Mendoza,50,La Paz,50042,La Paz,50042020,159.63
2015,Mendoza,50,La Paz,50042,Villa Antigua,50042030,65.93
2015,Mendoza,50,La Paz,50042,Las Chacritas,50042A07,26.34
2015,Mendoza,50,Las Heras,50049,Jocolí,50049030,136.9
2015,Mendoza,50,Las Heras,50049,El Plumerillo,50049050,77.93
2015,Mendoza,50,Las Heras,50049,Las Heras,50049050,28.53
2015,Mendoza,50,Las Heras,50049,Capdevila,50049050,331.63
2015,Mendoza,50,Las Heras,50049,El Challao,50049050,7.26
2015,Mendoza,50,Las Heras,50049,El Borbollón,50049050,251.11
2015,Mendoza,50,Las Heras,50049,Las Heras,50049050,2.91
2015,Mendoza,50,Las Heras,50049,Panquehuá,50049050,46.59
2015,Mendoza,50,Las Heras,50049,Las Heras,50049050,13.6
2015,Mendoza,50,Las Heras,50049,El Algarrobal,50049050,456.95
2015,Mendoza,50,Las Heras,50049,Polvaredas,50049080,6
2015,Mendoza,50,Las Heras,50049,Uspallata,50049110,4
2015,Mendoza,50,Las Heras,50049,El Pastal,50049A04,229.69
2015,Mendoza,50,Las Heras,50049,El Pastal,50049A04,10
2015,Mendoza,50,Lavalle,50056,Barrio Alto del Olvido,50056010,23.52
2015,Mendoza,50,Lavalle,50056,Barrio La Palmera,50056030,432.41
2015,Mendoza,50,Lavalle,50056,Barrio La Pega,50056040,252.78
2015,Mendoza,50,Lavalle,50056,Costa de Araujo,50056080,4436.44
2015,Mendoza,50,Lavalle,50056,Costa de Araujo,50056080,3.12
2015,Mendoza,50,Lavalle,50056,Costa de Araujo,50056080,6.3
2015,Mendoza,50,Lavalle,50056,El Paramillo,50056090,613.97
2015,Mendoza,50,Lavalle,50056,El Vergel,50056100,3
2015,Mendoza,50,Lavalle,50056,El Vergel,50056100,232.84
2015,Mendoza,50,Lavalle,50056,Ingeniero Gustavo André,50056110,2500.85
2015,Mendoza,50,Lavalle,50056,Ingeniero Gustavo André,50056110,23.52
2015,Mendoza,50,Lavalle,50056,Jocolí,50056120,1334.85
2015,Mendoza,50,Lavalle,50056,Jocolí Viejo,50056130,228.27
2015,Mendoza,50,Lavalle,50056,Las Violetas,50056140,56.14
2015,Mendoza,50,Lavalle,50056,3 de Mayo,50056150,1071.66
2015,Mendoza,50,Lavalle,50056,3 de Mayo,50056150,106.49
2015,Mendoza,50,Lavalle,50056,Villa Tulumaya,50056160,26.59
2015,Mendoza,50,Lavalle,50056,Villa Tulumaya,50056160,518.13
2015,Mendoza,50,Lavalle,50056,El Carmen,50056A05,126.79
2015,Mendoza,50,Lavalle,50056,El Chilcal,50056A06,15.92
2015,Mendoza,50,Lavalle,50056,El Chilcal,50056A06,316.55
2015,Mendoza,50,Lavalle,50056,El Plumero,50056A09,17.18
2015,Mendoza,50,Lavalle,50056,El Plumero,50056A09,843.47
2015,Mendoza,50,Lavalle,50056,El Retiro,50056A12,84.9
2015,Mendoza,50,Lavalle,50056,La Asunción,50056A15,107.18
2015,Mendoza,50,Lavalle,50056,La Holanda,50056A17,583.96
2015,Mendoza,50,Lavalle,50056,Resurrección,50056A23,8.19
2015,Mendoza,50,Lavalle,50056,San Francisco,50056A24,259.98
2015,Mendoza,50,Lavalle,50056,San José,50056A26,4
2015,Mendoza,50,Lavalle,50056,San José,50056A26,22.5
2015,Mendoza,50,Luján de Cuyo,50063,Agrelo,50063010,5245.00
2015,Mendoza,50,Luján de Cuyo,50063,El Carrizal,50063050,2942.86
2015,Mendoza,50,Luján de Cuyo,50063,Las Compuertas,50063070,407.72
2015,Mendoza,50,Luján de Cuyo,50063,Chacras de Coria,50063090,114.43
2015,Mendoza,50,Luján de Cuyo,50063,Mayor Drummond,50063090,449.22
2015,Mendoza,50,Luján de Cuyo,50063,La Puntilla,50063090,4.7
2015,Mendoza,50,Luján de Cuyo,50063,Luján de Cuyo,50063090,175.07
2015,Mendoza,50,Luján de Cuyo,50063,Vistalba,50063090,476.44
2015,Mendoza,50,Luján de Cuyo,50063,Carrodilla,50063090,206.26
2015,Mendoza,50,Luján de Cuyo,50063,Perdriel,50063100,2
2015,Mendoza,50,Luján de Cuyo,50063,Perdriel,50063100,1445.21
2015,Mendoza,50,Luján de Cuyo,50063,Ugarteche,50063120,4203.73
2015,Mendoza,50,Luján de Cuyo,50063,Anchoris,50063A01,84.1
2015,Mendoza,50,Luján de Cuyo,50063,Baños Lunlunta,50063A02,27.69
2015,Mendoza,50,Luján de Cuyo,50063,Industrial,50063A03,23.5
2015,Mendoza,50,Maipú,50070,Barrancas,50070010,2886.59
2015,Mendoza,50,Maipú,50070,Barrancas,50070010,3.67
2015,Mendoza,50,Maipú,50070,Barrio Jesús de Nazaret,50070020,24.74
2015,Mendoza,50,Maipú,50070,Cruz de Piedra,50070030,1006.52
2015,Mendoza,50,Maipú,50070,Cruz de Piedra,50070030,625.81
2015,Mendoza,50,Maipú,50070,El Pedregal,50070040,41
2015,Mendoza,50,Maipú,50070,Fray Luis Beltrán,50070050,212.47
2015,Mendoza,50,Maipú,50070,Fray Luis Beltrán,50070050,4422.42
2015,Mendoza,50,Maipú,50070,Fray Luis Beltrán,50070050,218.72
2015,Mendoza,50,Maipú,50070,Maipú,50070060,41.49
2015,Mendoza,50,Maipú,50070,Coquimbito,50070060,397.71
2015,Mendoza,50,Maipú,50070,General Gutiérrez,50070060,54.02
2015,Mendoza,50,Maipú,50070,Rodeo del Medio,50070070,138.67
2015,Mendoza,50,Maipú,50070,Rodeo del Medio,50070070,1023.67
2015,Mendoza,50,Maipú,50070,Rodeo del Medio,50070070,21.8
2015,Mendoza,50,Maipú,50070,Rodeo del Medio,50070070,3.7
2015,Mendoza,50,Maipú,50070,Russell,50070080,583.47
2015,Mendoza,50,Maipú,50070,San Roque,50070090,232.45
2015,Mendoza,50,Maipú,50070,San Roque,50070090,505.62
2015,Mendoza,50,Maipú,50070,El Paraíso,50070A01,170.05
2015,Mendoza,50,Maipú,50070,Los Álamos,50070A02,134.68
2015,Mendoza,50,Rivadavia,50084,Andrade,50084010,1223.62
2015,Mendoza,50,Rivadavia,50084,El Mirador,50084040,109.22
2015,Mendoza,50,Rivadavia,50084,El Mirador,50084040,2281.71
2015,Mendoza,50,Rivadavia,50084,La Central,50084050,3180.33
2015,Mendoza,50,Rivadavia,50084,La Libertad,50084080,1055.99
2015,Mendoza,50,Rivadavia,50084,Los Árboles,50084090,695.41
2015,Mendoza,50,Rivadavia,50084,Los Campamentos,50084100,3980.71
2015,Mendoza,50,Rivadavia,50084,Los Campamentos,50084100,4
2015,Mendoza,50,Rivadavia,50084,Medrano,50084110,702.54
2015,Mendoza,50,Rivadavia,50084,Mundo Nuevo,50084120,142.1
2015,Mendoza,50,Rivadavia,50084,Reducción de Abajo,50084130,957.05
2015,Mendoza,50,Rivadavia,50084,Rivadavia,50084140,918.6
2015,Mendoza,50,Rivadavia,50084,Santa María de Oro,50084150,705.34
2015,Mendoza,50,San Carlos,50091,Barrio El Cepillo,50091010,529.36
2015,Mendoza,50,San Carlos,50091,Chilecito,50091020,396.05
2015,Mendoza,50,San Carlos,50091,Eugenio Bustos,50091030,2321.94
2015,Mendoza,50,San Carlos,50091,La Consulta,50091040,35.89
2015,Mendoza,50,San Carlos,50091,La Consulta,50091040,9
2015,Mendoza,50,San Carlos,50091,La Consulta,50091040,4597.87
2015,Mendoza,50,San Carlos,50091,Pareditas,50091050,205.31
2015,Mendoza,50,San Carlos,50091,San Carlos,50091060,322.87
2015,Mendoza,50,San Carlos,50091,San Carlos,50091060,56.7
2015,Mendoza,50,San Carlos,50091,Casas Viejas,50091A01,53.93
2015,Mendoza,50,San Carlos,50091,El Capacho,50091A03,20.6
2015,Mendoza,50,San Carlos,50091,Tres Esquinas,50091A17,6.56
2015,Mendoza,50,San Martín,50098,Alto Verde,50098020,3170.55
2015,Mendoza,50,San Martín,50098,Chapanay,50098060,5050.34
2015,Mendoza,50,San Martín,50098,Chivilcoy,50098070,629.36
2015,Mendoza,50,San Martín,50098,El Espino,50098073,543.12
2015,Mendoza,50,San Martín,50098,El Ramblón,50098077,1618.85
2015,Mendoza,50,San Martín,50098,El Ramblón,50098077,743.96
2015,Mendoza,50,San Martín,50098,Montecaseros,50098080,6889.82
2015,Mendoza,50,San Martín,50098,Nueva California,50098090,2388.48
2015,Mendoza,50,San Martín,50098,Palmira,50098100,1325.13
2015,Mendoza,50,San Martín,50098,San Martín,50098100,1
2015,Mendoza,50,San Martín,50098,San Martín,50098100,43.82
2015,Mendoza,50,San Martín,50098,San Martín,50098100,615.77
2015,Mendoza,50,San Martín,50098,Tres Porteñas,50098110,1894.25
2015,Mendoza,50,San Martín,50098,Alto Chapanay,50098A00,45.79
2015,Mendoza,50,San Martín,50098,Alto Salvador,50098A01,1502.16
2015,Mendoza,50,San Martín,50098,Buen Orden,50098A03,640.14
2015,Mendoza,50,San Martín,50098,El Central,50098A06,1404.44
2015,Mendoza,50,San Martín,50098,El Divisadero,50098A07,1367.78
2015,Mendoza,50,San Martín,50098,Las Chimbas,50098A09,370.77
2015,Mendoza,50,San Rafael,50105,Barrio Campos El Toledano,50105010,19.89
2015,Mendoza,50,San Rafael,50105,Capitán Montoya,50105050,30.09
2015,Mendoza,50,San Rafael,50105,Cuadro Benegas,50105060,884.85
2015,Mendoza,50,San Rafael,50105,El Tropezón,50105090,12.56
2015,Mendoza,50,San Rafael,50105,Goudge,50105100,1211.95
2015,Mendoza,50,San Rafael,50105,Jaime Prats,50105110,0.72
2015,Mendoza,50,San Rafael,50105,Jaime Prats,50105110,690.24
2015,Mendoza,50,San Rafael,50105,La Llave Nueva,50105120,430.12
2015,Mendoza,50,San Rafael,50105,La Llave Nueva,50105120,78.79
2015,Mendoza,50,San Rafael,50105,Las Malvinas,50105130,23.06
2015,Mendoza,50,San Rafael,50105,Monte Comán,50105150,178.25
2015,Mendoza,50,San Rafael,50105,Rama Caída,50105180,22.74
2015,Mendoza,50,San Rafael,50105,Rama Caída,50105180,840.68
2015,Mendoza,50,San Rafael,50105,Real del Padre,50105190,1703.47
2015,Mendoza,50,San Rafael,50105,Salto de las Rosas,50105200,55.83
2015,Mendoza,50,San Rafael,50105,Cuadro Nacional,50105210,1359.81
2015,Mendoza,50,San Rafael,50105,San Rafael,50105210,4
2015,Mendoza,50,San Rafael,50105,Cuadro Nacional,50105210,149.39
2015,Mendoza,50,San Rafael,50105,San Rafael,50105210,138.39
2015,Mendoza,50,San Rafael,50105,San Rafael,50105210,6.05
2015,Mendoza,50,San Rafael,50105,25 de Mayo,50105220,5
2015,Mendoza,50,San Rafael,50105,25 de Mayo,50105220,30.11
2015,Mendoza,50,San Rafael,50105,Villa Atuel,50105230,42.13
2015,Mendoza,50,San Rafael,50105,Villa Atuel,50105230,504.56
2015,Mendoza,50,San Rafael,50105,Villa Atuel,50105230,892.39
2015,Mendoza,50,San Rafael,50105,Cañada Seca,50105A04,2121.85
2015,Mendoza,50,San Rafael,50105,Cañada Seca,50105A04,1.09
2015,Mendoza,50,San Rafael,50105,Colonia Bombal y Tabanera,50105A06,124.06
2015,Mendoza,50,San Rafael,50105,Colonia Colomer,50105A07,24.63
2015,Mendoza,50,San Rafael,50105,Colonia El Usillal,50105A08,175.38
2015,Mendoza,50,San Rafael,50105,Colonia Elena,50105A09,237.03
2015,Mendoza,50,San Rafael,50105,Colonia Española,50105A10,21.13
2015,Mendoza,50,San Rafael,50105,Colonia Gelman,50105A11,53.46
2015,Mendoza,50,San Rafael,50105,Colonia Jáuregui,50105A12,16.73
2015,Mendoza,50,San Rafael,50105,Colonia López,50105A13,238.35
2015,Mendoza,50,San Rafael,50105,El Algarrobal,50105A20,4.42
2015,Mendoza,50,San Rafael,50105,El Cerrito,50105A22,299.99
2015,Mendoza,50,San Rafael,50105,La Guevarina,50105A32,49.05
2015,Mendoza,50,San Rafael,50105,La Llave Vieja,50105A35,35.91
2015,Mendoza,50,San Rafael,50105,Las Paredes,50105A44,17.49
2015,Mendoza,50,San Rafael,50105,Las Paredes,50105A44,1402.47
2015,Mendoza,50,San Rafael,50105,Los Claveles,50105A46,64.46
2015,Mendoza,50,San Rafael,50105,Los Sifones,50105A51,12.07
2015,Mendoza,50,San Rafael,50105,Rincón del Atuel,50105A60,10.22
2015,Mendoza,50,San Rafael,50105,Soitué,50105A64,54.65
2015,Mendoza,50,Santa Rosa,50112,Barrio 12 de Octubre,50112010,1017.19
2015,Mendoza,50,Santa Rosa,50112,Barrio 12 de Octubre,50112010,845.01
2015,Mendoza,50,Santa Rosa,50112,Barrio Molina Cabrera,50112030,22.05
2015,Mendoza,50,Santa Rosa,50112,La Dormida,50112040,178.51
2015,Mendoza,50,Santa Rosa,50112,La Dormida,50112040,1263.28
2015,Mendoza,50,Santa Rosa,50112,Las Catitas,50112050,1620.15
2015,Mendoza,50,Santa Rosa,50112,Santa Rosa,50112060,138.82
2015,Mendoza,50,Santa Rosa,50112,Santa Rosa,50112060,865.81
2015,Mendoza,50,Santa Rosa,50112,Santa Rosa,50112060,3266.40
2015,Mendoza,50,Santa Rosa,50112,Gobernador Civit,50112A05,35.25
2015,Mendoza,50,Santa Rosa,50112,Los Yoles,50112A10,116.48
2015,Mendoza,50,Tunuyán,50119,Campo Los Andes,50119020,204.79
2015,Mendoza,50,Tunuyán,50119,Colonia Las Rosas,50119030,42.05
2015,Mendoza,50,Tunuyán,50119,El Manzano,50119040,1
2015,Mendoza,50,Tunuyán,50119,Los Sauces,50119050,977.94
2015,Mendoza,50,Tunuyán,50119,Tunuyán,50119060,90.86
2015,Mendoza,50,Tunuyán,50119,Tunuyán,50119060,145.06
2015,Mendoza,50,Tunuyán,50119,Tunuyán,50119060,697.58
2015,Mendoza,50,Tunuyán,50119,Vista Flores,50119070,2341.72
2015,Mendoza,50,Tunuyán,50119,El Totoral,50119A02,109.64
2015,Mendoza,50,Tunuyán,50119,El Totoral,50119A02,676.16
2015,Mendoza,50,Tunuyán,50119,La Primavera,50119A04,331.66
2015,Mendoza,50,Tunuyán,50119,Las Pintadas,50119A07,499.81
2015,Mendoza,50,Tunuyán,50119,Los Árboles,50119A08,107.92
2015,Mendoza,50,Tunuyán,50119,Los Árboles,50119A08,1725.63
2015,Mendoza,50,Tunuyán,50119,Los Chacales,50119A09,633.75
2015,Mendoza,50,Tunuyán,50119,Villa Seca,50119A14,830.25
2015,Mendoza,50,Tupungato,50126,Cordón del Plata,50126020,1666.05
2015,Mendoza,50,Tupungato,50126,Cordón del Plata,50126020,635.31
2015,Mendoza,50,Tupungato,50126,Cordón del Plata,50126020,44.65
2015,Mendoza,50,Tupungato,50126,El Peral,50126030,764.71
2015,Mendoza,50,Tupungato,50126,El Zampal,50126035,866.49
2015,Mendoza,50,Tupungato,50126,La Arboleda,50126040,1637.02
2015,Mendoza,50,Tupungato,50126,San José,50126050,410.82
2015,Mendoza,50,Tupungato,50126,Tupungato,50126060,481.88
2015,Mendoza,50,Tupungato,50126,Villa Bastias,50126060,411.26
2015,Mendoza,50,Tupungato,50126,Tupungato,50126060,118.1
2015,Mendoza,50,Tupungato,50126,Tupungato,50126060,3
2015,Mendoza,50,Tupungato,50126,Anchoris,50126A01,393.06
2015,Mendoza,50,Tupungato,50126,Ancón,50126A02,1.39
2015,Mendoza,50,Tupungato,50126,Gualtallary,50126A05,2225.81
2015,Mendoza,50,Tupungato,50126,Zapata,50126A12,118.25
2015,Misiones,54,Cainguás,54014,Aristóbulo del Valle,54014010,1
2015,Misiones,54,Cainguás,54014,Salto Encantado,54014080,6.8
2015,Misiones,54,Capital,54028,Posadas,54028030,5.72
2015,Misiones,54,Leandro N. Alem,54070,Cerro Azul,54070040,1.25
2015,Misiones,54,Leandro N. Alem,54070,Leandro N. Alem,54070070,1.05
2015,Misiones,54,Leandro N. Alem,54070,Olegario V. Andrade,54070080,1
2015,Misiones,54,25 de Mayo,54119,Alba Posse,54119010,0.95
2015,Neuquén,58,Añelo,58014,Añelo,58014010,142.33
2015,Neuquén,58,Añelo,58014,San Patricio del Chañar,58014020,1458.96
2015,Neuquén,58,Collón Curá,58028,Piedra del Águila,58028010,4.84
2015,Neuquén,58,Confluencia,58035,Centenario,58035030,0.87
2015,Neuquén,58,Confluencia,58035,Centenario,58035030,2.84
2015,Neuquén,58,Confluencia,58035,Mari Menuco,58035060,17.6
2015,Neuquén,58,Confluencia,58035,Neuquén,58035070,1.78
2015,Neuquén,58,Confluencia,58035,Neuquén,58035070,0.33
2015,Neuquén,58,Confluencia,58035,Neuquén,58035070,1.68
2015,Neuquén,58,Confluencia,58035,Plottier,58035100,39.66
2015,Neuquén,58,Confluencia,58035,Senillosa,58035110,46.85
2015,Neuquén,58,Chos Malal,58042,Chos Malal,58042010,5.93
2015,Neuquén,58,Lácar,58056,San Martín de los Andes,58056010,0.64
2015,Neuquén,58,Ñorquín,58084,Taquimilán,58084050,0.6
2015,Neuquén,58,Pehuenches,58091,Buta Ranquil,58091020,3.05
2015,Neuquén,58,Picún Leufú,58098,Picún Leufú,58098020,22.04
2015,Neuquén,58,Picunches,58105,Bajada del Agrio,58105010,1.2
2015,Río Negro,62,Adolfo Alsina,62007,Guardia Mitre,62007040,1.57
2015,Río Negro,62,Adolfo Alsina,62007,San Javier,62007080,88.19
2015,Río Negro,62,Adolfo Alsina,62007,Viedma,62007090,27.82
2015,Río Negro,62,Adolfo Alsina,62007,Cubanea,62007A03,2
2015,Río Negro,62,Avellaneda,62014,Chimpay,62014030,0.69
2015,Río Negro,62,Avellaneda,62014,Choele Choel,62014040,12.2
2015,Río Negro,62,Avellaneda,62014,Darwin,62014060,35.53
2015,Río Negro,62,Avellaneda,62014,Lamarque,62014070,2.25
2015,Río Negro,62,Avellaneda,62014,Luis Beltrán,62014080,88.75
2015,Río Negro,62,Avellaneda,62014,Pomona,62014090,24.06
2015,Río Negro,62,Bariloche,62021,El Bolsón,62021030,0.96
2015,Río Negro,62,Conesa,62028,Barrio Colonia Conesa,62028010,6
2015,Río Negro,62,Conesa,62028,Barrio Colonia Conesa,62028010,2.62
2015,Río Negro,62,Conesa,62028,General Conesa,62028020,15.82
2015,Río Negro,62,Conesa,62028,Colonia San Juan,62028A02,13.37
2015,Río Negro,62,El Cuy,62035,El Cuy,62035030,28.8
2015,Río Negro,62,El Cuy,62035,Valle Azul,62035080,31.1
2015,Río Negro,62,General Roca,62042,Allen,62042010,200.17
2015,Río Negro,62,General Roca,62042,Barda del Medio,62042030,15.3
2015,Río Negro,62,General Roca,62042,Barrio Guerrico,62042160,10.61
2015,Río Negro,62,General Roca,62042,Barrio Pinar,62042297,27
2015,Río Negro,62,General Roca,62042,Catriel,62042360,4.51
2015,Río Negro,62,General Roca,62042,Catriel,62042360,1.5
2015,Río Negro,62,General Roca,62042,Cervantes,62042370,79.9
2015,Río Negro,62,General Roca,62042,Chichinales,62042380,10.05
2015,Río Negro,62,General Roca,62042,Cinco Saltos,62042390,7.15
2015,Río Negro,62,General Roca,62042,Cipolletti,62042400,73.24
2015,Río Negro,62,General Roca,62042,Contralmirante Cordero,62042410,3
2015,Río Negro,62,General Roca,62042,Ferri,62042420,4.62
2015,Río Negro,62,General Roca,62042,General Enrique Godoy,62042430,22.16
2015,Río Negro,62,General Roca,62042,General Fernández Oro,62042440,37.31
2015,Río Negro,62,General Roca,62042,General Roca,62042450,158.21
2015,Río Negro,62,General Roca,62042,General Roca,62042450,25.1
2015,Río Negro,62,General Roca,62042,General Roca,62042450,0.88
2015,Río Negro,62,General Roca,62042,Ingeniero Luis A. Huergo,62042460,128.54
2015,Río Negro,62,General Roca,62042,Mainqué,62042480,400.86
2015,Río Negro,62,General Roca,62042,Villa Manzano,62042550,23.58
2015,Río Negro,62,General Roca,62042,Villa Regina,62042560,3.2
2015,Río Negro,62,Pichi Mahuida,62063,Río Colorado,62063020,57.3
2015,Salta,66,Cachi,66014,Cachi,66014010,18.12
2015,Salta,66,Cachi,66014,Payogasta,66014020,60.12
2015,Salta,66,Cachi,66014,La Paya,66014A07,0.38
2015,Salta,66,Cafayate,66021,Cafayate,66021010,76.22
2015,Salta,66,Cafayate,66021,Cafayate,66021010,66.27
2015,Salta,66,Cafayate,66021,Cafayate,66021010,1869.75
2015,Salta,66,Cafayate,66021,Tolombón,66021020,246.52
2015,Salta,66,Cafayate,66021,Chuscha,66021A01,2.35
2015,Salta,66,Cafayate,66021,Las Conchas,66021A04,11.4
2015,Salta,66,Cafayate,66021,Yacochuya Norte,66021A05,45.75
2015,Salta,66,La Viña,66098,Las Curtiembres,66098A08,5.03
2015,Salta,66,Molinos,66119,Molinos,66119020,45.67
2015,Salta,66,Molinos,66119,Seclantás,66119030,5.56
2015,Salta,66,Molinos,66119,Colomé,66119A06,70.7
2015,Salta,66,Molinos,66119,Luracatao,66119A10,3.7
2015,Salta,66,San Carlos,66154,Angastaco,66154010,123.95
2015,Salta,66,San Carlos,66154,Animaná,66154020,416.1
2015,Salta,66,San Carlos,66154,El Barrial,66154030,0.43
2015,Salta,66,San Carlos,66154,San Carlos,66154040,35.07
2015,Salta,66,San Carlos,66154,Corralito,66154A01,25.93
2015,Salta,66,San Carlos,66154,Payogastilla,66154A17,1.64
2015,Salta,66,San Carlos,66154,San Lucas,66154A24,1.8
2015,Salta,66,San Carlos,66154,Santa Rosa,66154A26,11.36
2015,San Juan,70,Albardón,70007,El Rincón,70007010,111.64
2015,San Juan,70,Albardón,70007,El Rincón,70007010,929.57
2015,San Juan,70,Albardón,70007,Villa General San Martín - Campo Afuera,70007020,14.25
2015,San Juan,70,Albardón,70007,Villa General San Martín - Campo Afuera,70007020,3.15
2015,San Juan,70,Albardón,70007,Villa General San Martín - Campo Afuera,70007020,33.56
2015,San Juan,70,Albardón,70007,Villa General San Martín - Campo Afuera,70007020,128.7
2015,San Juan,70,Albardón,70007,Villa General San Martín - Campo Afuera,70007020,179.16
2015,San Juan,70,Albardón,70007,Villa General San Martín - Campo Afuera,70007020,96.9
2015,San Juan,70,Albardón,70007,Baños La Laja,70007A02,1.63
2015,San Juan,70,Albardón,70007,Baños La Laja,70007A02,6.39
2015,San Juan,70,Albardón,70007,El Salado,70007A03,67.16
2015,San Juan,70,Albardón,70007,Las Tapias,70007A04,141.47
2015,San Juan,70,Albardón,70007,Las Tapias,70007A04,15.2
2015,San Juan,70,Angaco,70014,Las Tapias,70014010,327.77
2015,San Juan,70,Angaco,70014,Las Tapias,70014010,21.6
2015,San Juan,70,Angaco,70014,Villa El Salvador,70014020,128.85
2015,San Juan,70,Angaco,70014,Villa El Salvador,70014020,579.81
2015,San Juan,70,Angaco,70014,Villa Sefair,70014020,263.83
2015,San Juan,70,Angaco,70014,Villa El Salvador,70014020,106.13
2015,San Juan,70,Angaco,70014,El Alamito,70014A01,53.09
2015,San Juan,70,Angaco,70014,El Bosque,70014A02,366.43
2015,San Juan,70,Angaco,70014,Punta del Monte,70014A05,409.93
2015,San Juan,70,Calingasta,70021,Barreal - Villa Pituil,70021010,23.12
2015,San Juan,70,Calingasta,70021,Calingasta,70021020,3.37
2015,San Juan,70,Calingasta,70021,Tamberías,70021030,68.75
2015,San Juan,70,Calingasta,70021,Hilario,70021A10,11.87
2015,San Juan,70,Calingasta,70021,Puchuzún,70021A28,1
2015,San Juan,70,Calingasta,70021,Sorocayense,70021A30,3.36
2015,San Juan,70,Calingasta,70021,Villa Corral,70021A31,12.34
2015,San Juan,70,Capital,70028,San Juan,70028010,2.01
2015,San Juan,70,Caucete,70035,Caucete,70035020,9.52
2015,San Juan,70,Caucete,70035,Caucete,70035020,12.95
2015,San Juan,70,Caucete,70035,Caucete,70035020,0.44
2015,San Juan,70,Caucete,70035,Caucete,70035020,2.65
2015,San Juan,70,Caucete,70035,Caucete,70035020,31.02
2015,San Juan,70,Caucete,70035,Caucete,70035020,2834.73
2015,San Juan,70,Caucete,70035,Caucete,70035020,0.63
2015,San Juan,70,Caucete,70035,Caucete,70035020,0.2
2015,San Juan,70,Caucete,70035,El Rincón,70035030,737.26
2015,San Juan,70,Caucete,70035,Las Talas - Los Médanos,70035040,301.85
2015,San Juan,70,Caucete,70035,Marayes,70035050,2.45
2015,San Juan,70,Caucete,70035,Pie de Palo,70035060,126.16
2015,San Juan,70,Caucete,70035,Villa Independencia,70035080,521.48
2015,San Juan,70,Caucete,70035,La Puntilla,70035A02,1146.93
2015,San Juan,70,Caucete,70035,Pozo de los Algarrobos,70035A07,1896.44
2015,San Juan,70,Chimbas,70042,Chimbas,70042010,1.22
2015,San Juan,70,Chimbas,70042,Chimbas,70042010,162.3
2015,San Juan,70,Chimbas,70042,Chimbas,70042010,13
2015,San Juan,70,Chimbas,70042,Chimbas,70042010,649.46
2015,San Juan,70,Iglesia,70049,Angualasto,70049010,5.11
2015,San Juan,70,Iglesia,70049,Iglesia,70049030,4.5
2015,San Juan,70,Iglesia,70049,Las Flores,70049040,12.2
2015,San Juan,70,9 de Julio,70063,Alto de Sierra,70063010,59.06
2015,San Juan,70,9 de Julio,70063,Las Chacritas,70063030,37.5
2015,San Juan,70,9 de Julio,70063,Las Chacritas,70063030,829.91
2015,San Juan,70,9 de Julio,70063,Las Chacritas,70063030,4.83
2015,San Juan,70,9 de Julio,70063,9 de Julio,70063040,2144.11
2015,San Juan,70,9 de Julio,70063,La Majadita,70063A00,395.56
2015,San Juan,70,9 de Julio,70063,Rincón Cercado,70063A02,137.9
2015,San Juan,70,Pocito,70070,Carpintería,70070020,2177.63
2015,San Juan,70,Pocito,70070,Las Piedritas,70070025,10
2015,San Juan,70,Pocito,70070,Las Piedritas,70070025,3.42
2015,San Juan,70,Pocito,70070,Quinto Cuartel,70070030,97.5
2015,San Juan,70,Pocito,70070,La Rinconada,70070040,695.34
2015,San Juan,70,Pocito,70070,Villa Aberastain,70070040,784.81
2015,San Juan,70,Pocito,70070,Villa Aberastain,70070040,19.21
2015,San Juan,70,Pocito,70070,Villa Aberastain,70070040,183.69
2015,San Juan,70,Pocito,70070,Villa Nacusi,70070050,49.54
2015,San Juan,70,Pocito,70070,Villa Nacusi,70070050,2
2015,San Juan,70,Pocito,70070,Villa Nacusi,70070050,8.01
2015,San Juan,70,Rawson,70077,Rawson,70077010,34.03
2015,San Juan,70,Rawson,70077,Rawson,70077010,36.64
2015,San Juan,70,Rawson,70077,El Medanito,70077010,219.71
2015,San Juan,70,Rawson,70077,Rawson,70077010,6.97
2015,San Juan,70,Rawson,70077,Rawson,70077010,830.63
2015,San Juan,70,Rawson,70077,Colonia Médano de Oro,70077A00,554.95
2015,San Juan,70,Rawson,70077,Colonia Rodas,70077A02,65.51
2015,San Juan,70,Rawson,70077,Colonia Rodas,70077A02,263.95
2015,San Juan,70,Rivadavia,70084,Rivadavia,70084010,187.81
2015,San Juan,70,Rivadavia,70084,Rivadavia,70084010,126.63
2015,San Juan,70,Rivadavia,70084,Rivadavia,70084010,99.33
2015,San Juan,70,San Martín,70091,Dos Acequias,70091020,882.5
2015,San Juan,70,San Martín,70091,San Isidro,70091030,721.36
2015,San Juan,70,San Martín,70091,Villa Dominguito,70091050,21.2
2015,San Juan,70,San Martín,70091,Villa San Martín,70091070,6.53
2015,San Juan,70,San Martín,70091,Villa San Martín,70091070,1040.35
2015,San Juan,70,San Martín,70091,Coll,70091A00,7.26
2015,San Juan,70,San Martín,70091,Los Compartos,70091A01,56.55
2015,San Juan,70,San Martín,70091,Los Compartos,70091A01,141.54
2015,San Juan,70,San Martín,70091,Los Compartos,70091A01,880.31
2015,San Juan,70,San Martín,70091,Villa Lugano,70091A02,40
2015,San Juan,70,San Martín,70091,Villa Lugano,70091A02,31.57
2015,San Juan,70,Santa Lucía,70098,Santa Lucía,70098010,413.13
2015,San Juan,70,Santa Lucía,70098,Santa Lucía,70098010,55.17
2015,San Juan,70,Santa Lucía,70098,Colonia Gutiérrez,70098010,81.45
2015,San Juan,70,Santa Lucía,70098,Santa Lucía,70098010,50.17
2015,San Juan,70,Santa Lucía,70098,Colonia Gutiérrez,70098010,23.32
2015,San Juan,70,Santa Lucía,70098,Santa Lucía,70098010,47.9
2015,San Juan,70,Santa Lucía,70098,Colonia Gutiérrez,70098010,429.98
2015,San Juan,70,Santa Lucía,70098,Santa Lucía,70098010,81.77
2015,San Juan,70,Sarmiento,70105,Cañada Honda,70105010,655.3
2015,San Juan,70,Sarmiento,70105,Colonia Fiscal,70105030,936.34
2015,San Juan,70,Sarmiento,70105,Guanacache,70105050,309.5
2015,San Juan,70,Sarmiento,70105,Las Lagunas,70105060,575.67
2015,San Juan,70,Sarmiento,70105,Los Berros,70105070,6.44
2015,San Juan,70,Sarmiento,70105,Los Berros,70105070,49.44
2015,San Juan,70,Sarmiento,70105,Pedernal,70105080,661.86
2015,San Juan,70,Sarmiento,70105,Punta del Médano,70105090,182.68
2015,San Juan,70,Sarmiento,70105,Villa Media Agua,70105100,1336.83
2015,San Juan,70,Sarmiento,70105,Villa Media Agua,70105100,364.37
2015,San Juan,70,Sarmiento,70105,Cochagual,70105A01,2226.84
2015,San Juan,70,Sarmiento,70105,Colonia San Antonio,70105A02,5
2015,San Juan,70,Sarmiento,70105,San Carlos,70105A07,100.69
2015,San Juan,70,Sarmiento,70105,Tres Esquinas,70105A08,391.88
2015,San Juan,70,Ullum,70112,Villa Ibáñez,70112010,29.64
2015,San Juan,70,Ullum,70112,Villa Ibáñez,70112010,1654.19
2015,San Juan,70,Ullum,70112,La Banderita,70112A04,13.25
2015,San Juan,70,Valle Fértil,70119,Balde del Rosario,70119020,0.48
2015,San Juan,70,25 de Mayo,70126,Tupelí,70126020,123.21
2015,San Juan,70,25 de Mayo,70126,Tupelí,70126020,497.3
2015,San Juan,70,25 de Mayo,70126,Villa Borjas - La Chimbera,70126030,1473.73
2015,San Juan,70,25 de Mayo,70126,Villa Santa Rosa,70126050,32.11
2015,San Juan,70,25 de Mayo,70126,Villa Santa Rosa,70126050,113.44
2015,San Juan,70,25 de Mayo,70126,Villa Santa Rosa,70126050,1641.25
2015,San Juan,70,25 de Mayo,70126,Villa Santa Rosa,70126050,1977.66
2015,San Juan,70,25 de Mayo,70126,Villa Santa Rosa,70126050,595.13
2015,San Juan,70,25 de Mayo,70126,Cuatro Esquinas,70126A04,17.17
2015,San Juan,70,25 de Mayo,70126,Las Casuarinas,70126A06,2164.77
2015,San Juan,70,25 de Mayo,70126,Punta del Médano,70126A09,104.17
2015,San Juan,70,Zonda,70133,Villa Basilio Nievas,70133010,254.15
2015,San Juan,70,Zonda,70133,Villa Basilio Nievas,70133010,322.21
2015,San Juan,70,Zonda,70133,Villa Basilio Nievas,70133010,898.08
2015,San Juan,70,Zonda,70133,Villa Basilio Nievas,70133010,16.9
2015,San Luis,74,Ayacucho,74007,Candelaria,74007010,10.08
2015,San Luis,74,Belgrano,74014,Nogolí,74014020,4
2015,San Luis,74,Junín,74049,Merlo,74049060,1.33
2015,San Luis,74,Junín,74049,Santa Rosa del Conlara,74049070,26.1
2015,San Luis,74,Juan Martín de Pueyrredón,74056,Beazley,74056040,56.04
2015,San Luis,74,Juan Martín de Pueyrredón,74056,San Luis,74056150,4.88
2015,Santiago del Estero,86,Capital,86049,Vuelta de la Barranca,86049120,8.8
2015,Tucumán,90,Tafí del Valle,90098,Amaicha del Valle,90098010,10.23
2015,Tucumán,90,Tafí del Valle,90098,Colalao del Valle,90098020,48.92
2015,Tucumán,90,Tafí del Valle,90098,El Bañado,90098A12,7.59
2015,Tucumán,90,Tafí del Valle,90098,El Paso,90098A18,25.51
2015,Tucumán,90,Tafí del Valle,90098,Los Zazos,90098A40,1.41
2015,Tucumán,90,Tafí del Valle,90098,Quilmes,90098A48,0.31
2015,Tucumán,90,Trancas,90112,Villa de Trancas,90112030,4.55
2016,Buenos Aires,06,Avellaneda,06035,Villa Domínico,06035010,2.74
2016,Buenos Aires,06,Avellaneda,06035,Sarandí,06035010,1.03
2016,Buenos Aires,06,Balcarce,06063,Balcarce,06063010,8.52
2016,Buenos Aires,06,Benito Juárez,06084,Barker,06084010,0.25
2016,Buenos Aires,06,Berisso,06098,Los Talas,06098010,0.07
2016,Buenos Aires,06,Berisso,06098,Berisso,06098010,19
2016,Buenos Aires,06,Berisso,06098,Isla Paulino,06098A02,0.44
2016,Buenos Aires,06,Cañuelas,06134,Uribelarrea,06134070,1.36
2016,Buenos Aires,06,Coronel Dorrego,06189,Coronel Dorrego,06189030,0.02
2016,Buenos Aires,06,Coronel Pringles,06196,Coronel Pringles,06196010,2.29
2016,Buenos Aires,06,Coronel Suárez,06203,Coronel Suárez,06203020,3.47
2016,Buenos Aires,06,Coronel Suárez,06203,Villa La Arcadia,06203100,16
2016,Buenos Aires,06,Daireaux,06231,Daireaux,06231030,0.73
2016,Buenos Aires,06,General Pueyrredón,06357,Chapadmalal,06357080,10.55
2016,Buenos Aires,06,Junín,06413,Junín,06413050,0.27
2016,Buenos Aires,06,La Costa,06420,Mar del Tuyú,06420040,0.2
2016,Buenos Aires,06,Saavedra,06700,Pigüé,06700060,18
2016,Buenos Aires,06,Tandil,06791,María Ignacia,06791040,5.7
2016,Buenos Aires,06,Tandil,06791,Tandil,06791050,0.7
2016,Buenos Aires,06,Tandil,06791,Tandil,06791050,0.59
2016,Buenos Aires,06,Tornquist,06819,Saldungaray,06819020,9.09
2016,Buenos Aires,06,Tornquist,06819,Villa Ventana,06819070,3
2016,Buenos Aires,06,Villa Gesell,06868,Villa Gesell,06868020,0.38
2016,Buenos Aires,06,Villarino,06875,Médanos,06875060,24.52
2016,Catamarca,10,Andalgalá,10021,Andalgalá,10021020,3.91
2016,Catamarca,10,Andalgalá,10021,Andalgalá,10021020,3.22
2016,Catamarca,10,Belén,10035,Belén,10035020,3
2016,Catamarca,10,Belén,10035,Corral Quemado,10035040,3.3
2016,Catamarca,10,Belén,10035,Hualfín,10035070,143.56
2016,Catamarca,10,Belén,10035,Jacipunco,10035080,1.94
2016,Catamarca,10,Belén,10035,Los Nacimientos,10035120,2.4
2016,Catamarca,10,Belén,10035,Puerta de Corral Quemado,10035130,31.74
2016,Catamarca,10,Belén,10035,San Fernando,10035A42,3.25
2016,Catamarca,10,Capayán,10042,Chumbicha,10042040,5.9
2016,Catamarca,10,Capayán,10042,Colonia Nueva Coneta,10042060,2.84
2016,Catamarca,10,Pomán,10084,San Miguel,10084090,10.4
2016,Catamarca,10,Pomán,10084,Saujil,10084100,0.4
2016,Catamarca,10,Pomán,10084,Siján,10084110,16.43
2016,Catamarca,10,Santa María,10091,Andalhualá,10091010,14.04
2016,Catamarca,10,Santa María,10091,Lampacito,10091030,39.72
2016,Catamarca,10,Santa María,10091,Lampacito,10091030,18.62
2016,Catamarca,10,Santa María,10091,Chañar Punco,10091030,352.02
2016,Catamarca,10,Santa María,10091,Famatanca,10091070,5.63
2016,Catamarca,10,Santa María,10091,Fuerte Quemado,10091080,65.27
2016,Catamarca,10,Santa María,10091,La Loma,10091100,2.28
2016,Catamarca,10,Santa María,10091,Las Mojarras,10091110,21.85
2016,Catamarca,10,Santa María,10091,El Cerrito,10091110,2.48
2016,Catamarca,10,Santa María,10091,Loro Huasi,10091120,1.48
2016,Catamarca,10,Santa María,10091,Punta de Balasto,10091130,7.25
2016,Catamarca,10,Santa María,10091,San José,10091140,20.94
2016,Catamarca,10,Santa María,10091,Casa de Piedra,10091140,0.16
2016,Catamarca,10,Santa María,10091,Palo Seco,10091140,0.4
2016,Catamarca,10,Santa María,10091,Santa María,10091150,44.22
2016,Catamarca,10,Santa María,10091,Santa María,10091150,108.74
2016,Catamarca,10,Santa María,10091,Yapes,10091160,2.62
2016,Catamarca,10,Santa María,10091,Entre Ríos,10091A08,0.41
2016,Catamarca,10,Santa Rosa,10098,Los Altos,10098050,1.35
2016,Catamarca,10,Tinogasta,10105,Anillaco,10105010,45.43
2016,Catamarca,10,Tinogasta,10105,Copacabana,10105050,255.51
2016,Catamarca,10,Tinogasta,10105,El Puesto,10105090,76.64
2016,Catamarca,10,Tinogasta,10105,El Salado,10105100,3.05
2016,Catamarca,10,Tinogasta,10105,Fiambalá,10105110,375.74
2016,Catamarca,10,Tinogasta,10105,Medanitos,10105130,227.34
2016,Catamarca,10,Tinogasta,10105,Palo Blanco,10105140,20.17
2016,Catamarca,10,Tinogasta,10105,Saujil,10105160,22.42
2016,Catamarca,10,Tinogasta,10105,Tinogasta,10105180,109.89
2016,Catamarca,10,Tinogasta,10105,Tinogasta,10105180,7.75
2016,Catamarca,10,Tinogasta,10105,Tinogasta,10105180,300.88
2016,Catamarca,10,Tinogasta,10105,Tinogasta,10105180,45.45
2016,Catamarca,10,Tinogasta,10105,San José Norte,10105A27,264.17
2016,Catamarca,10,Valle Viejo,10112,Santa Cruz,10112050,0.8
2016,Córdoba,14,Calamuchita,14007,Villa Ciudad Parque Los Reartes,14007270,9.43
2016,Córdoba,14,Calamuchita,14007,Villa General Belgrano,14007310,0.87
2016,Córdoba,14,Calamuchita,14007,Atos Pampa,14007A01,8.2
2016,Córdoba,14,Colón,14021,Colonia Caroya,14021050,132.62
2016,Córdoba,14,Colón,14021,Colonia Vicente Agüero,14021070,15.88
2016,Córdoba,14,Colón,14021,Santa Teresa,14021A20,5.3
2016,Córdoba,14,Cruz del Eje,14028,Cruz del Eje,14028050,13
2016,Córdoba,14,Cruz del Eje,14028,Guanaco Muerto,14028080,2
2016,Córdoba,14,Cruz del Eje,14028,Las Playas,14028130,3.6
2016,Córdoba,14,Cruz del Eje,14028,San Marcos Sierra,14028170,8.09
2016,Córdoba,14,Ischilín,14049,Quilino,14049100,40.21
2016,Córdoba,14,Ischilín,14049,Ischilín,14049A07,9.06
2016,Córdoba,14,Punilla,14091,Huerta Grande,14091100,0.68
2016,Córdoba,14,Punilla,14091,Villa Santa Cruz del Lago,14091320,3.5
2016,Córdoba,14,San Alberto,14126,Las Calles,14126050,4.57
2016,Córdoba,14,San Javier,14133,La Población,14133070,1.2
2016,Córdoba,14,San Javier,14133,Las Chacras,14133095,1.2
2016,Córdoba,14,San Javier,14133,Las Tapias,14133100,1.71
2016,Córdoba,14,San Javier,14133,Luyaba,14133150,3
2016,Córdoba,14,San Javier,14133,San Javier y Yacanto,14133170,1.6
2016,Córdoba,14,San Javier,14133,San Javier y Yacanto,14133170,2.33
2016,Córdoba,14,San Javier,14133,San José,14133180,15
2016,Córdoba,14,San Javier,14133,Villa de las Rosas,14133190,1
2016,Córdoba,14,San Javier,14133,Rodeo de Piedra,14133A19,0.03
2016,Córdoba,14,Santa María,14147,Potrero de Garay,14147230,9.15
2016,Córdoba,14,Tulumba,14175,San Pedro Norte,14175100,4.42
2016,Córdoba,14,Tulumba,14175,Isla de San Antonio,14175A13,0.59
2016,Córdoba,14,Tulumba,14175,Santa Cruz,14175A37,0.31
2016,Chubut,26,Cushamen,26014,Cushamen Centro,26014030,20
2016,Chubut,26,Cushamen,26014,El Hoyo,26014040,0.9
2016,Chubut,26,Futaleufú,26035,Trevelín,26035060,5.23
2016,Chubut,26,Languiñeo,26056,Paso del Sapo,26056040,0.12
2016,Chubut,26,Sarmiento,26091,Sarmiento,26091020,40
2016,Entre Ríos,30,Colón,30008,Colón,30008020,5.18
2016,Entre Ríos,30,Colón,30008,San José,30008090,0.45
2016,Entre Ríos,30,Concordia,30015,Calabacilla,30015010,2.84
2016,Entre Ríos,30,Concordia,30015,Concordia,30015060,5.5
2016,Entre Ríos,30,Concordia,30015,Estación Yeruá,30015080,6.08
2016,Entre Ríos,30,Concordia,30015,La Criolla,30015090,6.69
2016,Entre Ríos,30,Diamante,30021,Colonia Ensayo,30021070,1.63
2016,Entre Ríos,30,Diamante,30021,Estación Puiggari,30021150,2
2016,Entre Ríos,30,Gualeguaychú,30056,Gualeguaychú,30056070,1
2016,Entre Ríos,30,Nogoyá,30077,Lucas González,30077060,0.25
2016,Entre Ríos,30,Paraná,30084,Crespo,30084070,0.49
2016,Entre Ríos,30,Paraná,30084,Paraná,30084160,4.26
2016,Entre Ríos,30,Paraná,30084,Colonia Rivadavia,30084A20,0.75
2016,Entre Ríos,30,Uruguay,30098,Concepción del Uruguay,30098040,0.25
2016,Entre Ríos,30,Victoria,30105,Victoria,30105060,2.34
2016,Entre Ríos,30,Victoria,30105,Laguna del Pescado,30105A11,5.49
2016,Jujuy,38,El Carmen,38014,Monterrico,38014070,3.09
2016,Jujuy,38,Humahuaca,38028,Uquía,38028060,4.98
2016,Jujuy,38,Tilcara,38094,Colonia San José,38094010,3.15
2016,Jujuy,38,Tilcara,38094,Huacalera,38094020,5.11
2016,Jujuy,38,Tilcara,38094,Maimará,38094040,4.02
2016,Jujuy,38,Tilcara,38094,Tilcara,38094050,0.48
2016,Jujuy,38,Tumbaya,38098,Purmamarca,38098030,0.39
2016,La Pampa,42,Curacó,42042,Gobernador Duval,42042010,3.6
2016,La Pampa,42,Puelén,42112,Puelén,42112010,29
2016,La Pampa,42,Puelén,42112,25 de Mayo,42112020,210.29
2016,La Rioja,46,Castro Barros,46021,Aminga,46021010,170.96
2016,La Rioja,46,Castro Barros,46021,Anillaco,46021020,84.22
2016,La Rioja,46,Castro Barros,46021,San Pedro,46021070,2.49
2016,La Rioja,46,Castro Barros,46021,Agua Blanca,46021A00,0.4
2016,La Rioja,46,General Felipe Varela,46028,Santa Clara,46028020,28.73
2016,La Rioja,46,General Felipe Varela,46028,Guandacol,46028020,174.82
2016,La Rioja,46,General Felipe Varela,46028,Los Palacios,46028030,123.25
2016,La Rioja,46,General Felipe Varela,46028,Pagancillo,46028040,27.78
2016,La Rioja,46,General Felipe Varela,46028,Villa Unión,46028050,210.13
2016,La Rioja,46,General Felipe Varela,46028,Banda Florida,46028050,28.39
2016,La Rioja,46,General Felipe Varela,46028,Paso San Isidro,46028A14,4.19
2016,La Rioja,46,General Felipe Varela,46028,Paso San Isidro,46028A14,6.03
2016,La Rioja,46,Chilecito,46042,La Puntilla,46042010,0.11
2016,La Rioja,46,Chilecito,46042,Anguinán,46042010,1111.75
2016,La Rioja,46,Chilecito,46042,Los Sarmientos,46042010,2.17
2016,La Rioja,46,Chilecito,46042,Chilecito,46042010,4.05
2016,La Rioja,46,Chilecito,46042,San Miguel,46042010,3.35
2016,La Rioja,46,Chilecito,46042,Colonia Catinzaco,46042030,73.29
2016,La Rioja,46,Chilecito,46042,Guanchín,46042060,12
2016,La Rioja,46,Chilecito,46042,Malligasta,46042070,1462.06
2016,La Rioja,46,Chilecito,46042,Miranda,46042080,2.23
2016,La Rioja,46,Chilecito,46042,Nonogasta,46042090,1065.71
2016,La Rioja,46,Chilecito,46042,San Nicolás,46042100,40.87
2016,La Rioja,46,Chilecito,46042,Sañogasta,46042120,41.44
2016,La Rioja,46,Chilecito,46042,Tilimuqui,46042130,853.8
2016,La Rioja,46,Chilecito,46042,Vichigasta,46042140,1386.85
2016,La Rioja,46,Famatina,46049,Angulos,46049020,44.67
2016,La Rioja,46,Famatina,46049,Bajo Carrizal,46049040,0.08
2016,La Rioja,46,Famatina,46049,Campanas,46049050,1.7
2016,La Rioja,46,Famatina,46049,Chañarmuyo,46049060,91.33
2016,La Rioja,46,Famatina,46049,Famatina,46049070,1.48
2016,La Rioja,46,Famatina,46049,Famatina,46049070,84.63
2016,La Rioja,46,Famatina,46049,Famatina,46049070,13.04
2016,La Rioja,46,Famatina,46049,Pituil,46049090,79.62
2016,La Rioja,46,Famatina,46049,Plaza Vieja,46049100,30.26
2016,La Rioja,46,General Lamadrid,46077,Villa Castelli,46077010,6.25
2016,La Rioja,46,General Lamadrid,46077,Villa Castelli,46077010,53.41
2016,La Rioja,46,Vinchina,46098,Villa San José de Vinchina,46098020,47.73
2016,La Rioja,46,San Blas de Los Sauces,46119,Los Robles,46119010,0.15
2016,La Rioja,46,San Blas de Los Sauces,46119,San Blas,46119010,10.2
2016,La Rioja,46,San Blas de Los Sauces,46119,Alpasinche,46119010,22.64
2016,La Rioja,46,San Blas de Los Sauces,46119,Las Talas,46119010,0.4
2016,La Rioja,46,San Blas de Los Sauces,46119,Chaupihuasi,46119010,7.67
2016,La Rioja,46,Sanagasta,46126,Villa Sanagasta,46126010,11.85
2016,Mendoza,50,General Alvear,50014,Bowen,50014010,1354.38
2016,Mendoza,50,General Alvear,50014,Bowen,50014010,31.36
2016,Mendoza,50,General Alvear,50014,Carmensa,50014020,8.15
2016,Mendoza,50,General Alvear,50014,Carmensa,50014020,276.81
2016,Mendoza,50,General Alvear,50014,General Alvear,50014030,273.14
2016,Mendoza,50,General Alvear,50014,General Alvear,50014030,364.4
2016,Mendoza,50,General Alvear,50014,General Alvear,50014030,28.15
2016,Mendoza,50,General Alvear,50014,General Alvear,50014030,104.83
2016,Mendoza,50,General Alvear,50014,General Alvear,50014030,228.46
2016,Mendoza,50,General Alvear,50014,Los Compartos,50014040,479.02
2016,Mendoza,50,General Alvear,50014,Colonia San Pedro del Atuel,50014A04,16
2016,Mendoza,50,General Alvear,50014,El Ceibo,50014A08,104.87
2016,Mendoza,50,General Alvear,50014,El Ceibo,50014A08,12.72
2016,Mendoza,50,General Alvear,50014,La California,50014A12,44.47
2016,Mendoza,50,General Alvear,50014,La Escandinava,50014A14,203.22
2016,Mendoza,50,General Alvear,50014,La Marsolina,50014A16,378.35
2016,Mendoza,50,General Alvear,50014,La Marsolina,50014A16,6.35
2016,Mendoza,50,General Alvear,50014,La Montilla,50014A17,1.5
2016,Mendoza,50,General Alvear,50014,Los Campamentos,50014A19,76.54
2016,Mendoza,50,General Alvear,50014,Poste de Fierro,50014A24,112.93
2016,Mendoza,50,Godoy Cruz,50021,Las Tortugas,50021010,0.61
2016,Mendoza,50,Godoy Cruz,50021,Gobernador Benegas,50021010,0.68
2016,Mendoza,50,Guaymallén,50028,Colonia Segovia,50028010,111.36
2016,Mendoza,50,Guaymallén,50028,San Francisco del Monte,50028020,2
2016,Mendoza,50,Guaymallén,50028,Bermejo,50028020,68.46
2016,Mendoza,50,Guaymallén,50028,Buena Nueva,50028020,43.63
2016,Mendoza,50,Guaymallén,50028,Dorrego,50028020,22.73
2016,Mendoza,50,Guaymallén,50028,El Sauce,50028020,114.7
2016,Mendoza,50,Guaymallén,50028,Rodeo de la Cruz,50028020,58.39
2016,Mendoza,50,Guaymallén,50028,San José,50028020,2
2016,Mendoza,50,Guaymallén,50028,Villa Nueva,50028020,61.25
2016,Mendoza,50,Guaymallén,50028,La Primavera,50028030,7.2
2016,Mendoza,50,Guaymallén,50028,La Primavera,50028030,27.24
2016,Mendoza,50,Guaymallén,50028,La Primavera,50028030,39.35
2016,Mendoza,50,Guaymallén,50028,Los Corralitos,50028040,130.69
2016,Mendoza,50,Junín,50035,Ingeniero Giagnoni,50035010,37.8
2016,Mendoza,50,Junín,50035,Junín,50035020,110.62
2016,Mendoza,50,Junín,50035,Junín,50035020,12.41
2016,Mendoza,50,Junín,50035,Junín,50035020,18.72
2016,Mendoza,50,Junín,50035,Junín,50035020,1084.53
2016,Mendoza,50,Junín,50035,La Colonia,50035030,833.73
2016,Mendoza,50,Junín,50035,Los Barriales,50035040,29.4
2016,Mendoza,50,Junín,50035,Los Barriales,50035040,5.28
2016,Mendoza,50,Junín,50035,Los Barriales,50035040,1604.94
2016,Mendoza,50,Junín,50035,Medrano,50035050,58.88
2016,Mendoza,50,Junín,50035,Medrano,50035050,1804.11
2016,Mendoza,50,Junín,50035,Medrano,50035050,23.97
2016,Mendoza,50,Junín,50035,Phillips,50035060,9.39
2016,Mendoza,50,Junín,50035,Phillips,50035060,2271.22
2016,Mendoza,50,Junín,50035,Rodríguez Peña,50035070,1192.34
2016,Mendoza,50,Junín,50035,Algarrobo Grande,50035A00,60.61
2016,Mendoza,50,Junín,50035,Algarrobo Grande,50035A00,1839.31
2016,Mendoza,50,Junín,50035,Algarrobo Grande,50035A00,116.49
2016,Mendoza,50,Junín,50035,Alto Verde,50035A01,231.91
2016,Mendoza,50,Junín,50035,Alto Verde,50035A01,773.42
2016,Mendoza,50,Junín,50035,Tres Esquinas,50035A02,7.16
2016,Mendoza,50,La Paz,50042,La Paz,50042020,152.43
2016,Mendoza,50,La Paz,50042,La Paz,50042020,63.6
2016,Mendoza,50,La Paz,50042,Villa Antigua,50042030,65.05
2016,Mendoza,50,La Paz,50042,Las Chacritas,50042A07,22.12
2016,Mendoza,50,Las Heras,50049,Jocolí,50049030,115.6
2016,Mendoza,50,Las Heras,50049,Panquehuá,50049050,46.59
2016,Mendoza,50,Las Heras,50049,Las Heras,50049050,28.53
2016,Mendoza,50,Las Heras,50049,Las Heras,50049050,13.6
2016,Mendoza,50,Las Heras,50049,El Challao,50049050,7.26
2016,Mendoza,50,Las Heras,50049,Las Heras,50049050,2.91
2016,Mendoza,50,Las Heras,50049,Capdevila,50049050,347.33
2016,Mendoza,50,Las Heras,50049,El Borbollón,50049050,210.36
2016,Mendoza,50,Las Heras,50049,El Algarrobal,50049050,465.83
2016,Mendoza,50,Las Heras,50049,El Plumerillo,50049050,77.93
2016,Mendoza,50,Las Heras,50049,Polvaredas,50049080,6
2016,Mendoza,50,Las Heras,50049,Uspallata,50049110,4
2016,Mendoza,50,Las Heras,50049,El Pastal,50049A04,229.69
2016,Mendoza,50,Las Heras,50049,El Pastal,50049A04,10
2016,Mendoza,50,Lavalle,50056,Barrio Alto del Olvido,50056010,23.52
2016,Mendoza,50,Lavalle,50056,Barrio La Palmera,50056030,437.11
2016,Mendoza,50,Lavalle,50056,Barrio La Pega,50056040,250.08
2016,Mendoza,50,Lavalle,50056,Costa de Araujo,50056080,4468.15
2016,Mendoza,50,Lavalle,50056,Costa de Araujo,50056080,6.3
2016,Mendoza,50,Lavalle,50056,Costa de Araujo,50056080,3.12
2016,Mendoza,50,Lavalle,50056,El Paramillo,50056090,613.97
2016,Mendoza,50,Lavalle,50056,El Vergel,50056100,7
2016,Mendoza,50,Lavalle,50056,El Vergel,50056100,260.9
2016,Mendoza,50,Lavalle,50056,Ingeniero Gustavo André,50056110,23.52
2016,Mendoza,50,Lavalle,50056,Ingeniero Gustavo André,50056110,2489.09
2016,Mendoza,50,Lavalle,50056,Jocolí,50056120,1338.51
2016,Mendoza,50,Lavalle,50056,Jocolí Viejo,50056130,229.29
2016,Mendoza,50,Lavalle,50056,Las Violetas,50056140,67.57
2016,Mendoza,50,Lavalle,50056,3 de Mayo,50056150,1099.13
2016,Mendoza,50,Lavalle,50056,3 de Mayo,50056150,106.49
2016,Mendoza,50,Lavalle,50056,Villa Tulumaya,50056160,26.59
2016,Mendoza,50,Lavalle,50056,Villa Tulumaya,50056160,518.63
2016,Mendoza,50,Lavalle,50056,El Carmen,50056A05,126.79
2016,Mendoza,50,Lavalle,50056,El Chilcal,50056A06,15.92
2016,Mendoza,50,Lavalle,50056,El Chilcal,50056A06,309.66
2016,Mendoza,50,Lavalle,50056,El Plumero,50056A09,17.18
2016,Mendoza,50,Lavalle,50056,El Plumero,50056A09,854.87
2016,Mendoza,50,Lavalle,50056,El Retiro,50056A12,84.9
2016,Mendoza,50,Lavalle,50056,La Asunción,50056A15,107.18
2016,Mendoza,50,Lavalle,50056,La Holanda,50056A17,583.96
2016,Mendoza,50,Lavalle,50056,Resurrección,50056A23,8.19
2016,Mendoza,50,Lavalle,50056,San Francisco,50056A24,255.05
2016,Mendoza,50,Lavalle,50056,San José,50056A26,22.5
2016,Mendoza,50,Lavalle,50056,San José,50056A26,4
2016,Mendoza,50,Luján de Cuyo,50063,Agrelo,50063010,5291.66
2016,Mendoza,50,Luján de Cuyo,50063,El Carrizal,50063050,2971.40
2016,Mendoza,50,Luján de Cuyo,50063,Las Compuertas,50063070,424.82
2016,Mendoza,50,Luján de Cuyo,50063,Chacras de Coria,50063090,113.92
2016,Mendoza,50,Luján de Cuyo,50063,La Puntilla,50063090,4.7
2016,Mendoza,50,Luján de Cuyo,50063,Mayor Drummond,50063090,445.85
2016,Mendoza,50,Luján de Cuyo,50063,Vistalba,50063090,474.2
2016,Mendoza,50,Luján de Cuyo,50063,Luján de Cuyo,50063090,175.07
2016,Mendoza,50,Luján de Cuyo,50063,Carrodilla,50063090,191.76
2016,Mendoza,50,Luján de Cuyo,50063,Perdriel,50063100,2
2016,Mendoza,50,Luján de Cuyo,50063,Perdriel,50063100,1428.15
2016,Mendoza,50,Luján de Cuyo,50063,Potrerillos,50063110,0.02
2016,Mendoza,50,Luján de Cuyo,50063,Ugarteche,50063120,4204.19
2016,Mendoza,50,Luján de Cuyo,50063,Anchoris,50063A01,84.1
2016,Mendoza,50,Luján de Cuyo,50063,Baños Lunlunta,50063A02,27.69
2016,Mendoza,50,Luján de Cuyo,50063,Industrial,50063A03,23.5
2016,Mendoza,50,Maipú,50070,Barrancas,50070010,2864.18
2016,Mendoza,50,Maipú,50070,Barrancas,50070010,1.5
2016,Mendoza,50,Maipú,50070,Barrio Jesús de Nazaret,50070020,18.74
2016,Mendoza,50,Maipú,50070,Cruz de Piedra,50070030,613.79
2016,Mendoza,50,Maipú,50070,Cruz de Piedra,50070030,979.64
2016,Mendoza,50,Maipú,50070,El Pedregal,50070040,41
2016,Mendoza,50,Maipú,50070,Fray Luis Beltrán,50070050,209.5
2016,Mendoza,50,Maipú,50070,Fray Luis Beltrán,50070050,218.72
2016,Mendoza,50,Maipú,50070,Fray Luis Beltrán,50070050,4266.14
2016,Mendoza,50,Maipú,50070,Coquimbito,50070060,387.3
2016,Mendoza,50,Maipú,50070,Maipú,50070060,39.89
2016,Mendoza,50,Maipú,50070,General Gutiérrez,50070060,51.52
2016,Mendoza,50,Maipú,50070,Rodeo del Medio,50070070,129.64
2016,Mendoza,50,Maipú,50070,Rodeo del Medio,50070070,990.56
2016,Mendoza,50,Maipú,50070,Rodeo del Medio,50070070,3.7
2016,Mendoza,50,Maipú,50070,Rodeo del Medio,50070070,21.8
2016,Mendoza,50,Maipú,50070,Russell,50070080,565.14
2016,Mendoza,50,Maipú,50070,San Roque,50070090,502.48
2016,Mendoza,50,Maipú,50070,San Roque,50070090,228.55
2016,Mendoza,50,Maipú,50070,El Paraíso,50070A01,170.05
2016,Mendoza,50,Maipú,50070,Los Álamos,50070A02,134.68
2016,Mendoza,50,Rivadavia,50084,Andrade,50084010,1207.66
2016,Mendoza,50,Rivadavia,50084,El Mirador,50084040,109.22
2016,Mendoza,50,Rivadavia,50084,El Mirador,50084040,2286.37
2016,Mendoza,50,Rivadavia,50084,La Central,50084050,3168.46
2016,Mendoza,50,Rivadavia,50084,La Libertad,50084080,1045.46
2016,Mendoza,50,Rivadavia,50084,Los Árboles,50084090,693.91
2016,Mendoza,50,Rivadavia,50084,Los Campamentos,50084100,4
2016,Mendoza,50,Rivadavia,50084,Los Campamentos,50084100,3983.40
2016,Mendoza,50,Rivadavia,50084,Medrano,50084110,698.21
2016,Mendoza,50,Rivadavia,50084,Mundo Nuevo,50084120,142.1
2016,Mendoza,50,Rivadavia,50084,Reducción de Abajo,50084130,959.99
2016,Mendoza,50,Rivadavia,50084,Rivadavia,50084140,914.04
2016,Mendoza,50,Rivadavia,50084,Santa María de Oro,50084150,698.33
2016,Mendoza,50,San Carlos,50091,Barrio El Cepillo,50091010,529.36
2016,Mendoza,50,San Carlos,50091,Chilecito,50091020,396.05
2016,Mendoza,50,San Carlos,50091,Eugenio Bustos,50091030,2441.84
2016,Mendoza,50,San Carlos,50091,La Consulta,50091040,4612.44
2016,Mendoza,50,San Carlos,50091,La Consulta,50091040,9
2016,Mendoza,50,San Carlos,50091,La Consulta,50091040,35.89
2016,Mendoza,50,San Carlos,50091,Pareditas,50091050,207.31
2016,Mendoza,50,San Carlos,50091,San Carlos,50091060,316.37
2016,Mendoza,50,San Carlos,50091,San Carlos,50091060,54.75
2016,Mendoza,50,San Carlos,50091,Casas Viejas,50091A01,53.93
2016,Mendoza,50,San Carlos,50091,El Capacho,50091A03,20.6
2016,Mendoza,50,San Carlos,50091,Tres Esquinas,50091A17,13.06
2016,Mendoza,50,San Martín,50098,Alto Verde,50098020,3129.60
2016,Mendoza,50,San Martín,50098,Chapanay,50098060,5076.05
2016,Mendoza,50,San Martín,50098,Chivilcoy,50098070,636.41
2016,Mendoza,50,San Martín,50098,El Espino,50098073,530.27
2016,Mendoza,50,San Martín,50098,El Ramblón,50098077,1624.48
2016,Mendoza,50,San Martín,50098,El Ramblón,50098077,743.96
2016,Mendoza,50,San Martín,50098,Montecaseros,50098080,6890.98
2016,Mendoza,50,San Martín,50098,Nueva California,50098090,2363.47
2016,Mendoza,50,San Martín,50098,San Martín,50098100,610.77
2016,Mendoza,50,San Martín,50098,San Martín,50098100,43.82
2016,Mendoza,50,San Martín,50098,San Martín,50098100,1
2016,Mendoza,50,San Martín,50098,Palmira,50098100,1325.93
2016,Mendoza,50,San Martín,50098,Tres Porteñas,50098110,1874.95
2016,Mendoza,50,San Martín,50098,Alto Chapanay,50098A00,45.79
2016,Mendoza,50,San Martín,50098,Alto Salvador,50098A01,1493.55
2016,Mendoza,50,San Martín,50098,Buen Orden,50098A03,640.14
2016,Mendoza,50,San Martín,50098,El Central,50098A06,1425.51
2016,Mendoza,50,San Martín,50098,El Divisadero,50098A07,1367.54
2016,Mendoza,50,San Martín,50098,Las Chimbas,50098A09,369.77
2016,Mendoza,50,San Rafael,50105,Barrio Campos El Toledano,50105010,19.78
2016,Mendoza,50,San Rafael,50105,Capitán Montoya,50105050,29.39
2016,Mendoza,50,San Rafael,50105,Cuadro Benegas,50105060,893.99
2016,Mendoza,50,San Rafael,50105,El Tropezón,50105090,12.56
2016,Mendoza,50,San Rafael,50105,Goudge,50105100,1170.46
2016,Mendoza,50,San Rafael,50105,Jaime Prats,50105110,0.72
2016,Mendoza,50,San Rafael,50105,Jaime Prats,50105110,619.34
2016,Mendoza,50,San Rafael,50105,La Llave Nueva,50105120,74.79
2016,Mendoza,50,San Rafael,50105,La Llave Nueva,50105120,429.29
2016,Mendoza,50,San Rafael,50105,Las Malvinas,50105130,23.06
2016,Mendoza,50,San Rafael,50105,Monte Comán,50105150,183
2016,Mendoza,50,San Rafael,50105,Rama Caída,50105180,801.81
2016,Mendoza,50,San Rafael,50105,Rama Caída,50105180,22.74
2016,Mendoza,50,San Rafael,50105,Real del Padre,50105190,1641.91
2016,Mendoza,50,San Rafael,50105,Salto de las Rosas,50105200,54.53
2016,Mendoza,50,San Rafael,50105,San Rafael,50105210,4
2016,Mendoza,50,San Rafael,50105,San Rafael,50105210,136.89
2016,Mendoza,50,San Rafael,50105,Cuadro Nacional,50105210,148.09
2016,Mendoza,50,San Rafael,50105,Cuadro Nacional,50105210,1350.60
2016,Mendoza,50,San Rafael,50105,San Rafael,50105210,6.05
2016,Mendoza,50,San Rafael,50105,25 de Mayo,50105220,30.11
2016,Mendoza,50,San Rafael,50105,25 de Mayo,50105220,5
2016,Mendoza,50,San Rafael,50105,Villa Atuel,50105230,835.71
2016,Mendoza,50,San Rafael,50105,Villa Atuel,50105230,42.13
2016,Mendoza,50,San Rafael,50105,Villa Atuel,50105230,505.88
2016,Mendoza,50,San Rafael,50105,Cañada Seca,50105A04,2062.46
2016,Mendoza,50,San Rafael,50105,Cañada Seca,50105A04,1.09
2016,Mendoza,50,San Rafael,50105,Colonia Bombal y Tabanera,50105A06,124.06
2016,Mendoza,50,San Rafael,50105,Colonia Colomer,50105A07,24.63
2016,Mendoza,50,San Rafael,50105,Colonia El Usillal,50105A08,166.53
2016,Mendoza,50,San Rafael,50105,Colonia Elena,50105A09,188.27
2016,Mendoza,50,San Rafael,50105,Colonia Española,50105A10,25.13
2016,Mendoza,50,San Rafael,50105,Colonia Gelman,50105A11,42.57
2016,Mendoza,50,San Rafael,50105,Colonia Jáuregui,50105A12,16.73
2016,Mendoza,50,San Rafael,50105,Colonia López,50105A13,228.38
2016,Mendoza,50,San Rafael,50105,El Algarrobal,50105A20,4.42
2016,Mendoza,50,San Rafael,50105,El Cerrito,50105A22,299.56
2016,Mendoza,50,San Rafael,50105,La Guevarina,50105A32,49.05
2016,Mendoza,50,San Rafael,50105,La Llave Vieja,50105A35,35.91
2016,Mendoza,50,San Rafael,50105,Las Paredes,50105A44,17.49
2016,Mendoza,50,San Rafael,50105,Las Paredes,50105A44,1392.19
2016,Mendoza,50,San Rafael,50105,Los Claveles,50105A46,53.46
2016,Mendoza,50,San Rafael,50105,Los Sifones,50105A51,11.07
2016,Mendoza,50,San Rafael,50105,Rincón del Atuel,50105A60,10.22
2016,Mendoza,50,San Rafael,50105,Soitué,50105A64,50.15
2016,Mendoza,50,Santa Rosa,50112,Barrio 12 de Octubre,50112010,996.57
2016,Mendoza,50,Santa Rosa,50112,Barrio 12 de Octubre,50112010,852.44
2016,Mendoza,50,Santa Rosa,50112,Barrio Molina Cabrera,50112030,22.05
2016,Mendoza,50,Santa Rosa,50112,La Dormida,50112040,177.66
2016,Mendoza,50,Santa Rosa,50112,La Dormida,50112040,1232.52
2016,Mendoza,50,Santa Rosa,50112,Las Catitas,50112050,1606.68
2016,Mendoza,50,Santa Rosa,50112,Santa Rosa,50112060,141.83
2016,Mendoza,50,Santa Rosa,50112,Santa Rosa,50112060,3261.29
2016,Mendoza,50,Santa Rosa,50112,Santa Rosa,50112060,865.77
2016,Mendoza,50,Santa Rosa,50112,Gobernador Civit,50112A05,35.25
2016,Mendoza,50,Santa Rosa,50112,Los Yoles,50112A10,113.48
2016,Mendoza,50,Tunuyán,50119,Campo Los Andes,50119020,204.79
2016,Mendoza,50,Tunuyán,50119,Colonia Las Rosas,50119030,42.05
2016,Mendoza,50,Tunuyán,50119,El Manzano,50119040,1.5
2016,Mendoza,50,Tunuyán,50119,Los Sauces,50119050,975.36
2016,Mendoza,50,Tunuyán,50119,Tunuyán,50119060,83.86
2016,Mendoza,50,Tunuyán,50119,Tunuyán,50119060,145.06
2016,Mendoza,50,Tunuyán,50119,Tunuyán,50119060,697.79
2016,Mendoza,50,Tunuyán,50119,Vista Flores,50119070,2340.05
2016,Mendoza,50,Tunuyán,50119,El Totoral,50119A02,627.9
2016,Mendoza,50,Tunuyán,50119,El Totoral,50119A02,99.67
2016,Mendoza,50,Tunuyán,50119,La Primavera,50119A04,331.66
2016,Mendoza,50,Tunuyán,50119,Las Pintadas,50119A07,499.81
2016,Mendoza,50,Tunuyán,50119,Los Árboles,50119A08,107.92
2016,Mendoza,50,Tunuyán,50119,Los Árboles,50119A08,1727.17
2016,Mendoza,50,Tunuyán,50119,Los Chacales,50119A09,635.17
2016,Mendoza,50,Tunuyán,50119,Villa Seca,50119A14,908.25
2016,Mendoza,50,Tupungato,50126,Cordón del Plata,50126020,573.28
2016,Mendoza,50,Tupungato,50126,Cordón del Plata,50126020,1716.93
2016,Mendoza,50,Tupungato,50126,Cordón del Plata,50126020,45.72
2016,Mendoza,50,Tupungato,50126,El Peral,50126030,752.71
2016,Mendoza,50,Tupungato,50126,El Zampal,50126035,857.85
2016,Mendoza,50,Tupungato,50126,La Arboleda,50126040,1627.92
2016,Mendoza,50,Tupungato,50126,San José,50126050,410.92
2016,Mendoza,50,Tupungato,50126,Villa Bastias,50126060,400.81
2016,Mendoza,50,Tupungato,50126,Tupungato,50126060,480.88
2016,Mendoza,50,Tupungato,50126,Tupungato,50126060,3
2016,Mendoza,50,Tupungato,50126,Tupungato,50126060,118.1
2016,Mendoza,50,Tupungato,50126,Anchoris,50126A01,392.06
2016,Mendoza,50,Tupungato,50126,Ancón,50126A02,1.39
2016,Mendoza,50,Tupungato,50126,Gualtallary,50126A05,2258.59
2016,Mendoza,50,Tupungato,50126,Zapata,50126A12,118.25
2016,Misiones,54,Cainguás,54014,Aristóbulo del Valle,54014010,1
2016,Misiones,54,Cainguás,54014,Salto Encantado,54014080,6.8
2016,Misiones,54,Capital,54028,Posadas,54028030,5.72
2016,Misiones,54,Leandro N. Alem,54070,Cerro Azul,54070040,1.25
2016,Misiones,54,Leandro N. Alem,54070,Leandro N. Alem,54070070,1.05
2016,Misiones,54,Leandro N. Alem,54070,Olegario V. Andrade,54070080,1
2016,Misiones,54,25 de Mayo,54119,Alba Posse,54119010,0.95
2016,Neuquén,58,Añelo,58014,Añelo,58014010,122.07
2016,Neuquén,58,Añelo,58014,San Patricio del Chañar,58014020,1465.64
2016,Neuquén,58,Collón Curá,58028,Piedra del Águila,58028010,4.84
2016,Neuquén,58,Confluencia,58035,Centenario,58035030,0.87
2016,Neuquén,58,Confluencia,58035,Centenario,58035030,2.84
2016,Neuquén,58,Confluencia,58035,Mari Menuco,58035060,37.86
2016,Neuquén,58,Confluencia,58035,Neuquén,58035070,1.78
2016,Neuquén,58,Confluencia,58035,Neuquén,58035070,1.68
2016,Neuquén,58,Confluencia,58035,Neuquén,58035070,0.33
2016,Neuquén,58,Confluencia,58035,Plottier,58035100,39.66
2016,Neuquén,58,Confluencia,58035,Senillosa,58035110,46.85
2016,Neuquén,58,Chos Malal,58042,Chos Malal,58042010,5.93
2016,Neuquén,58,Lácar,58056,San Martín de los Andes,58056010,0.64
2016,Neuquén,58,Ñorquín,58084,Taquimilán,58084050,0.6
2016,Neuquén,58,Pehuenches,58091,Buta Ranquil,58091020,3.05
2016,Neuquén,58,Picún Leufú,58098,Picún Leufú,58098020,22.04
2016,Neuquén,58,Picunches,58105,Bajada del Agrio,58105010,1.2
2016,Río Negro,62,Adolfo Alsina,62007,Guardia Mitre,62007040,1.57
2016,Río Negro,62,Adolfo Alsina,62007,San Javier,62007080,70.79
2016,Río Negro,62,Adolfo Alsina,62007,Viedma,62007090,27.82
2016,Río Negro,62,Adolfo Alsina,62007,Cubanea,62007A03,2
2016,Río Negro,62,Avellaneda,62014,Chimpay,62014030,0.69
2016,Río Negro,62,Avellaneda,62014,Choele Choel,62014040,12.2
2016,Río Negro,62,Avellaneda,62014,Darwin,62014060,35.53
2016,Río Negro,62,Avellaneda,62014,Lamarque,62014070,2.25
2016,Río Negro,62,Avellaneda,62014,Luis Beltrán,62014080,88.75
2016,Río Negro,62,Avellaneda,62014,Pomona,62014090,24.06
2016,Río Negro,62,Bariloche,62021,El Bolsón,62021030,0.96
2016,Río Negro,62,Conesa,62028,Barrio Colonia Conesa,62028010,2.62
2016,Río Negro,62,Conesa,62028,Barrio Colonia Conesa,62028010,6
2016,Río Negro,62,Conesa,62028,General Conesa,62028020,13.82
2016,Río Negro,62,Conesa,62028,Colonia San Juan,62028A02,12.27
2016,Río Negro,62,El Cuy,62035,El Cuy,62035030,28.8
2016,Río Negro,62,El Cuy,62035,Valle Azul,62035080,31.1
2016,Río Negro,62,General Roca,62042,Allen,62042010,200.12
2016,Río Negro,62,General Roca,62042,Barda del Medio,62042030,15.3
2016,Río Negro,62,General Roca,62042,Barrio Guerrico,62042160,10.61
2016,Río Negro,62,General Roca,62042,Barrio Pinar,62042297,27
2016,Río Negro,62,General Roca,62042,Catriel,62042360,4.51
2016,Río Negro,62,General Roca,62042,Catriel,62042360,1.5
2016,Río Negro,62,General Roca,62042,Cervantes,62042370,79.9
2016,Río Negro,62,General Roca,62042,Chichinales,62042380,10.05
2016,Río Negro,62,General Roca,62042,Cinco Saltos,62042390,7.15
2016,Río Negro,62,General Roca,62042,Cipolletti,62042400,73.24
2016,Río Negro,62,General Roca,62042,Contralmirante Cordero,62042410,3
2016,Río Negro,62,General Roca,62042,Ferri,62042420,4.62
2016,Río Negro,62,General Roca,62042,General Enrique Godoy,62042430,22.16
2016,Río Negro,62,General Roca,62042,General Fernández Oro,62042440,37.31
2016,Río Negro,62,General Roca,62042,General Roca,62042450,0.88
2016,Río Negro,62,General Roca,62042,General Roca,62042450,157.61
2016,Río Negro,62,General Roca,62042,General Roca,62042450,23.4
2016,Río Negro,62,General Roca,62042,Ingeniero Luis A. Huergo,62042460,126.74
2016,Río Negro,62,General Roca,62042,Mainqué,62042480,403.86
2016,Río Negro,62,General Roca,62042,Villa Alberdi,62042530,0.64
2016,Río Negro,62,General Roca,62042,Villa Manzano,62042550,23.58
2016,Río Negro,62,General Roca,62042,Villa Regina,62042560,3.2
2016,Río Negro,62,Pichi Mahuida,62063,Río Colorado,62063020,57.3
2016,Salta,66,Cachi,66014,Cachi,66014010,18.12
2016,Salta,66,Cachi,66014,Payogasta,66014020,60.12
2016,Salta,66,Cachi,66014,La Paya,66014A07,0.38
2016,Salta,66,Cafayate,66021,Cafayate,66021010,77.42
2016,Salta,66,Cafayate,66021,Cafayate,66021010,1931.07
2016,Salta,66,Cafayate,66021,Cafayate,66021010,71.87
2016,Salta,66,Cafayate,66021,Tolombón,66021020,272.13
2016,Salta,66,Cafayate,66021,Chuscha,66021A01,2.35
2016,Salta,66,Cafayate,66021,Las Conchas,66021A04,11.4
2016,Salta,66,Cafayate,66021,Yacochuya Norte,66021A05,45.75
2016,Salta,66,La Viña,66098,Las Curtiembres,66098A08,5.03
2016,Salta,66,Molinos,66119,Molinos,66119020,45.67
2016,Salta,66,Molinos,66119,Seclantás,66119030,3.56
2016,Salta,66,Molinos,66119,Colomé,66119A06,70.7
2016,Salta,66,Molinos,66119,Luracatao,66119A10,3.7
2016,Salta,66,San Carlos,66154,Angastaco,66154010,133.65
2016,Salta,66,San Carlos,66154,Animaná,66154020,416.1
2016,Salta,66,San Carlos,66154,El Barrial,66154030,0.43
2016,Salta,66,San Carlos,66154,San Carlos,66154040,35.07
2016,Salta,66,San Carlos,66154,Corralito,66154A01,25.93
2016,Salta,66,San Carlos,66154,Payogastilla,66154A17,1.64
2016,Salta,66,San Carlos,66154,San Lucas,66154A24,1.8
2016,Salta,66,San Carlos,66154,Santa Rosa,66154A26,11.36
2016,San Juan,70,Albardón,70007,El Rincón,70007010,951.35
2016,San Juan,70,Albardón,70007,El Rincón,70007010,111.64
2016,San Juan,70,Albardón,70007,Villa General San Martín - Campo Afuera,70007020,3.15
2016,San Juan,70,Albardón,70007,Villa General San Martín - Campo Afuera,70007020,195.88
2016,San Juan,70,Albardón,70007,Villa General San Martín - Campo Afuera,70007020,14.25
2016,San Juan,70,Albardón,70007,Villa General San Martín - Campo Afuera,70007020,33.61
2016,San Juan,70,Albardón,70007,Villa General San Martín - Campo Afuera,70007020,129.17
2016,San Juan,70,Albardón,70007,Villa General San Martín - Campo Afuera,70007020,96.9
2016,San Juan,70,Albardón,70007,Baños La Laja,70007A02,8.02
2016,San Juan,70,Albardón,70007,Baños La Laja,70007A02,1.63
2016,San Juan,70,Albardón,70007,El Salado,70007A03,67.16
2016,San Juan,70,Albardón,70007,Las Tapias,70007A04,141.47
2016,San Juan,70,Albardón,70007,Las Tapias,70007A04,15.2
2016,San Juan,70,Angaco,70014,Las Tapias,70014010,21.6
2016,San Juan,70,Angaco,70014,Las Tapias,70014010,332.04
2016,San Juan,70,Angaco,70014,Villa El Salvador,70014020,579.14
2016,San Juan,70,Angaco,70014,Villa Sefair,70014020,262.9
2016,San Juan,70,Angaco,70014,Villa El Salvador,70014020,111.52
2016,San Juan,70,Angaco,70014,Villa El Salvador,70014020,126.32
2016,San Juan,70,Angaco,70014,El Alamito,70014A01,53.13
2016,San Juan,70,Angaco,70014,El Bosque,70014A02,362.83
2016,San Juan,70,Angaco,70014,Punta del Monte,70014A05,409.93
2016,San Juan,70,Calingasta,70021,Barreal - Villa Pituil,70021010,23.12
2016,San Juan,70,Calingasta,70021,Calingasta,70021020,3.37
2016,San Juan,70,Calingasta,70021,Tamberías,70021030,68.75
2016,San Juan,70,Calingasta,70021,Hilario,70021A10,11.87
2016,San Juan,70,Calingasta,70021,Puchuzún,70021A28,1
2016,San Juan,70,Calingasta,70021,Sorocayense,70021A30,3.36
2016,San Juan,70,Calingasta,70021,Villa Corral,70021A31,12.34
2016,San Juan,70,Capital,70028,San Juan,70028010,2.01
2016,San Juan,70,Caucete,70035,Caucete,70035020,0.44
2016,San Juan,70,Caucete,70035,Caucete,70035020,0.2
2016,San Juan,70,Caucete,70035,Caucete,70035020,12.95
2016,San Juan,70,Caucete,70035,Caucete,70035020,2.65
2016,San Juan,70,Caucete,70035,Caucete,70035020,0.63
2016,San Juan,70,Caucete,70035,Caucete,70035020,2811.07
2016,San Juan,70,Caucete,70035,Caucete,70035020,31.02
2016,San Juan,70,Caucete,70035,Caucete,70035020,9.52
2016,San Juan,70,Caucete,70035,El Rincón,70035030,728.91
2016,San Juan,70,Caucete,70035,Las Talas - Los Médanos,70035040,303.34
2016,San Juan,70,Caucete,70035,Marayes,70035050,2.45
2016,San Juan,70,Caucete,70035,Pie de Palo,70035060,126.16
2016,San Juan,70,Caucete,70035,Villa Independencia,70035080,526.38
2016,San Juan,70,Caucete,70035,La Puntilla,70035A02,1158.05
2016,San Juan,70,Caucete,70035,Pozo de los Algarrobos,70035A07,1878.89
2016,San Juan,70,Chimbas,70042,Chimbas,70042010,13
2016,San Juan,70,Chimbas,70042,Chimbas,70042010,1.22
2016,San Juan,70,Chimbas,70042,Chimbas,70042010,160.5
2016,San Juan,70,Chimbas,70042,Chimbas,70042010,644.08
2016,San Juan,70,Iglesia,70049,Angualasto,70049010,5.11
2016,San Juan,70,Iglesia,70049,Las Flores,70049040,2.17
2016,San Juan,70,9 de Julio,70063,Alto de Sierra,70063010,59.81
2016,San Juan,70,9 de Julio,70063,Las Chacritas,70063030,37.5
2016,San Juan,70,9 de Julio,70063,Las Chacritas,70063030,843
2016,San Juan,70,9 de Julio,70063,Las Chacritas,70063030,5.33
2016,San Juan,70,9 de Julio,70063,9 de Julio,70063040,2152.64
2016,San Juan,70,9 de Julio,70063,La Majadita,70063A00,390.25
2016,San Juan,70,9 de Julio,70063,Rincón Cercado,70063A02,137.9
2016,San Juan,70,Pocito,70070,Carpintería,70070020,2219.42
2016,San Juan,70,Pocito,70070,Las Piedritas,70070025,8.4
2016,San Juan,70,Pocito,70070,Las Piedritas,70070025,3.42
2016,San Juan,70,Pocito,70070,Quinto Cuartel,70070030,94.5
2016,San Juan,70,Pocito,70070,Villa Aberastain,70070040,18.96
2016,San Juan,70,Pocito,70070,Villa Aberastain,70070040,176.37
2016,San Juan,70,Pocito,70070,Villa Aberastain,70070040,765.06
2016,San Juan,70,Pocito,70070,La Rinconada,70070040,695.91
2016,San Juan,70,Pocito,70070,Villa Nacusi,70070050,2
2016,San Juan,70,Pocito,70070,Villa Nacusi,70070050,8.01
2016,San Juan,70,Pocito,70070,Villa Nacusi,70070050,49.54
2016,San Juan,70,Rawson,70077,Rawson,70077010,36.64
2016,San Juan,70,Rawson,70077,El Medanito,70077010,224.21
2016,San Juan,70,Rawson,70077,Rawson,70077010,6.97
2016,San Juan,70,Rawson,70077,Rawson,70077010,791.89
2016,San Juan,70,Rawson,70077,Rawson,70077010,34.03
2016,San Juan,70,Rawson,70077,Colonia Médano de Oro,70077A00,539.46
2016,San Juan,70,Rawson,70077,Colonia Rodas,70077A02,263.95
2016,San Juan,70,Rawson,70077,Colonia Rodas,70077A02,61.52
2016,San Juan,70,Rivadavia,70084,Rivadavia,70084010,124.62
2016,San Juan,70,Rivadavia,70084,Rivadavia,70084010,189.03
2016,San Juan,70,Rivadavia,70084,Rivadavia,70084010,99.33
2016,San Juan,70,San Martín,70091,Dos Acequias,70091020,891.51
2016,San Juan,70,San Martín,70091,San Isidro,70091030,706.34
2016,San Juan,70,San Martín,70091,Villa Dominguito,70091050,27.24
2016,San Juan,70,San Martín,70091,Villa San Martín,70091070,1048.69
2016,San Juan,70,San Martín,70091,Villa San Martín,70091070,6.53
2016,San Juan,70,San Martín,70091,Coll,70091A00,7.26
2016,San Juan,70,San Martín,70091,Los Compartos,70091A01,883.9
2016,San Juan,70,San Martín,70091,Los Compartos,70091A01,141.54
2016,San Juan,70,San Martín,70091,Los Compartos,70091A01,56.55
2016,San Juan,70,San Martín,70091,Villa Lugano,70091A02,31.57
2016,San Juan,70,San Martín,70091,Villa Lugano,70091A02,40
2016,San Juan,70,Santa Lucía,70098,Santa Lucía,70098010,81.77
2016,San Juan,70,Santa Lucía,70098,Colonia Gutiérrez,70098010,83.83
2016,San Juan,70,Santa Lucía,70098,Santa Lucía,70098010,416.44
2016,San Juan,70,Santa Lucía,70098,Colonia Gutiérrez,70098010,23.32
2016,San Juan,70,Santa Lucía,70098,Colonia Gutiérrez,70098010,433.52
2016,San Juan,70,Santa Lucía,70098,Santa Lucía,70098010,50.17
2016,San Juan,70,Santa Lucía,70098,Santa Lucía,70098010,53.27
2016,San Juan,70,Santa Lucía,70098,Santa Lucía,70098010,47.75
2016,San Juan,70,Sarmiento,70105,Cañada Honda,70105010,647.3
2016,San Juan,70,Sarmiento,70105,Colonia Fiscal,70105030,939.6
2016,San Juan,70,Sarmiento,70105,Guanacache,70105050,308.5
2016,San Juan,70,Sarmiento,70105,Las Lagunas,70105060,574.89
2016,San Juan,70,Sarmiento,70105,Los Berros,70105070,6.44
2016,San Juan,70,Sarmiento,70105,Los Berros,70105070,49.44
2016,San Juan,70,Sarmiento,70105,Pedernal,70105080,661.89
2016,San Juan,70,Sarmiento,70105,Punta del Médano,70105090,184.68
2016,San Juan,70,Sarmiento,70105,Villa Media Agua,70105100,365.46
2016,San Juan,70,Sarmiento,70105,Villa Media Agua,70105100,1433.04
2016,San Juan,70,Sarmiento,70105,Cochagual,70105A01,2227.84
2016,San Juan,70,Sarmiento,70105,Colonia San Antonio,70105A02,5
2016,San Juan,70,Sarmiento,70105,San Carlos,70105A07,142.12
2016,San Juan,70,Sarmiento,70105,Tres Esquinas,70105A08,407.38
2016,San Juan,70,Ullum,70112,Villa Ibáñez,70112010,1657.40
2016,San Juan,70,Ullum,70112,Villa Ibáñez,70112010,28.64
2016,San Juan,70,Ullum,70112,La Banderita,70112A04,13.25
2016,San Juan,70,Valle Fértil,70119,Balde del Rosario,70119020,0.48
2016,San Juan,70,25 de Mayo,70126,Tupelí,70126020,166.26
2016,San Juan,70,25 de Mayo,70126,Tupelí,70126020,497.3
2016,San Juan,70,25 de Mayo,70126,Villa Borjas - La Chimbera,70126030,1525.72
2016,San Juan,70,25 de Mayo,70126,Villa Santa Rosa,70126050,1945.62
2016,San Juan,70,25 de Mayo,70126,Villa Santa Rosa,70126050,113.39
2016,San Juan,70,25 de Mayo,70126,Villa Santa Rosa,70126050,1644.51
2016,San Juan,70,25 de Mayo,70126,Villa Santa Rosa,70126050,40.38
2016,San Juan,70,25 de Mayo,70126,Villa Santa Rosa,70126050,604.83
2016,San Juan,70,25 de Mayo,70126,Algarrobo Verde,70126A00,52
2016,San Juan,70,25 de Mayo,70126,Cuatro Esquinas,70126A04,17.17
2016,San Juan,70,25 de Mayo,70126,Las Casuarinas,70126A06,2159.52
2016,San Juan,70,25 de Mayo,70126,Punta del Médano,70126A09,104.17
2016,San Juan,70,Zonda,70133,Villa Basilio Nievas,70133010,323.29
2016,San Juan,70,Zonda,70133,Villa Basilio Nievas,70133010,254.15
2016,San Juan,70,Zonda,70133,Villa Basilio Nievas,70133010,22
2016,San Juan,70,Zonda,70133,Villa Basilio Nievas,70133010,765.57
2016,San Luis,74,Ayacucho,74007,Candelaria,74007010,10.08
2016,San Luis,74,Belgrano,74014,Nogolí,74014020,4
2016,San Luis,74,Junín,74049,Merlo,74049060,1.33
2016,San Luis,74,Junín,74049,Santa Rosa del Conlara,74049070,26.1
2016,San Luis,74,Juan Martín de Pueyrredón,74056,Beazley,74056040,56.93
2016,San Luis,74,Juan Martín de Pueyrredón,74056,San Luis,74056150,4.88
2016,Santiago del Estero,86,Capital,86049,Vuelta de la Barranca,86049120,8.8
2016,Tucumán,90,Tafí del Valle,90098,Amaicha del Valle,90098010,14.98
2016,Tucumán,90,Tafí del Valle,90098,Amaicha del Valle,90098010,0.95
2016,Tucumán,90,Tafí del Valle,90098,Colalao del Valle,90098020,49.85
2016,Tucumán,90,Tafí del Valle,90098,El Bañado,90098A12,7.59
2016,Tucumán,90,Tafí del Valle,90098,El Paso,90098A18,30.97
2016,Tucumán,90,Tafí del Valle,90098,Los Zazos,90098A40,0.86
2016,Tucumán,90,Tafí del Valle,90098,Quilmes,90098A48,0.32
2016,Tucumán,90,Trancas,90112,Villa de Trancas,90112030,4.55
2017,Buenos Aires,06,Avellaneda,06035,Villa Domínico,06035010,2.74
2017,Buenos Aires,06,Avellaneda,06035,Sarandí,06035010,1.03
2017,Buenos Aires,06,Balcarce,06063,Balcarce,06063010,8.52
2017,Buenos Aires,06,Benito Juárez,06084,Barker,06084010,0.25
2017,Buenos Aires,06,Berisso,06098,Los Talas,06098010,0.07
2017,Buenos Aires,06,Berisso,06098,Berisso,06098010,19
2017,Buenos Aires,06,Berisso,06098,Isla Paulino,06098A02,0.44
2017,Buenos Aires,06,Cañuelas,06134,Uribelarrea,06134070,1.36
2017,Buenos Aires,06,Coronel Dorrego,06189,Coronel Dorrego,06189030,0.02
2017,Buenos Aires,06,Coronel Pringles,06196,Coronel Pringles,06196010,2.29
2017,Buenos Aires,06,Coronel Suárez,06203,Coronel Suárez,06203020,3.47
2017,Buenos Aires,06,Coronel Suárez,06203,Villa La Arcadia,06203100,16
2017,Buenos Aires,06,Daireaux,06231,Daireaux,06231030,0.73
2017,Buenos Aires,06,General Pueyrredón,06357,Chapadmalal,06357080,26.6
2017,Buenos Aires,06,Junín,06413,Junín,06413050,0.27
2017,Buenos Aires,06,La Costa,06420,Mar del Tuyú,06420040,0.2
2017,Buenos Aires,06,Saavedra,06700,Pigüé,06700060,18
2017,Buenos Aires,06,Tandil,06791,María Ignacia,06791040,5.7
2017,Buenos Aires,06,Tandil,06791,Tandil,06791050,0.7
2017,Buenos Aires,06,Tandil,06791,Tandil,06791050,0.65
2017,Buenos Aires,06,Tornquist,06819,Saldungaray,06819020,9.09
2017,Buenos Aires,06,Tornquist,06819,Villa Ventana,06819070,3
2017,Buenos Aires,06,Villa Gesell,06868,Villa Gesell,06868020,0.38
2017,Buenos Aires,06,Villarino,06875,Médanos,06875060,24.52
2017,Catamarca,10,Andalgalá,10021,Andalgalá,10021020,3.22
2017,Catamarca,10,Andalgalá,10021,Andalgalá,10021020,3.91
2017,Catamarca,10,Belén,10035,Belén,10035020,3
2017,Catamarca,10,Belén,10035,Corral Quemado,10035040,3.3
2017,Catamarca,10,Belén,10035,Hualfín,10035070,144.56
2017,Catamarca,10,Belén,10035,Jacipunco,10035080,1.94
2017,Catamarca,10,Belén,10035,Los Nacimientos,10035120,3.9
2017,Catamarca,10,Belén,10035,Puerta de Corral Quemado,10035130,37.24
2017,Catamarca,10,Belén,10035,La Ciénaga de Arriba,10035A22,1.5
2017,Catamarca,10,Belén,10035,San Fernando,10035A42,3.25
2017,Catamarca,10,Capayán,10042,Chumbicha,10042040,5.9
2017,Catamarca,10,Capayán,10042,Colonia Nueva Coneta,10042060,2.84
2017,Catamarca,10,Pomán,10084,San Miguel,10084090,17.6
2017,Catamarca,10,Pomán,10084,Saujil,10084100,0.4
2017,Catamarca,10,Pomán,10084,Siján,10084110,19.57
2017,Catamarca,10,Santa María,10091,Andalhualá,10091010,14.04
2017,Catamarca,10,Santa María,10091,Chañar Punco,10091030,352.02
2017,Catamarca,10,Santa María,10091,Lampacito,10091030,18.62
2017,Catamarca,10,Santa María,10091,Lampacito,10091030,39.72
2017,Catamarca,10,Santa María,10091,Famatanca,10091070,5.63
2017,Catamarca,10,Santa María,10091,Fuerte Quemado,10091080,76.27
2017,Catamarca,10,Santa María,10091,La Loma,10091100,2.28
2017,Catamarca,10,Santa María,10091,Las Mojarras,10091110,21.85
2017,Catamarca,10,Santa María,10091,El Cerrito,10091110,2.48
2017,Catamarca,10,Santa María,10091,Loro Huasi,10091120,1.48
2017,Catamarca,10,Santa María,10091,Punta de Balasto,10091130,7.25
2017,Catamarca,10,Santa María,10091,San José,10091140,20.94
2017,Catamarca,10,Santa María,10091,Palo Seco,10091140,0.4
2017,Catamarca,10,Santa María,10091,Casa de Piedra,10091140,0.16
2017,Catamarca,10,Santa María,10091,Santa María,10091150,44.22
2017,Catamarca,10,Santa María,10091,Santa María,10091150,124.12
2017,Catamarca,10,Santa María,10091,Yapes,10091160,2.62
2017,Catamarca,10,Santa María,10091,Entre Ríos,10091A08,0.41
2017,Catamarca,10,Tinogasta,10105,Anillaco,10105010,67.77
2017,Catamarca,10,Tinogasta,10105,Copacabana,10105050,263.17
2017,Catamarca,10,Tinogasta,10105,El Puesto,10105090,76.64
2017,Catamarca,10,Tinogasta,10105,El Salado,10105100,3.05
2017,Catamarca,10,Tinogasta,10105,Fiambalá,10105110,366.15
2017,Catamarca,10,Tinogasta,10105,Medanitos,10105130,229.59
2017,Catamarca,10,Tinogasta,10105,Palo Blanco,10105140,20.17
2017,Catamarca,10,Tinogasta,10105,Saujil,10105160,21.76
2017,Catamarca,10,Tinogasta,10105,Tinogasta,10105180,304.82
2017,Catamarca,10,Tinogasta,10105,Tinogasta,10105180,111.24
2017,Catamarca,10,Tinogasta,10105,Tinogasta,10105180,45.45
2017,Catamarca,10,Tinogasta,10105,Tinogasta,10105180,7.75
2017,Catamarca,10,Tinogasta,10105,San José Norte,10105A27,264.17
2017,Catamarca,10,Valle Viejo,10112,Santa Cruz,10112050,0.8
2017,Córdoba,14,Calamuchita,14007,Los Reartes,14007130,1.01
2017,Córdoba,14,Calamuchita,14007,Villa Ciudad Parque Los Reartes,14007270,9.43
2017,Córdoba,14,Calamuchita,14007,Villa General Belgrano,14007310,0.87
2017,Córdoba,14,Calamuchita,14007,Atos Pampa,14007A01,8.8
2017,Córdoba,14,Colón,14021,Colonia Caroya,14021050,133.41
2017,Córdoba,14,Colón,14021,Colonia Vicente Agüero,14021070,14.46
2017,Córdoba,14,Colón,14021,Santa Teresa,14021A20,5.3
2017,Córdoba,14,Cruz del Eje,14028,Cruz del Eje,14028050,13
2017,Córdoba,14,Cruz del Eje,14028,Guanaco Muerto,14028080,2
2017,Córdoba,14,Cruz del Eje,14028,Las Playas,14028130,3.6
2017,Córdoba,14,Cruz del Eje,14028,San Marcos Sierra,14028170,8.09
2017,Córdoba,14,Ischilín,14049,Quilino,14049100,45.68
2017,Córdoba,14,Ischilín,14049,Ischilín,14049A07,9.06
2017,Córdoba,14,Punilla,14091,Charbonier,14091060,0.26
2017,Córdoba,14,Punilla,14091,Huerta Grande,14091100,0.68
2017,Córdoba,14,Punilla,14091,Villa Santa Cruz del Lago,14091320,3.5
2017,Córdoba,14,San Alberto,14126,Las Calles,14126050,4.57
2017,Córdoba,14,San Javier,14133,La Población,14133070,1.2
2017,Córdoba,14,San Javier,14133,Las Chacras,14133095,1.2
2017,Córdoba,14,San Javier,14133,Las Tapias,14133100,1.71
2017,Córdoba,14,San Javier,14133,Luyaba,14133150,3.7
2017,Córdoba,14,San Javier,14133,San Javier y Yacanto,14133170,5.16
2017,Córdoba,14,San Javier,14133,San Javier y Yacanto,14133170,2.33
2017,Córdoba,14,San Javier,14133,San José,14133180,15
2017,Córdoba,14,San Javier,14133,Villa de las Rosas,14133190,1
2017,Córdoba,14,San Javier,14133,Rodeo de Piedra,14133A19,0.03
2017,Córdoba,14,Santa María,14147,Potrero de Garay,14147230,9.15
2017,Córdoba,14,Tulumba,14175,San Pedro Norte,14175100,4.42
2017,Córdoba,14,Tulumba,14175,Isla de San Antonio,14175A13,0.59
2017,Córdoba,14,Tulumba,14175,Santa Cruz,14175A37,0.31
2017,Chubut,26,Cushamen,26014,Cushamen Centro,26014030,20
2017,Chubut,26,Cushamen,26014,El Hoyo,26014040,0.9
2017,Chubut,26,Cushamen,26014,Lago Puelo,26014090,1
2017,Chubut,26,Futaleufú,26035,Trevelín,26035060,5.23
2017,Chubut,26,Languiñeo,26056,Paso del Sapo,26056040,0.12
2017,Chubut,26,Sarmiento,26091,Sarmiento,26091020,40
2017,Entre Ríos,30,Colón,30008,Colón,30008020,4.93
2017,Entre Ríos,30,Colón,30008,San José,30008090,0.45
2017,Entre Ríos,30,Concordia,30015,Calabacilla,30015010,2.84
2017,Entre Ríos,30,Concordia,30015,Concordia,30015060,5.5
2017,Entre Ríos,30,Concordia,30015,Estación Yeruá,30015080,6.08
2017,Entre Ríos,30,Concordia,30015,La Criolla,30015090,6.69
2017,Entre Ríos,30,Diamante,30021,Colonia Ensayo,30021070,2.51
2017,Entre Ríos,30,Diamante,30021,Estación Puiggari,30021150,2
2017,Entre Ríos,30,Diamante,30021,Las Cuevas,30021A08,0.6
2017,Entre Ríos,30,Gualeguaychú,30056,Gualeguaychú,30056070,1.2
2017,Entre Ríos,30,Nogoyá,30077,Lucas González,30077060,0.25
2017,Entre Ríos,30,Paraná,30084,Crespo,30084070,0.49
2017,Entre Ríos,30,Paraná,30084,Paraná,30084160,4.26
2017,Entre Ríos,30,Paraná,30084,Colonia Rivadavia,30084A20,0.75
2017,Entre Ríos,30,Uruguay,30098,Concepción del Uruguay,30098040,0.25
2017,Entre Ríos,30,Victoria,30105,Victoria,30105060,2.34
2017,Entre Ríos,30,Victoria,30105,Laguna del Pescado,30105A11,5.49
2017,Jujuy,38,El Carmen,38014,Monterrico,38014070,3.09
2017,Jujuy,38,Humahuaca,38028,Uquía,38028060,4.98
2017,Jujuy,38,Tilcara,38094,Colonia San José,38094010,3.15
2017,Jujuy,38,Tilcara,38094,Huacalera,38094020,5.11
2017,Jujuy,38,Tilcara,38094,Maimará,38094040,4.38
2017,Jujuy,38,Tilcara,38094,Tilcara,38094050,2.78
2017,Jujuy,38,Tumbaya,38098,Purmamarca,38098030,2.27
2017,La Pampa,42,Curacó,42042,Gobernador Duval,42042010,6.1
2017,La Pampa,42,Puelén,42112,Puelén,42112010,59
2017,La Pampa,42,Puelén,42112,25 de Mayo,42112020,210.29
2017,La Rioja,46,Capital,46014,La Rioja,46014010,11
2017,La Rioja,46,Castro Barros,46021,Aminga,46021010,170.96
2017,La Rioja,46,Castro Barros,46021,Anillaco,46021020,84.22
2017,La Rioja,46,Castro Barros,46021,San Pedro,46021070,2.49
2017,La Rioja,46,Castro Barros,46021,Agua Blanca,46021A00,0.4
2017,La Rioja,46,General Felipe Varela,46028,Santa Clara,46028020,28.73
2017,La Rioja,46,General Felipe Varela,46028,Guandacol,46028020,174.82
2017,La Rioja,46,General Felipe Varela,46028,Los Palacios,46028030,150.17
2017,La Rioja,46,General Felipe Varela,46028,Pagancillo,46028040,27.78
2017,La Rioja,46,General Felipe Varela,46028,Banda Florida,46028050,28.48
2017,La Rioja,46,General Felipe Varela,46028,Villa Unión,46028050,210.27
2017,La Rioja,46,General Felipe Varela,46028,Paso San Isidro,46028A14,4.19
2017,La Rioja,46,General Felipe Varela,46028,Paso San Isidro,46028A14,6.03
2017,La Rioja,46,Chilecito,46042,Anguinán,46042010,1111.75
2017,La Rioja,46,Chilecito,46042,La Puntilla,46042010,0.11
2017,La Rioja,46,Chilecito,46042,Chilecito,46042010,4.05
2017,La Rioja,46,Chilecito,46042,San Miguel,46042010,3.35
2017,La Rioja,46,Chilecito,46042,Los Sarmientos,46042010,2.17
2017,La Rioja,46,Chilecito,46042,Colonia Catinzaco,46042030,105.29
2017,La Rioja,46,Chilecito,46042,Guanchín,46042060,12
2017,La Rioja,46,Chilecito,46042,Malligasta,46042070,1462.06
2017,La Rioja,46,Chilecito,46042,Miranda,46042080,2.23
2017,La Rioja,46,Chilecito,46042,Nonogasta,46042090,1065.71
2017,La Rioja,46,Chilecito,46042,San Nicolás,46042100,47.82
2017,La Rioja,46,Chilecito,46042,Sañogasta,46042120,41.44
2017,La Rioja,46,Chilecito,46042,Tilimuqui,46042130,872.29
2017,La Rioja,46,Chilecito,46042,Vichigasta,46042140,1371.60
2017,La Rioja,46,Famatina,46049,Angulos,46049020,44.67
2017,La Rioja,46,Famatina,46049,Bajo Carrizal,46049040,0.08
2017,La Rioja,46,Famatina,46049,Campanas,46049050,1.7
2017,La Rioja,46,Famatina,46049,Chañarmuyo,46049060,91.33
2017,La Rioja,46,Famatina,46049,Famatina,46049070,1.48
2017,La Rioja,46,Famatina,46049,Famatina,46049070,13.04
2017,La Rioja,46,Famatina,46049,Famatina,46049070,84.63
2017,La Rioja,46,Famatina,46049,Pituil,46049090,79.62
2017,La Rioja,46,Famatina,46049,Plaza Vieja,46049100,30.26
2017,La Rioja,46,General Lamadrid,46077,Villa Castelli,46077010,53.41
2017,La Rioja,46,General Lamadrid,46077,Villa Castelli,46077010,6.25
2017,La Rioja,46,Vinchina,46098,Villa San José de Vinchina,46098020,48.09
2017,La Rioja,46,San Blas de Los Sauces,46119,Alpasinche,46119010,22.64
2017,La Rioja,46,San Blas de Los Sauces,46119,Chaupihuasi,46119010,8.17
2017,La Rioja,46,San Blas de Los Sauces,46119,Las Talas,46119010,0.4
2017,La Rioja,46,San Blas de Los Sauces,46119,San Blas,46119010,10.2
2017,La Rioja,46,San Blas de Los Sauces,46119,Los Robles,46119010,0.15
2017,La Rioja,46,Sanagasta,46126,Villa Sanagasta,46126010,11.85
2017,Mendoza,50,General Alvear,50014,Bowen,50014010,31.36
2017,Mendoza,50,General Alvear,50014,Bowen,50014010,1310.20
2017,Mendoza,50,General Alvear,50014,Carmensa,50014020,272.91
2017,Mendoza,50,General Alvear,50014,Carmensa,50014020,8.15
2017,Mendoza,50,General Alvear,50014,General Alvear,50014030,207.72
2017,Mendoza,50,General Alvear,50014,General Alvear,50014030,349.4
2017,Mendoza,50,General Alvear,50014,General Alvear,50014030,104.83
2017,Mendoza,50,General Alvear,50014,General Alvear,50014030,22.27
2017,Mendoza,50,General Alvear,50014,General Alvear,50014030,255.35
2017,Mendoza,50,General Alvear,50014,Los Compartos,50014040,463.11
2017,Mendoza,50,General Alvear,50014,Colonia San Pedro del Atuel,50014A04,16
2017,Mendoza,50,General Alvear,50014,El Ceibo,50014A08,12.72
2017,Mendoza,50,General Alvear,50014,El Ceibo,50014A08,107.07
2017,Mendoza,50,General Alvear,50014,La California,50014A12,46.14
2017,Mendoza,50,General Alvear,50014,La Escandinava,50014A14,195.27
2017,Mendoza,50,General Alvear,50014,La Marsolina,50014A16,370.16
2017,Mendoza,50,General Alvear,50014,La Marsolina,50014A16,6.35
2017,Mendoza,50,General Alvear,50014,La Montilla,50014A17,1.5
2017,Mendoza,50,General Alvear,50014,Los Campamentos,50014A19,76.54
2017,Mendoza,50,General Alvear,50014,Poste de Fierro,50014A24,105.31
2017,Mendoza,50,Godoy Cruz,50021,Gobernador Benegas,50021010,0.68
2017,Mendoza,50,Guaymallén,50028,Colonia Segovia,50028010,103.7
2017,Mendoza,50,Guaymallén,50028,Bermejo,50028020,68.46
2017,Mendoza,50,Guaymallén,50028,El Sauce,50028020,106.68
2017,Mendoza,50,Guaymallén,50028,Rodeo de la Cruz,50028020,51.78
2017,Mendoza,50,Guaymallén,50028,Dorrego,50028020,22.73
2017,Mendoza,50,Guaymallén,50028,Villa Nueva,50028020,58.05
2017,Mendoza,50,Guaymallén,50028,San Francisco del Monte,50028020,2
2017,Mendoza,50,Guaymallén,50028,Buena Nueva,50028020,43.63
2017,Mendoza,50,Guaymallén,50028,La Primavera,50028030,31.35
2017,Mendoza,50,Guaymallén,50028,La Primavera,50028030,7.2
2017,Mendoza,50,Guaymallén,50028,La Primavera,50028030,25.1
2017,Mendoza,50,Guaymallén,50028,Los Corralitos,50028040,125.16
2017,Mendoza,50,Junín,50035,Ingeniero Giagnoni,50035010,32.8
2017,Mendoza,50,Junín,50035,Junín,50035020,1041.78
2017,Mendoza,50,Junín,50035,Junín,50035020,18.72
2017,Mendoza,50,Junín,50035,Junín,50035020,12.41
2017,Mendoza,50,Junín,50035,Junín,50035020,109.92
2017,Mendoza,50,Junín,50035,La Colonia,50035030,823.17
2017,Mendoza,50,Junín,50035,Los Barriales,50035040,29.4
2017,Mendoza,50,Junín,50035,Los Barriales,50035040,1573.89
2017,Mendoza,50,Junín,50035,Los Barriales,50035040,5.28
2017,Mendoza,50,Junín,50035,Medrano,50035050,23.97
2017,Mendoza,50,Junín,50035,Medrano,50035050,1799.25
2017,Mendoza,50,Junín,50035,Medrano,50035050,58.88
2017,Mendoza,50,Junín,50035,Phillips,50035060,2197.39
2017,Mendoza,50,Junín,50035,Phillips,50035060,9.39
2017,Mendoza,50,Junín,50035,Rodríguez Peña,50035070,1184.97
2017,Mendoza,50,Junín,50035,Algarrobo Grande,50035A00,107.43
2017,Mendoza,50,Junín,50035,Algarrobo Grande,50035A00,71.33
2017,Mendoza,50,Junín,50035,Algarrobo Grande,50035A00,1799.79
2017,Mendoza,50,Junín,50035,Alto Verde,50035A01,785.33
2017,Mendoza,50,Junín,50035,Alto Verde,50035A01,228.82
2017,Mendoza,50,Junín,50035,Tres Esquinas,50035A02,7.16
2017,Mendoza,50,La Paz,50042,La Paz,50042020,144.43
2017,Mendoza,50,La Paz,50042,La Paz,50042020,63.6
2017,Mendoza,50,La Paz,50042,Villa Antigua,50042030,44.71
2017,Mendoza,50,La Paz,50042,Las Chacritas,50042A07,22.12
2017,Mendoza,50,Las Heras,50049,Jocolí,50049030,114.1
2017,Mendoza,50,Las Heras,50049,Capdevila,50049050,350.07
2017,Mendoza,50,Las Heras,50049,Las Heras,50049050,2.91
2017,Mendoza,50,Las Heras,50049,El Plumerillo,50049050,76.5
2017,Mendoza,50,Las Heras,50049,El Borbollón,50049050,207.91
2017,Mendoza,50,Las Heras,50049,El Algarrobal,50049050,448.37
2017,Mendoza,50,Las Heras,50049,Panquehuá,50049050,46.59
2017,Mendoza,50,Las Heras,50049,El Challao,50049050,7.26
2017,Mendoza,50,Las Heras,50049,Las Heras,50049050,13.6
2017,Mendoza,50,Las Heras,50049,Las Heras,50049050,28.53
2017,Mendoza,50,Las Heras,50049,Polvaredas,50049080,6
2017,Mendoza,50,Las Heras,50049,Uspallata,50049110,4
2017,Mendoza,50,Las Heras,50049,El Pastal,50049A04,10
2017,Mendoza,50,Las Heras,50049,El Pastal,50049A04,229.67
2017,Mendoza,50,Lavalle,50056,Barrio Alto del Olvido,50056010,23.52
2017,Mendoza,50,Lavalle,50056,Barrio La Palmera,50056030,443.69
2017,Mendoza,50,Lavalle,50056,Barrio La Pega,50056040,250.08
2017,Mendoza,50,Lavalle,50056,Costa de Araujo,50056080,6.3
2017,Mendoza,50,Lavalle,50056,Costa de Araujo,50056080,4479.68
2017,Mendoza,50,Lavalle,50056,Costa de Araujo,50056080,3.12
2017,Mendoza,50,Lavalle,50056,El Paramillo,50056090,613.97
2017,Mendoza,50,Lavalle,50056,El Vergel,50056100,248.62
2017,Mendoza,50,Lavalle,50056,El Vergel,50056100,7
2017,Mendoza,50,Lavalle,50056,Ingeniero Gustavo André,50056110,2544.13
2017,Mendoza,50,Lavalle,50056,Ingeniero Gustavo André,50056110,14.52
2017,Mendoza,50,Lavalle,50056,Jocolí,50056120,1342.52
2017,Mendoza,50,Lavalle,50056,Jocolí Viejo,50056130,231.97
2017,Mendoza,50,Lavalle,50056,Las Violetas,50056140,69.57
2017,Mendoza,50,Lavalle,50056,3 de Mayo,50056150,106.74
2017,Mendoza,50,Lavalle,50056,3 de Mayo,50056150,1085.68
2017,Mendoza,50,Lavalle,50056,Villa Tulumaya,50056160,503.05
2017,Mendoza,50,Lavalle,50056,Villa Tulumaya,50056160,38.09
2017,Mendoza,50,Lavalle,50056,El Carmen,50056A05,128.72
2017,Mendoza,50,Lavalle,50056,El Chilcal,50056A06,293.37
2017,Mendoza,50,Lavalle,50056,El Chilcal,50056A06,15.92
2017,Mendoza,50,Lavalle,50056,El Plumero,50056A09,861.47
2017,Mendoza,50,Lavalle,50056,El Plumero,50056A09,17.18
2017,Mendoza,50,Lavalle,50056,El Retiro,50056A12,84.54
2017,Mendoza,50,Lavalle,50056,La Asunción,50056A15,107.18
2017,Mendoza,50,Lavalle,50056,La Holanda,50056A17,583.96
2017,Mendoza,50,Lavalle,50056,Resurrección,50056A23,8.19
2017,Mendoza,50,Lavalle,50056,San Francisco,50056A24,256.24
2017,Mendoza,50,Lavalle,50056,San José,50056A26,22.5
2017,Mendoza,50,Lavalle,50056,San José,50056A26,4
2017,Mendoza,50,Luján de Cuyo,50063,Agrelo,50063010,5306.98
2017,Mendoza,50,Luján de Cuyo,50063,El Carrizal,50063050,2903.10
2017,Mendoza,50,Luján de Cuyo,50063,Las Compuertas,50063070,426.07
2017,Mendoza,50,Luján de Cuyo,50063,Mayor Drummond,50063090,414.75
2017,Mendoza,50,Luján de Cuyo,50063,Carrodilla,50063090,163.57
2017,Mendoza,50,Luján de Cuyo,50063,Vistalba,50063090,486.41
2017,Mendoza,50,Luján de Cuyo,50063,Chacras de Coria,50063090,114.86
2017,Mendoza,50,Luján de Cuyo,50063,Luján de Cuyo,50063090,169.34
2017,Mendoza,50,Luján de Cuyo,50063,La Puntilla,50063090,4.7
2017,Mendoza,50,Luján de Cuyo,50063,Perdriel,50063100,1421.75
2017,Mendoza,50,Luján de Cuyo,50063,Perdriel,50063100,2
2017,Mendoza,50,Luján de Cuyo,50063,Potrerillos,50063110,2.02
2017,Mendoza,50,Luján de Cuyo,50063,Ugarteche,50063120,4189.00
2017,Mendoza,50,Luján de Cuyo,50063,Anchoris,50063A01,75.2
2017,Mendoza,50,Luján de Cuyo,50063,Baños Lunlunta,50063A02,27.69
2017,Mendoza,50,Luján de Cuyo,50063,Industrial,50063A03,23.5
2017,Mendoza,50,Maipú,50070,Barrancas,50070010,2964.79
2017,Mendoza,50,Maipú,50070,Barrancas,50070010,1.5
2017,Mendoza,50,Maipú,50070,Barrio Jesús de Nazaret,50070020,16.69
2017,Mendoza,50,Maipú,50070,Cruz de Piedra,50070030,848.08
2017,Mendoza,50,Maipú,50070,Cruz de Piedra,50070030,612.1
2017,Mendoza,50,Maipú,50070,El Pedregal,50070040,41
2017,Mendoza,50,Maipú,50070,Fray Luis Beltrán,50070050,205.22
2017,Mendoza,50,Maipú,50070,Fray Luis Beltrán,50070050,4091.28
2017,Mendoza,50,Maipú,50070,Fray Luis Beltrán,50070050,203.28
2017,Mendoza,50,Maipú,50070,Maipú,50070060,39.89
2017,Mendoza,50,Maipú,50070,Coquimbito,50070060,359.3
2017,Mendoza,50,Maipú,50070,General Gutiérrez,50070060,50.26
2017,Mendoza,50,Maipú,50070,Rodeo del Medio,50070070,961.16
2017,Mendoza,50,Maipú,50070,Rodeo del Medio,50070070,2
2017,Mendoza,50,Maipú,50070,Rodeo del Medio,50070070,21.8
2017,Mendoza,50,Maipú,50070,Rodeo del Medio,50070070,129.64
2017,Mendoza,50,Maipú,50070,Russell,50070080,522.41
2017,Mendoza,50,Maipú,50070,San Roque,50070090,230.63
2017,Mendoza,50,Maipú,50070,San Roque,50070090,484.95
2017,Mendoza,50,Maipú,50070,El Paraíso,50070A01,170.05
2017,Mendoza,50,Maipú,50070,Los Álamos,50070A02,129.69
2017,Mendoza,50,Rivadavia,50084,Andrade,50084010,1058.79
2017,Mendoza,50,Rivadavia,50084,El Mirador,50084040,109.22
2017,Mendoza,50,Rivadavia,50084,El Mirador,50084040,2248.93
2017,Mendoza,50,Rivadavia,50084,La Central,50084050,3192.57
2017,Mendoza,50,Rivadavia,50084,La Libertad,50084080,1029.87
2017,Mendoza,50,Rivadavia,50084,Los Árboles,50084090,689.85
2017,Mendoza,50,Rivadavia,50084,Los Campamentos,50084100,3940.68
2017,Mendoza,50,Rivadavia,50084,Los Campamentos,50084100,4
2017,Mendoza,50,Rivadavia,50084,Medrano,50084110,697.88
2017,Mendoza,50,Rivadavia,50084,Mundo Nuevo,50084120,142.1
2017,Mendoza,50,Rivadavia,50084,Reducción de Abajo,50084130,952.13
2017,Mendoza,50,Rivadavia,50084,Rivadavia,50084140,825.62
2017,Mendoza,50,Rivadavia,50084,Santa María de Oro,50084150,675.87
2017,Mendoza,50,San Carlos,50091,Barrio El Cepillo,50091010,497.23
2017,Mendoza,50,San Carlos,50091,Chilecito,50091020,396.05
2017,Mendoza,50,San Carlos,50091,Eugenio Bustos,50091030,2440.48
2017,Mendoza,50,San Carlos,50091,La Consulta,50091040,9
2017,Mendoza,50,San Carlos,50091,La Consulta,50091040,35.89
2017,Mendoza,50,San Carlos,50091,La Consulta,50091040,4630.19
2017,Mendoza,50,San Carlos,50091,Pareditas,50091050,206.99
2017,Mendoza,50,San Carlos,50091,San Carlos,50091060,54.75
2017,Mendoza,50,San Carlos,50091,San Carlos,50091060,316.37
2017,Mendoza,50,San Carlos,50091,Casas Viejas,50091A01,53.93
2017,Mendoza,50,San Carlos,50091,El Capacho,50091A03,20.6
2017,Mendoza,50,San Carlos,50091,Tres Esquinas,50091A17,13.06
2017,Mendoza,50,San Martín,50098,Alto Verde,50098020,3029.02
2017,Mendoza,50,San Martín,50098,Chapanay,50098060,5053.56
2017,Mendoza,50,San Martín,50098,Chivilcoy,50098070,636.91
2017,Mendoza,50,San Martín,50098,El Espino,50098073,479.43
2017,Mendoza,50,San Martín,50098,El Ramblón,50098077,707.88
2017,Mendoza,50,San Martín,50098,El Ramblón,50098077,1522.08
2017,Mendoza,50,San Martín,50098,Montecaseros,50098080,6690.54
2017,Mendoza,50,San Martín,50098,Nueva California,50098090,2259.04
2017,Mendoza,50,San Martín,50098,San Martín,50098100,43.82
2017,Mendoza,50,San Martín,50098,Palmira,50098100,1337.75
2017,Mendoza,50,San Martín,50098,San Martín,50098100,1
2017,Mendoza,50,San Martín,50098,San Martín,50098100,579.43
2017,Mendoza,50,San Martín,50098,Tres Porteñas,50098110,1836.55
2017,Mendoza,50,San Martín,50098,Alto Chapanay,50098A00,45.79
2017,Mendoza,50,San Martín,50098,Alto Salvador,50098A01,1460.81
2017,Mendoza,50,San Martín,50098,Buen Orden,50098A03,613.2
2017,Mendoza,50,San Martín,50098,El Central,50098A06,1408.64
2017,Mendoza,50,San Martín,50098,El Divisadero,50098A07,1314.43
2017,Mendoza,50,San Martín,50098,Las Chimbas,50098A09,372.52
2017,Mendoza,50,San Rafael,50105,Barrio Campos El Toledano,50105010,19.28
2017,Mendoza,50,San Rafael,50105,Capitán Montoya,50105050,28.19
2017,Mendoza,50,San Rafael,50105,Cuadro Benegas,50105060,899.77
2017,Mendoza,50,San Rafael,50105,El Tropezón,50105090,12.46
2017,Mendoza,50,San Rafael,50105,Goudge,50105100,1182.44
2017,Mendoza,50,San Rafael,50105,Jaime Prats,50105110,612.19
2017,Mendoza,50,San Rafael,50105,Jaime Prats,50105110,0.72
2017,Mendoza,50,San Rafael,50105,La Llave Nueva,50105120,424.52
2017,Mendoza,50,San Rafael,50105,La Llave Nueva,50105120,74.79
2017,Mendoza,50,San Rafael,50105,Las Malvinas,50105130,8.06
2017,Mendoza,50,San Rafael,50105,Monte Comán,50105150,177.19
2017,Mendoza,50,San Rafael,50105,Rama Caída,50105180,22.74
2017,Mendoza,50,San Rafael,50105,Rama Caída,50105180,785.49
2017,Mendoza,50,San Rafael,50105,Real del Padre,50105190,1595.76
2017,Mendoza,50,San Rafael,50105,Salto de las Rosas,50105200,47.67
2017,Mendoza,50,San Rafael,50105,San Rafael,50105210,4
2017,Mendoza,50,San Rafael,50105,San Rafael,50105210,6.05
2017,Mendoza,50,San Rafael,50105,Cuadro Nacional,50105210,146.69
2017,Mendoza,50,San Rafael,50105,Cuadro Nacional,50105210,1324.88
2017,Mendoza,50,San Rafael,50105,San Rafael,50105210,136.74
2017,Mendoza,50,San Rafael,50105,25 de Mayo,50105220,5
2017,Mendoza,50,San Rafael,50105,25 de Mayo,50105220,30.11
2017,Mendoza,50,San Rafael,50105,Villa Atuel,50105230,823.03
2017,Mendoza,50,San Rafael,50105,Villa Atuel,50105230,42.13
2017,Mendoza,50,San Rafael,50105,Villa Atuel,50105230,485.87
2017,Mendoza,50,San Rafael,50105,Cañada Seca,50105A04,2007.30
2017,Mendoza,50,San Rafael,50105,Cañada Seca,50105A04,1.09
2017,Mendoza,50,San Rafael,50105,Colonia Bombal y Tabanera,50105A06,124.06
2017,Mendoza,50,San Rafael,50105,Colonia Colomer,50105A07,24.63
2017,Mendoza,50,San Rafael,50105,Colonia El Usillal,50105A08,164.89
2017,Mendoza,50,San Rafael,50105,Colonia Elena,50105A09,187.63
2017,Mendoza,50,San Rafael,50105,Colonia Española,50105A10,19.38
2017,Mendoza,50,San Rafael,50105,Colonia Gelman,50105A11,42.57
2017,Mendoza,50,San Rafael,50105,Colonia Jáuregui,50105A12,8.73
2017,Mendoza,50,San Rafael,50105,Colonia López,50105A13,222.08
2017,Mendoza,50,San Rafael,50105,El Algarrobal,50105A20,4.42
2017,Mendoza,50,San Rafael,50105,El Cerrito,50105A22,219.37
2017,Mendoza,50,San Rafael,50105,La Guevarina,50105A32,49.05
2017,Mendoza,50,San Rafael,50105,La Llave Vieja,50105A35,35.91
2017,Mendoza,50,San Rafael,50105,Las Paredes,50105A44,1350.99
2017,Mendoza,50,San Rafael,50105,Las Paredes,50105A44,19.93
2017,Mendoza,50,San Rafael,50105,Los Claveles,50105A46,52.14
2017,Mendoza,50,San Rafael,50105,Los Sifones,50105A51,8.87
2017,Mendoza,50,San Rafael,50105,Rincón del Atuel,50105A60,10.42
2017,Mendoza,50,San Rafael,50105,Soitué,50105A64,48.62
2017,Mendoza,50,Santa Rosa,50112,Barrio 12 de Octubre,50112010,899.98
2017,Mendoza,50,Santa Rosa,50112,Barrio 12 de Octubre,50112010,852.44
2017,Mendoza,50,Santa Rosa,50112,Barrio Molina Cabrera,50112030,22.05
2017,Mendoza,50,Santa Rosa,50112,La Dormida,50112040,177.66
2017,Mendoza,50,Santa Rosa,50112,La Dormida,50112040,1171.21
2017,Mendoza,50,Santa Rosa,50112,Las Catitas,50112050,1473.08
2017,Mendoza,50,Santa Rosa,50112,Santa Rosa,50112060,141.83
2017,Mendoza,50,Santa Rosa,50112,Santa Rosa,50112060,841.72
2017,Mendoza,50,Santa Rosa,50112,Santa Rosa,50112060,3250.69
2017,Mendoza,50,Santa Rosa,50112,Gobernador Civit,50112A05,35.25
2017,Mendoza,50,Santa Rosa,50112,Los Yoles,50112A10,113.48
2017,Mendoza,50,Tunuyán,50119,Campo Los Andes,50119020,205.59
2017,Mendoza,50,Tunuyán,50119,Colonia Las Rosas,50119030,42.05
2017,Mendoza,50,Tunuyán,50119,El Manzano,50119040,1.5
2017,Mendoza,50,Tunuyán,50119,Los Sauces,50119050,984.26
2017,Mendoza,50,Tunuyán,50119,Tunuyán,50119060,715.59
2017,Mendoza,50,Tunuyán,50119,Tunuyán,50119060,145.06
2017,Mendoza,50,Tunuyán,50119,Tunuyán,50119060,83.86
2017,Mendoza,50,Tunuyán,50119,Vista Flores,50119070,2248.09
2017,Mendoza,50,Tunuyán,50119,El Totoral,50119A02,99.67
2017,Mendoza,50,Tunuyán,50119,El Totoral,50119A02,628.86
2017,Mendoza,50,Tunuyán,50119,La Primavera,50119A04,329.89
2017,Mendoza,50,Tunuyán,50119,Las Pintadas,50119A07,483.85
2017,Mendoza,50,Tunuyán,50119,Los Árboles,50119A08,62.25
2017,Mendoza,50,Tunuyán,50119,Los Árboles,50119A08,1775.26
2017,Mendoza,50,Tunuyán,50119,Los Chacales,50119A09,704.25
2017,Mendoza,50,Tunuyán,50119,Villa Seca,50119A14,899.65
2017,Mendoza,50,Tupungato,50126,Cordón del Plata,50126020,574.08
2017,Mendoza,50,Tupungato,50126,Cordón del Plata,50126020,45.72
2017,Mendoza,50,Tupungato,50126,Cordón del Plata,50126020,1721.76
2017,Mendoza,50,Tupungato,50126,El Peral,50126030,756.31
2017,Mendoza,50,Tupungato,50126,El Zampal,50126035,882.53
2017,Mendoza,50,Tupungato,50126,La Arboleda,50126040,1652.82
2017,Mendoza,50,Tupungato,50126,San José,50126050,410.92
2017,Mendoza,50,Tupungato,50126,Tupungato,50126060,479.92
2017,Mendoza,50,Tupungato,50126,Villa Bastias,50126060,398.81
2017,Mendoza,50,Tupungato,50126,Tupungato,50126060,3
2017,Mendoza,50,Tupungato,50126,Tupungato,50126060,123.1
2017,Mendoza,50,Tupungato,50126,Anchoris,50126A01,394.06
2017,Mendoza,50,Tupungato,50126,Ancón,50126A02,1.39
2017,Mendoza,50,Tupungato,50126,Gualtallary,50126A05,2254.65
2017,Mendoza,50,Tupungato,50126,Zapata,50126A12,118.25
2017,Misiones,54,Cainguás,54014,Aristóbulo del Valle,54014010,1
2017,Misiones,54,Cainguás,54014,Salto Encantado,54014080,6.8
2017,Misiones,54,Capital,54028,Posadas,54028030,5.72
2017,Misiones,54,Leandro N. Alem,54070,Cerro Azul,54070040,1.25
2017,Misiones,54,Leandro N. Alem,54070,Leandro N. Alem,54070070,1.05
2017,Misiones,54,Leandro N. Alem,54070,Olegario V. Andrade,54070080,1
2017,Misiones,54,25 de Mayo,54119,Alba Posse,54119010,0.95
2017,Neuquén,58,Añelo,58014,Añelo,58014010,122.07
2017,Neuquén,58,Añelo,58014,San Patricio del Chañar,58014020,1469.34
2017,Neuquén,58,Collón Curá,58028,Piedra del Águila,58028010,4.84
2017,Neuquén,58,Confluencia,58035,Centenario,58035030,2.84
2017,Neuquén,58,Confluencia,58035,Centenario,58035030,0.87
2017,Neuquén,58,Confluencia,58035,Cutral Có,58035040,2.11
2017,Neuquén,58,Confluencia,58035,Mari Menuco,58035060,37.86
2017,Neuquén,58,Confluencia,58035,Neuquén,58035070,1.78
2017,Neuquén,58,Confluencia,58035,Neuquén,58035070,1.68
2017,Neuquén,58,Confluencia,58035,Neuquén,58035070,0.33
2017,Neuquén,58,Confluencia,58035,Plottier,58035100,33.62
2017,Neuquén,58,Confluencia,58035,Senillosa,58035110,46.85
2017,Neuquén,58,Chos Malal,58042,Chos Malal,58042010,5.93
2017,Neuquén,58,Lácar,58056,San Martín de los Andes,58056010,0.64
2017,Neuquén,58,Ñorquín,58084,Taquimilán,58084050,0.6
2017,Neuquén,58,Pehuenches,58091,Buta Ranquil,58091020,3.05
2017,Neuquén,58,Picún Leufú,58098,Picún Leufú,58098020,22.79
2017,Neuquén,58,Picunches,58105,Bajada del Agrio,58105010,1.2
2017,Río Negro,62,Adolfo Alsina,62007,Guardia Mitre,62007040,1.57
2017,Río Negro,62,Adolfo Alsina,62007,San Javier,62007080,70.79
2017,Río Negro,62,Adolfo Alsina,62007,Viedma,62007090,27.82
2017,Río Negro,62,Adolfo Alsina,62007,Cubanea,62007A03,2
2017,Río Negro,62,Avellaneda,62014,Chimpay,62014030,0.69
2017,Río Negro,62,Avellaneda,62014,Choele Choel,62014040,12.2
2017,Río Negro,62,Avellaneda,62014,Darwin,62014060,35.53
2017,Río Negro,62,Avellaneda,62014,Lamarque,62014070,2.25
2017,Río Negro,62,Avellaneda,62014,Luis Beltrán,62014080,88.75
2017,Río Negro,62,Avellaneda,62014,Pomona,62014090,24.06
2017,Río Negro,62,Bariloche,62021,El Bolsón,62021030,0.96
2017,Río Negro,62,Conesa,62028,Barrio Colonia Conesa,62028010,6
2017,Río Negro,62,Conesa,62028,Barrio Colonia Conesa,62028010,2.62
2017,Río Negro,62,Conesa,62028,General Conesa,62028020,15.52
2017,Río Negro,62,Conesa,62028,Colonia San Juan,62028A02,12.27
2017,Río Negro,62,El Cuy,62035,El Cuy,62035030,28.8
2017,Río Negro,62,El Cuy,62035,Valle Azul,62035080,31.1
2017,Río Negro,62,General Roca,62042,Allen,62042010,200.12
2017,Río Negro,62,General Roca,62042,Barda del Medio,62042030,15.3
2017,Río Negro,62,General Roca,62042,Barrio Guerrico,62042160,8.4
2017,Río Negro,62,General Roca,62042,Barrio Pinar,62042297,27
2017,Río Negro,62,General Roca,62042,Catriel,62042360,4.51
2017,Río Negro,62,General Roca,62042,Catriel,62042360,1.5
2017,Río Negro,62,General Roca,62042,Cervantes,62042370,79.9
2017,Río Negro,62,General Roca,62042,Chichinales,62042380,10.05
2017,Río Negro,62,General Roca,62042,Cinco Saltos,62042390,7.15
2017,Río Negro,62,General Roca,62042,Cipolletti,62042400,73.68
2017,Río Negro,62,General Roca,62042,Contralmirante Cordero,62042410,3
2017,Río Negro,62,General Roca,62042,Ferri,62042420,4.62
2017,Río Negro,62,General Roca,62042,General Enrique Godoy,62042430,25.48
2017,Río Negro,62,General Roca,62042,General Fernández Oro,62042440,37.31
2017,Río Negro,62,General Roca,62042,General Roca,62042450,0.88
2017,Río Negro,62,General Roca,62042,General Roca,62042450,23.4
2017,Río Negro,62,General Roca,62042,General Roca,62042450,157.61
2017,Río Negro,62,General Roca,62042,Ingeniero Luis A. Huergo,62042460,126.74
2017,Río Negro,62,General Roca,62042,Mainqué,62042480,401.23
2017,Río Negro,62,General Roca,62042,Villa Alberdi,62042530,0.64
2017,Río Negro,62,General Roca,62042,Villa Manzano,62042550,26.59
2017,Río Negro,62,General Roca,62042,Villa Regina,62042560,3.2
2017,Río Negro,62,Pichi Mahuida,62063,Río Colorado,62063020,57.3
2017,Salta,66,Cachi,66014,Cachi,66014010,26.59
2017,Salta,66,Cachi,66014,Payogasta,66014020,60.12
2017,Salta,66,Cachi,66014,La Paya,66014A07,0.38
2017,Salta,66,Cafayate,66021,Cafayate,66021010,77.42
2017,Salta,66,Cafayate,66021,Cafayate,66021010,71.57
2017,Salta,66,Cafayate,66021,Cafayate,66021010,1957.71
2017,Salta,66,Cafayate,66021,Cafayate,66021010,1.5
2017,Salta,66,Cafayate,66021,Tolombón,66021020,322.13
2017,Salta,66,Cafayate,66021,Chuscha,66021A01,2.35
2017,Salta,66,Cafayate,66021,Las Conchas,66021A04,12.4
2017,Salta,66,Cafayate,66021,Yacochuya Norte,66021A05,45.75
2017,Salta,66,La Viña,66098,Cabra Corral,66098020,3.11
2017,Salta,66,La Viña,66098,Las Curtiembres,66098A08,5.03
2017,Salta,66,Molinos,66119,Molinos,66119020,45.67
2017,Salta,66,Molinos,66119,Seclantás,66119030,3.56
2017,Salta,66,Molinos,66119,Colomé,66119A06,70.7
2017,Salta,66,Molinos,66119,Luracatao,66119A10,3.7
2017,Salta,66,San Carlos,66154,Angastaco,66154010,133.95
2017,Salta,66,San Carlos,66154,Animaná,66154020,415.97
2017,Salta,66,San Carlos,66154,El Barrial,66154030,0.43
2017,Salta,66,San Carlos,66154,San Carlos,66154040,35.07
2017,Salta,66,San Carlos,66154,Corralito,66154A01,25.93
2017,Salta,66,San Carlos,66154,Payogastilla,66154A17,1.64
2017,Salta,66,San Carlos,66154,San Lucas,66154A24,1.8
2017,Salta,66,San Carlos,66154,Santa Rosa,66154A26,11.36
2017,San Juan,70,Albardón,70007,El Rincón,70007010,110.14
2017,San Juan,70,Albardón,70007,El Rincón,70007010,954.72
2017,San Juan,70,Albardón,70007,Villa General San Martín - Campo Afuera,70007020,3.15
2017,San Juan,70,Albardón,70007,Villa General San Martín - Campo Afuera,70007020,14.25
2017,San Juan,70,Albardón,70007,Villa General San Martín - Campo Afuera,70007020,197.68
2017,San Juan,70,Albardón,70007,Villa General San Martín - Campo Afuera,70007020,27.71
2017,San Juan,70,Albardón,70007,Villa General San Martín - Campo Afuera,70007020,96.9
2017,San Juan,70,Albardón,70007,Villa General San Martín - Campo Afuera,70007020,129.14
2017,San Juan,70,Albardón,70007,Baños La Laja,70007A02,8.02
2017,San Juan,70,Albardón,70007,Baños La Laja,70007A02,1.63
2017,San Juan,70,Albardón,70007,El Salado,70007A03,67.16
2017,San Juan,70,Albardón,70007,Las Tapias,70007A04,15.2
2017,San Juan,70,Albardón,70007,Las Tapias,70007A04,141.17
2017,San Juan,70,Angaco,70014,Las Tapias,70014010,16.17
2017,San Juan,70,Angaco,70014,Las Tapias,70014010,328.04
2017,San Juan,70,Angaco,70014,Villa El Salvador,70014020,110.11
2017,San Juan,70,Angaco,70014,Villa Sefair,70014020,262.9
2017,San Juan,70,Angaco,70014,Villa El Salvador,70014020,126.32
2017,San Juan,70,Angaco,70014,Villa El Salvador,70014020,603.83
2017,San Juan,70,Angaco,70014,El Alamito,70014A01,53.13
2017,San Juan,70,Angaco,70014,El Bosque,70014A02,337.08
2017,San Juan,70,Angaco,70014,Punta del Monte,70014A05,418.52
2017,San Juan,70,Calingasta,70021,Barreal - Villa Pituil,70021010,27.42
2017,San Juan,70,Calingasta,70021,Calingasta,70021020,2.9
2017,San Juan,70,Calingasta,70021,Tamberías,70021030,68.75
2017,San Juan,70,Calingasta,70021,Hilario,70021A10,11.87
2017,San Juan,70,Calingasta,70021,Puchuzún,70021A28,1
2017,San Juan,70,Calingasta,70021,Sorocayense,70021A30,34.01
2017,San Juan,70,Calingasta,70021,Villa Corral,70021A31,20.84
2017,San Juan,70,Caucete,70035,Caucete,70035020,10.69
2017,San Juan,70,Caucete,70035,Caucete,70035020,0.63
2017,San Juan,70,Caucete,70035,Caucete,70035020,2.65
2017,San Juan,70,Caucete,70035,Caucete,70035020,2782.57
2017,San Juan,70,Caucete,70035,Caucete,70035020,31.02
2017,San Juan,70,Caucete,70035,Caucete,70035020,9.52
2017,San Juan,70,Caucete,70035,Caucete,70035020,0.2
2017,San Juan,70,Caucete,70035,Caucete,70035020,0.44
2017,San Juan,70,Caucete,70035,El Rincón,70035030,730.83
2017,San Juan,70,Caucete,70035,Las Talas - Los Médanos,70035040,306.28
2017,San Juan,70,Caucete,70035,Marayes,70035050,2.45
2017,San Juan,70,Caucete,70035,Pie de Palo,70035060,126.16
2017,San Juan,70,Caucete,70035,Villa Independencia,70035080,540.01
2017,San Juan,70,Caucete,70035,La Puntilla,70035A02,1128.19
2017,San Juan,70,Caucete,70035,Pozo de los Algarrobos,70035A07,1793.30
2017,San Juan,70,Chimbas,70042,Chimbas,70042010,13
2017,San Juan,70,Chimbas,70042,Chimbas,70042010,150.47
2017,San Juan,70,Chimbas,70042,Chimbas,70042010,636.25
2017,San Juan,70,Iglesia,70049,Angualasto,70049010,5.11
2017,San Juan,70,Iglesia,70049,Las Flores,70049040,2.17
2017,San Juan,70,9 de Julio,70063,Alto de Sierra,70063010,59.36
2017,San Juan,70,9 de Julio,70063,Las Chacritas,70063030,5.33
2017,San Juan,70,9 de Julio,70063,Las Chacritas,70063030,839.38
2017,San Juan,70,9 de Julio,70063,Las Chacritas,70063030,43.5
2017,San Juan,70,9 de Julio,70063,9 de Julio,70063040,1998.77
2017,San Juan,70,9 de Julio,70063,La Majadita,70063A00,382.76
2017,San Juan,70,9 de Julio,70063,Rincón Cercado,70063A02,137.9
2017,San Juan,70,Pocito,70070,Carpintería,70070020,2162.37
2017,San Juan,70,Pocito,70070,Las Piedritas,70070025,3.42
2017,San Juan,70,Pocito,70070,Las Piedritas,70070025,7
2017,San Juan,70,Pocito,70070,Quinto Cuartel,70070030,92.88
2017,San Juan,70,Pocito,70070,La Rinconada,70070040,659.28
2017,San Juan,70,Pocito,70070,Villa Aberastain,70070040,173.49
2017,San Juan,70,Pocito,70070,Villa Aberastain,70070040,759.61
2017,San Juan,70,Pocito,70070,Villa Aberastain,70070040,18.96
2017,San Juan,70,Pocito,70070,Villa Nacusi,70070050,8.01
2017,San Juan,70,Pocito,70070,Villa Nacusi,70070050,47.39
2017,San Juan,70,Pocito,70070,Villa Nacusi,70070050,2
2017,San Juan,70,Rawson,70077,Rawson,70077010,34.03
2017,San Juan,70,Rawson,70077,Rawson,70077010,752.32
2017,San Juan,70,Rawson,70077,El Medanito,70077010,220.53
2017,San Juan,70,Rawson,70077,Rawson,70077010,36.64
2017,San Juan,70,Rawson,70077,Rawson,70077010,6.97
2017,San Juan,70,Rawson,70077,Colonia Médano de Oro,70077A00,541.3
2017,San Juan,70,Rawson,70077,Colonia Rodas,70077A02,263.95
2017,San Juan,70,Rawson,70077,Colonia Rodas,70077A02,58.52
2017,San Juan,70,Rivadavia,70084,Rivadavia,70084010,97.24
2017,San Juan,70,Rivadavia,70084,Rivadavia,70084010,93.8
2017,San Juan,70,Rivadavia,70084,Rivadavia,70084010,84.11
2017,San Juan,70,San Martín,70091,Dos Acequias,70091020,856.78
2017,San Juan,70,San Martín,70091,San Isidro,70091030,692.77
2017,San Juan,70,San Martín,70091,Villa Dominguito,70091050,27.24
2017,San Juan,70,San Martín,70091,Villa San Martín,70091070,5.51
2017,San Juan,70,San Martín,70091,Villa San Martín,70091070,1016.99
2017,San Juan,70,San Martín,70091,Coll,70091A00,7.26
2017,San Juan,70,San Martín,70091,Los Compartos,70091A01,56.55
2017,San Juan,70,San Martín,70091,Los Compartos,70091A01,144.24
2017,San Juan,70,San Martín,70091,Los Compartos,70091A01,871.25
2017,San Juan,70,San Martín,70091,Villa Lugano,70091A02,38.2
2017,San Juan,70,San Martín,70091,Villa Lugano,70091A02,31.57
2017,San Juan,70,Santa Lucía,70098,Santa Lucía,70098010,74.17
2017,San Juan,70,Santa Lucía,70098,Santa Lucía,70098010,49.27
2017,San Juan,70,Santa Lucía,70098,Santa Lucía,70098010,53.27
2017,San Juan,70,Santa Lucía,70098,Colonia Gutiérrez,70098010,401.13
2017,San Juan,70,Santa Lucía,70098,Colonia Gutiérrez,70098010,23.34
2017,San Juan,70,Santa Lucía,70098,Santa Lucía,70098010,398.33
2017,San Juan,70,Santa Lucía,70098,Colonia Gutiérrez,70098010,80.83
2017,San Juan,70,Santa Lucía,70098,Santa Lucía,70098010,37.66
2017,San Juan,70,Sarmiento,70105,Cañada Honda,70105010,647.3
2017,San Juan,70,Sarmiento,70105,Colonia Fiscal,70105030,947.72
2017,San Juan,70,Sarmiento,70105,Guanacache,70105050,308.3
2017,San Juan,70,Sarmiento,70105,Las Lagunas,70105060,577.77
2017,San Juan,70,Sarmiento,70105,Los Berros,70105070,23.19
2017,San Juan,70,Sarmiento,70105,Los Berros,70105070,6.44
2017,San Juan,70,Sarmiento,70105,Pedernal,70105080,761.4
2017,San Juan,70,Sarmiento,70105,Punta del Médano,70105090,184.68
2017,San Juan,70,Sarmiento,70105,Villa Media Agua,70105100,365.58
2017,San Juan,70,Sarmiento,70105,Villa Media Agua,70105100,1330.32
2017,San Juan,70,Sarmiento,70105,Cochagual,70105A01,2230.16
2017,San Juan,70,Sarmiento,70105,Colonia San Antonio,70105A02,5
2017,San Juan,70,Sarmiento,70105,San Carlos,70105A07,142.12
2017,San Juan,70,Sarmiento,70105,Tres Esquinas,70105A08,408.18
2017,San Juan,70,Ullum,70112,Villa Ibáñez,70112010,28.64
2017,San Juan,70,Ullum,70112,Villa Ibáñez,70112010,1643.96
2017,San Juan,70,Ullum,70112,La Banderita,70112A04,13.25
2017,San Juan,70,Valle Fértil,70119,Balde del Rosario,70119020,0.48
2017,San Juan,70,25 de Mayo,70126,Tupelí,70126020,166.32
2017,San Juan,70,25 de Mayo,70126,Tupelí,70126020,497.3
2017,San Juan,70,25 de Mayo,70126,Villa Borjas - La Chimbera,70126030,1524.05
2017,San Juan,70,25 de Mayo,70126,Villa Santa Rosa,70126050,113.39
2017,San Juan,70,25 de Mayo,70126,Villa Santa Rosa,70126050,604.83
2017,San Juan,70,25 de Mayo,70126,Villa Santa Rosa,70126050,40.38
2017,San Juan,70,25 de Mayo,70126,Villa Santa Rosa,70126050,1633.49
2017,San Juan,70,25 de Mayo,70126,Villa Santa Rosa,70126050,1963.58
2017,San Juan,70,25 de Mayo,70126,Algarrobo Verde,70126A00,53.4
2017,San Juan,70,25 de Mayo,70126,Cuatro Esquinas,70126A04,17.17
2017,San Juan,70,25 de Mayo,70126,Las Casuarinas,70126A06,2149.06
2017,San Juan,70,25 de Mayo,70126,Punta del Médano,70126A09,104.17
2017,San Juan,70,Zonda,70133,Villa Basilio Nievas,70133010,765.57
2017,San Juan,70,Zonda,70133,Villa Basilio Nievas,70133010,333.29
2017,San Juan,70,Zonda,70133,Villa Basilio Nievas,70133010,255.75
2017,San Juan,70,Zonda,70133,Villa Basilio Nievas,70133010,22
2017,San Luis,74,Ayacucho,74007,Candelaria,74007010,10.08
2017,San Luis,74,Belgrano,74014,Nogolí,74014020,4
2017,San Luis,74,Junín,74049,Merlo,74049060,1.33
2017,San Luis,74,Junín,74049,Santa Rosa del Conlara,74049070,26.1
2017,San Luis,74,Juan Martín de Pueyrredón,74056,Beazley,74056040,56.93
2017,San Luis,74,Juan Martín de Pueyrredón,74056,San Luis,74056150,4.88
2017,Santa Fe,82,La Capital,82063,Laguna Paiva,82063080,0.09
2017,Santiago del Estero,86,Capital,86049,Vuelta de la Barranca,86049120,8.8
2017,Santiago del Estero,86,Robles,86161,Beltrán,86161010,17.38
2017,Tucumán,90,Tafí del Valle,90098,Amaicha del Valle,90098010,0.95
2017,Tucumán,90,Tafí del Valle,90098,Amaicha del Valle,90098010,16.78
2017,Tucumán,90,Tafí del Valle,90098,Colalao del Valle,90098020,49.85
2017,Tucumán,90,Tafí del Valle,90098,El Bañado,90098A12,7.59
2017,Tucumán,90,Tafí del Valle,90098,El Paso,90098A18,30.97
2017,Tucumán,90,Tafí del Valle,90098,Los Zazos,90098A40,0.86
2017,Tucumán,90,Tafí del Valle,90098,Quilmes,90098A48,0.32
2017,Tucumán,90,Trancas,90112,Villa de Trancas,90112030,4.55
2018,Buenos Aires,06,Avellaneda,06035,Sarandí,06035010,1.0341
2018,Buenos Aires,06,Avellaneda,06035,Villa Domínico,06035010,2.7365
2018,Buenos Aires,06,Balcarce,06063,Balcarce,06063010,8.5164
2018,Buenos Aires,06,Benito Juárez,06084,Barker,06084010,0.25
2018,Buenos Aires,06,Berisso,06098,Los Talas,06098010,0.0694
2018,Buenos Aires,06,Berisso,06098,Berisso,06098010,18.9974
2018,Buenos Aires,06,Berisso,06098,Isla Paulino,06098A02,0.435
2018,Buenos Aires,06,Cañuelas,06134,Uribelarrea,06134070,1.3579
2018,Buenos Aires,06,Coronel Dorrego,06189,Coronel Dorrego,06189030,0.015
2018,Buenos Aires,06,Coronel Pringles,06196,Coronel Pringles,06196010,2.2869
2018,Buenos Aires,06,Coronel Suárez,06203,Coronel Suárez,06203020,3.47
2018,Buenos Aires,06,Coronel Suárez,06203,Villa La Arcadia,06203100,16
2018,Buenos Aires,06,Daireaux,06231,Daireaux,06231030,0.726
2018,Buenos Aires,06,General Pueyrredón,06357,Chapadmalal,06357080,26.5988
2018,Buenos Aires,06,Junín,06413,Junín,06413050,0.2721
2018,Buenos Aires,06,La Costa,06420,Mar del Tuyú,06420040,0.2
2018,Buenos Aires,06,Saavedra,06700,Pigüé,06700060,18
2018,Buenos Aires,06,Tandil,06791,María Ignacia,06791040,5.6985
2018,Buenos Aires,06,Tandil,06791,Tandil,06791050,0.6783
2018,Buenos Aires,06,Tandil,06791,Tandil,06791050,0.6969
2018,Buenos Aires,06,Tornquist,06819,Saldungaray,06819020,9.088
2018,Buenos Aires,06,Tornquist,06819,Villa Ventana,06819070,3
2018,Buenos Aires,06,Villa Gesell,06868,Villa Gesell,06868020,0.3777
2018,Buenos Aires,06,Villarino,06875,Médanos,06875060,24.52
2018,Catamarca,10,Andalgalá,10021,Andalgalá,10021020,3.9125
2018,Catamarca,10,Andalgalá,10021,Andalgalá,10021020,3.22
2018,Catamarca,10,Belén,10035,Belén,10035020,3
2018,Catamarca,10,Belén,10035,Corral Quemado,10035040,3.3
2018,Catamarca,10,Belén,10035,Hualfín,10035070,150.1702
2018,Catamarca,10,Belén,10035,Jacipunco,10035080,1.94
2018,Catamarca,10,Belén,10035,Los Nacimientos,10035120,3.9
2018,Catamarca,10,Belén,10035,Puerta de Corral Quemado,10035130,37.2416
2018,Catamarca,10,Belén,10035,La Ciénaga de Arriba,10035A22,1.5
2018,Catamarca,10,Belén,10035,San Fernando,10035A42,4.25
2018,Catamarca,10,Capayán,10042,Chumbicha,10042040,5.9
2018,Catamarca,10,Capayán,10042,Colonia Nueva Coneta,10042060,2.84
2018,Catamarca,10,Pomán,10084,San Miguel,10084090,17.6
2018,Catamarca,10,Pomán,10084,Saujil,10084100,0.4
2018,Catamarca,10,Pomán,10084,Siján,10084110,19.5708
2018,Catamarca,10,Santa María,10091,Andalhualá,10091010,14.04
2018,Catamarca,10,Santa María,10091,Lampacito,10091030,18.6155
2018,Catamarca,10,Santa María,10091,Chañar Punco,10091030,353.1623
2018,Catamarca,10,Santa María,10091,Lampacito,10091030,39.72
2018,Catamarca,10,Santa María,10091,Famatanca,10091070,5.6256
2018,Catamarca,10,Santa María,10091,Fuerte Quemado,10091080,76.27
2018,Catamarca,10,Santa María,10091,La Loma,10091100,2.283
2018,Catamarca,10,Santa María,10091,Las Mojarras,10091110,21.85
2018,Catamarca,10,Santa María,10091,El Cerrito,10091110,9.982
2018,Catamarca,10,Santa María,10091,Loro Huasi,10091120,1.4775
2018,Catamarca,10,Santa María,10091,Punta de Balasto,10091130,7.25
2018,Catamarca,10,Santa María,10091,Palo Seco,10091140,0.4
2018,Catamarca,10,Santa María,10091,Casa de Piedra,10091140,0.16
2018,Catamarca,10,Santa María,10091,San José,10091140,20.9355
2018,Catamarca,10,Santa María,10091,Santa María,10091150,128.124
2018,Catamarca,10,Santa María,10091,Santa María,10091150,44.2195
2018,Catamarca,10,Santa María,10091,Yapes,10091160,2.6155
2018,Catamarca,10,Santa María,10091,Entre Ríos,10091A08,0.41
2018,Catamarca,10,Tinogasta,10105,Anillaco,10105010,67.7664
2018,Catamarca,10,Tinogasta,10105,Copacabana,10105050,263.1718
2018,Catamarca,10,Tinogasta,10105,El Puesto,10105090,109.1473
2018,Catamarca,10,Tinogasta,10105,El Salado,10105100,3.05
2018,Catamarca,10,Tinogasta,10105,Fiambalá,10105110,365.327
2018,Catamarca,10,Tinogasta,10105,Medanitos,10105130,231.8759
2018,Catamarca,10,Tinogasta,10105,Palo Blanco,10105140,20.87
2018,Catamarca,10,Tinogasta,10105,Saujil,10105160,21.755
2018,Catamarca,10,Tinogasta,10105,Tinogasta,10105180,304.471
2018,Catamarca,10,Tinogasta,10105,Tinogasta,10105180,111.2438
2018,Catamarca,10,Tinogasta,10105,Tinogasta,10105180,7.75
2018,Catamarca,10,Tinogasta,10105,Tinogasta,10105180,45.4473
2018,Catamarca,10,Tinogasta,10105,San José Norte,10105A27,268.3153
2018,Catamarca,10,Valle Viejo,10112,Santa Cruz,10112050,0.8
2018,Córdoba,14,Calamuchita,14007,Los Reartes,14007130,1.01
2018,Córdoba,14,Calamuchita,14007,Río de los Sauces,14007170,1.5284
2018,Córdoba,14,Calamuchita,14007,San Agustín,14007180,4
2018,Córdoba,14,Calamuchita,14007,Villa Ciudad Parque Los Reartes,14007270,10.365
2018,Córdoba,14,Calamuchita,14007,Villa General Belgrano,14007310,0.87
2018,Córdoba,14,Calamuchita,14007,Villa Yacanto,14007360,0.895
2018,Córdoba,14,Calamuchita,14007,Atos Pampa,14007A01,8.8048
2018,Córdoba,14,Calamuchita,14007,Cañada de Álvarez,14007A05,1.2
2018,Córdoba,14,Colón,14021,Colonia Caroya,14021050,134.2943
2018,Córdoba,14,Colón,14021,Colonia Vicente Agüero,14021070,14.4551
2018,Córdoba,14,Colón,14021,Santa Teresa,14021A20,5.3
2018,Córdoba,14,Cruz del Eje,14028,Cruz del Eje,14028050,13
2018,Córdoba,14,Cruz del Eje,14028,Guanaco Muerto,14028080,2
2018,Córdoba,14,Cruz del Eje,14028,Las Playas,14028130,3.6
2018,Córdoba,14,Cruz del Eje,14028,San Marcos Sierra,14028170,8.09
2018,Córdoba,14,Ischilín,14049,Quilino,14049100,45.6756
2018,Córdoba,14,Ischilín,14049,Ischilín,14049A07,9.0608
2018,Córdoba,14,Punilla,14091,Charbonier,14091060,0.2575
2018,Córdoba,14,Punilla,14091,Huerta Grande,14091100,0.6801
2018,Córdoba,14,Punilla,14091,La Falda,14091120,1.46
2018,Córdoba,14,Punilla,14091,Villa Santa Cruz del Lago,14091320,3.5
2018,Córdoba,14,San Alberto,14126,Las Calles,14126050,4.566
2018,Córdoba,14,San Alberto,14126,Nono,14126110,0.55
2018,Córdoba,14,San Javier,14133,La Población,14133070,1.2
2018,Córdoba,14,San Javier,14133,Las Chacras,14133095,1.2
2018,Córdoba,14,San Javier,14133,Las Tapias,14133100,1.707
2018,Córdoba,14,San Javier,14133,Luyaba,14133150,3.7
2018,Córdoba,14,San Javier,14133,San Javier y Yacanto,14133170,2.33
2018,Córdoba,14,San Javier,14133,San Javier y Yacanto,14133170,3.38
2018,Córdoba,14,San Javier,14133,San José,14133180,15
2018,Córdoba,14,San Javier,14133,Villa de las Rosas,14133190,1
2018,Córdoba,14,San Javier,14133,Rodeo de Piedra,14133A19,0.1262
2018,Córdoba,14,Santa María,14147,Potrero de Garay,14147230,10.26
2018,Córdoba,14,Tulumba,14175,San Pedro Norte,14175100,4.42
2018,Córdoba,14,Tulumba,14175,Isla de San Antonio,14175A13,0.585
2018,Córdoba,14,Tulumba,14175,Santa Cruz,14175A37,0.3054
2018,Chubut,26,Cushamen,26014,Cushamen Centro,26014030,20
2018,Chubut,26,Cushamen,26014,El Hoyo,26014040,1.8952
2018,Chubut,26,Cushamen,26014,Lago Puelo,26014090,1
2018,Chubut,26,Futaleufú,26035,Trevelín,26035060,6.53
2018,Chubut,26,Gaiman,26042,Gaiman,26042030,0.312
2018,Chubut,26,Languiñeo,26056,Paso del Sapo,26056040,0.123
2018,Chubut,26,Paso de Indios,26070,Los Altares,26070020,2.5
2018,Chubut,26,Rawson,26077,Trelew,26077040,0.43
2018,Chubut,26,Sarmiento,26091,Sarmiento,26091020,40
2018,Entre Ríos,30,Colón,30008,Colón,30008020,4.9317
2018,Entre Ríos,30,Colón,30008,San José,30008090,0.45
2018,Entre Ríos,30,Concordia,30015,Calabacilla,30015010,2.8351
2018,Entre Ríos,30,Concordia,30015,Concordia,30015060,5.5
2018,Entre Ríos,30,Concordia,30015,Estación Yeruá,30015080,6.08
2018,Entre Ríos,30,Concordia,30015,La Criolla,30015090,6.6905
2018,Entre Ríos,30,Diamante,30021,Colonia Ensayo,30021070,2.505
2018,Entre Ríos,30,Diamante,30021,Estación Puiggari,30021150,2
2018,Entre Ríos,30,Diamante,30021,Las Cuevas,30021A08,0.6
2018,Entre Ríos,30,Gualeguaychú,30056,Gualeguaychú,30056070,1.2
2018,Entre Ríos,30,Gualeguaychú,30056,Urdinarrain,30056110,2
2018,Entre Ríos,30,Nogoyá,30077,Lucas González,30077060,0.25
2018,Entre Ríos,30,Paraná,30084,Crespo,30084070,0.486
2018,Entre Ríos,30,Paraná,30084,Paraná,30084160,4.2639
2018,Entre Ríos,30,Paraná,30084,Colonia Rivadavia,30084A20,0.75
2018,Entre Ríos,30,Uruguay,30098,Concepción del Uruguay,30098040,1.0562
2018,Entre Ríos,30,Victoria,30105,Antelo,30105010,0.3576
2018,Entre Ríos,30,Victoria,30105,Victoria,30105060,2.3432
2018,Entre Ríos,30,Victoria,30105,Laguna del Pescado,30105A11,18.45
2018,Jujuy,38,El Carmen,38014,Monterrico,38014070,3.0906
2018,Jujuy,38,Humahuaca,38028,Uquía,38028060,4.9774
2018,Jujuy,38,Tilcara,38094,Colonia San José,38094010,3.15
2018,Jujuy,38,Tilcara,38094,Huacalera,38094020,5.11
2018,Jujuy,38,Tilcara,38094,Maimará,38094040,4.377
2018,Jujuy,38,Tilcara,38094,Tilcara,38094050,2.7761
2018,Jujuy,38,Tumbaya,38098,Purmamarca,38098030,2.2724
2018,La Pampa,42,Curacó,42042,Gobernador Duval,42042010,6.1
2018,La Pampa,42,Puelén,42112,25 de Mayo,42112020,269.2857
2018,La Rioja,46,Capital,46014,La Rioja,46014010,11
2018,La Rioja,46,Castro Barros,46021,Aminga,46021010,170.957
2018,La Rioja,46,Castro Barros,46021,Anillaco,46021020,84.224
2018,La Rioja,46,Castro Barros,46021,San Pedro,46021070,2.4913
2018,La Rioja,46,Castro Barros,46021,Agua Blanca,46021A00,0.401
2018,La Rioja,46,General Felipe Varela,46028,Santa Clara,46028020,28.7249
2018,La Rioja,46,General Felipe Varela,46028,Guandacol,46028020,288.5769
2018,La Rioja,46,General Felipe Varela,46028,Los Palacios,46028030,150.1713
2018,La Rioja,46,General Felipe Varela,46028,Pagancillo,46028040,27.7731
2018,La Rioja,46,General Felipe Varela,46028,Banda Florida,46028050,28.9237
2018,La Rioja,46,General Felipe Varela,46028,Villa Unión,46028050,210.2707
2018,La Rioja,46,General Felipe Varela,46028,Paso San Isidro,46028A14,4.19
2018,La Rioja,46,General Felipe Varela,46028,Paso San Isidro,46028A14,6.025
2018,La Rioja,46,Chilecito,46042,Anguinán,46042010,1143.3972
2018,La Rioja,46,Chilecito,46042,Chilecito,46042010,4.05
2018,La Rioja,46,Chilecito,46042,San Miguel,46042010,3.345
2018,La Rioja,46,Chilecito,46042,La Puntilla,46042010,0.111
2018,La Rioja,46,Chilecito,46042,Los Sarmientos,46042010,2.17
2018,La Rioja,46,Chilecito,46042,Colonia Catinzaco,46042030,105.29
2018,La Rioja,46,Chilecito,46042,Guanchín,46042060,12
2018,La Rioja,46,Chilecito,46042,Malligasta,46042070,1468.8573
2018,La Rioja,46,Chilecito,46042,Miranda,46042080,2.232
2018,La Rioja,46,Chilecito,46042,Nonogasta,46042090,1138.9572
2018,La Rioja,46,Chilecito,46042,San Nicolás,46042100,83.0802
2018,La Rioja,46,Chilecito,46042,Sañogasta,46042120,42.6424
2018,La Rioja,46,Chilecito,46042,Tilimuqui,46042130,867.6246
2018,La Rioja,46,Chilecito,46042,Vichigasta,46042140,1345.8454
2018,La Rioja,46,Famatina,46049,Angulos,46049020,44.67
2018,La Rioja,46,Famatina,46049,Antinaco,46049030,29.1
2018,La Rioja,46,Famatina,46049,Bajo Carrizal,46049040,0.08
2018,La Rioja,46,Famatina,46049,Campanas,46049050,1.7
2018,La Rioja,46,Famatina,46049,Chañarmuyo,46049060,91.33
2018,La Rioja,46,Famatina,46049,Famatina,46049070,84.6344
2018,La Rioja,46,Famatina,46049,Famatina,46049070,1.475
2018,La Rioja,46,Famatina,46049,Famatina,46049070,13.04
2018,La Rioja,46,Famatina,46049,Pituil,46049090,79.6164
2018,La Rioja,46,Famatina,46049,Plaza Vieja,46049100,30.255
2018,La Rioja,46,General Lamadrid,46077,Villa Castelli,46077010,6.25
2018,La Rioja,46,General Lamadrid,46077,Villa Castelli,46077010,53.406
2018,La Rioja,46,Vinchina,46098,Villa San José de Vinchina,46098020,48.0946
2018,La Rioja,46,San Blas de Los Sauces,46119,Alpasinche,46119010,22.6353
2018,La Rioja,46,San Blas de Los Sauces,46119,Shaqui,46119010,32.4
2018,La Rioja,46,San Blas de Los Sauces,46119,Las Talas,46119010,0.4
2018,La Rioja,46,San Blas de Los Sauces,46119,Los Robles,46119010,0.15
2018,La Rioja,46,San Blas de Los Sauces,46119,Chaupihuasi,46119010,8.1706
2018,La Rioja,46,San Blas de Los Sauces,46119,San Blas,46119010,10.2
2018,La Rioja,46,Sanagasta,46126,Villa Sanagasta,46126010,18.4504
2018,Mendoza,50,General Alvear,50014,Bowen,50014010,31.3628
2018,Mendoza,50,General Alvear,50014,Bowen,50014010,1311.3371
2018,Mendoza,50,General Alvear,50014,Carmensa,50014020,8.15
2018,Mendoza,50,General Alvear,50014,Carmensa,50014020,267.5945
2018,Mendoza,50,General Alvear,50014,General Alvear,50014030,102.64
2018,Mendoza,50,General Alvear,50014,General Alvear,50014030,22.27
2018,Mendoza,50,General Alvear,50014,General Alvear,50014030,328.9332
2018,Mendoza,50,General Alvear,50014,General Alvear,50014030,254.1245
2018,Mendoza,50,General Alvear,50014,General Alvear,50014030,206.1825
2018,Mendoza,50,General Alvear,50014,Los Compartos,50014040,453.1158
2018,Mendoza,50,General Alvear,50014,Colonia San Pedro del Atuel,50014A04,16
2018,Mendoza,50,General Alvear,50014,El Ceibo,50014A08,12.72
2018,Mendoza,50,General Alvear,50014,El Ceibo,50014A08,107.065
2018,Mendoza,50,General Alvear,50014,La California,50014A12,46.144
2018,Mendoza,50,General Alvear,50014,La Escandinava,50014A14,195.2688
2018,Mendoza,50,General Alvear,50014,La Marsolina,50014A16,6.345
2018,Mendoza,50,General Alvear,50014,La Marsolina,50014A16,366.732
2018,Mendoza,50,General Alvear,50014,La Montilla,50014A17,1.5
2018,Mendoza,50,General Alvear,50014,Los Campamentos,50014A19,75.1792
2018,Mendoza,50,General Alvear,50014,Poste de Fierro,50014A24,103.215
2018,Mendoza,50,Godoy Cruz,50021,Gobernador Benegas,50021010,0.677
2018,Mendoza,50,Guaymallén,50028,Colonia Segovia,50028010,110.1315
2018,Mendoza,50,Guaymallén,50028,Bermejo,50028020,68.4595
2018,Mendoza,50,Guaymallén,50028,Rodeo de la Cruz,50028020,51.4623
2018,Mendoza,50,Guaymallén,50028,Villa Nueva,50028020,53.4125
2018,Mendoza,50,Guaymallén,50028,San Francisco del Monte,50028020,2.0029
2018,Mendoza,50,Guaymallén,50028,El Sauce,50028020,99.076
2018,Mendoza,50,Guaymallén,50028,Buena Nueva,50028020,36.7726
2018,Mendoza,50,Guaymallén,50028,Dorrego,50028020,22.7322
2018,Mendoza,50,Guaymallén,50028,La Primavera,50028030,27.3509
2018,Mendoza,50,Guaymallén,50028,La Primavera,50028030,3.2
2018,Mendoza,50,Guaymallén,50028,La Primavera,50028030,25.1045
2018,Mendoza,50,Guaymallén,50028,Los Corralitos,50028040,118.1521
2018,Mendoza,50,Junín,50035,Ingeniero Giagnoni,50035010,23.0992
2018,Mendoza,50,Junín,50035,Junín,50035020,18.723
2018,Mendoza,50,Junín,50035,Junín,50035020,12.4112
2018,Mendoza,50,Junín,50035,Junín,50035020,102.0932
2018,Mendoza,50,Junín,50035,Junín,50035020,1019.6794
2018,Mendoza,50,Junín,50035,La Colonia,50035030,805.2939
2018,Mendoza,50,Junín,50035,Los Barriales,50035040,29.396
2018,Mendoza,50,Junín,50035,Los Barriales,50035040,1539.3882
2018,Mendoza,50,Junín,50035,Los Barriales,50035040,5.28
2018,Mendoza,50,Junín,50035,Medrano,50035050,23.965
2018,Mendoza,50,Junín,50035,Medrano,50035050,58.8793
2018,Mendoza,50,Junín,50035,Medrano,50035050,1801.6963
2018,Mendoza,50,Junín,50035,Phillips,50035060,2133.5017
2018,Mendoza,50,Junín,50035,Phillips,50035060,9.39
2018,Mendoza,50,Junín,50035,Rodríguez Peña,50035070,1177.3614
2018,Mendoza,50,Junín,50035,Algarrobo Grande,50035A00,71.327
2018,Mendoza,50,Junín,50035,Algarrobo Grande,50035A00,1769.7217
2018,Mendoza,50,Junín,50035,Algarrobo Grande,50035A00,107.4312
2018,Mendoza,50,Junín,50035,Alto Verde,50035A01,783.2948
2018,Mendoza,50,Junín,50035,Alto Verde,50035A01,226.62
2018,Mendoza,50,Junín,50035,Tres Esquinas,50035A02,7.16
2018,Mendoza,50,La Paz,50042,La Paz,50042020,144.4256
2018,Mendoza,50,La Paz,50042,La Paz,50042020,63.6
2018,Mendoza,50,La Paz,50042,Villa Antigua,50042030,44.71
2018,Mendoza,50,La Paz,50042,Las Chacritas,50042A07,22.12
2018,Mendoza,50,Las Heras,50049,Jocolí,50049030,100.5933
2018,Mendoza,50,Las Heras,50049,Capdevila,50049050,312.3151
2018,Mendoza,50,Las Heras,50049,Panquehuá,50049050,46.5869
2018,Mendoza,50,Las Heras,50049,El Algarrobal,50049050,443.0277
2018,Mendoza,50,Las Heras,50049,El Plumerillo,50049050,74.8077
2018,Mendoza,50,Las Heras,50049,El Borbollón,50049050,208.5709
2018,Mendoza,50,Las Heras,50049,El Challao,50049050,7.26
2018,Mendoza,50,Las Heras,50049,Las Heras,50049050,13.6
2018,Mendoza,50,Las Heras,50049,Las Heras,50049050,26.54
2018,Mendoza,50,Las Heras,50049,Polvaredas,50049080,6
2018,Mendoza,50,Las Heras,50049,Uspallata,50049110,4
2018,Mendoza,50,Las Heras,50049,El Pastal,50049A04,229.6658
2018,Mendoza,50,Las Heras,50049,El Pastal,50049A04,10
2018,Mendoza,50,Lavalle,50056,Barrio Alto del Olvido,50056010,25.0225
2018,Mendoza,50,Lavalle,50056,Barrio La Palmera,50056030,455.4201
2018,Mendoza,50,Lavalle,50056,Barrio La Pega,50056040,245.1619
2018,Mendoza,50,Lavalle,50056,Costa de Araujo,50056080,6.3042
2018,Mendoza,50,Lavalle,50056,Costa de Araujo,50056080,4199.6379
2018,Mendoza,50,Lavalle,50056,Costa de Araujo,50056080,3.1231
2018,Mendoza,50,Lavalle,50056,El Paramillo,50056090,579.965
2018,Mendoza,50,Lavalle,50056,El Vergel,50056100,7
2018,Mendoza,50,Lavalle,50056,El Vergel,50056100,257.0358
2018,Mendoza,50,Lavalle,50056,Ingeniero Gustavo André,50056110,14.5224
2018,Mendoza,50,Lavalle,50056,Ingeniero Gustavo André,50056110,2522.7369
2018,Mendoza,50,Lavalle,50056,Jocolí,50056120,1334.7186
2018,Mendoza,50,Lavalle,50056,Jocolí Viejo,50056130,231.9692
2018,Mendoza,50,Lavalle,50056,Las Violetas,50056140,72.347
2018,Mendoza,50,Lavalle,50056,3 de Mayo,50056150,107.7316
2018,Mendoza,50,Lavalle,50056,3 de Mayo,50056150,992.6768
2018,Mendoza,50,Lavalle,50056,Villa Tulumaya,50056160,38.0908
2018,Mendoza,50,Lavalle,50056,Villa Tulumaya,50056160,509.8219
2018,Mendoza,50,Lavalle,50056,El Carmen,50056A05,128.719
2018,Mendoza,50,Lavalle,50056,El Chilcal,50056A06,15.9244
2018,Mendoza,50,Lavalle,50056,El Chilcal,50056A06,293.3188
2018,Mendoza,50,Lavalle,50056,El Plumero,50056A09,18.18
2018,Mendoza,50,Lavalle,50056,El Plumero,50056A09,864.1955
2018,Mendoza,50,Lavalle,50056,El Retiro,50056A12,84.54
2018,Mendoza,50,Lavalle,50056,La Asunción,50056A15,107.18
2018,Mendoza,50,Lavalle,50056,La Holanda,50056A17,84.6446
2018,Mendoza,50,Lavalle,50056,Resurrección,50056A23,8.19
2018,Mendoza,50,Lavalle,50056,San Francisco,50056A24,256.237
2018,Mendoza,50,Lavalle,50056,San José,50056A26,4
2018,Mendoza,50,Lavalle,50056,San José,50056A26,22.5
2018,Mendoza,50,Luján de Cuyo,50063,Agrelo,50063010,5375.2872
2018,Mendoza,50,Luján de Cuyo,50063,El Carrizal,50063050,2761.4619
2018,Mendoza,50,Luján de Cuyo,50063,Las Compuertas,50063070,472.2178
2018,Mendoza,50,Luján de Cuyo,50063,Mayor Drummond,50063090,372.0533
2018,Mendoza,50,Luján de Cuyo,50063,Vistalba,50063090,450.259
2018,Mendoza,50,Luján de Cuyo,50063,La Puntilla,50063090,4.7
2018,Mendoza,50,Luján de Cuyo,50063,Carrodilla,50063090,122.5021
2018,Mendoza,50,Luján de Cuyo,50063,Chacras de Coria,50063090,113.463
2018,Mendoza,50,Luján de Cuyo,50063,Luján de Cuyo,50063090,163.1993
2018,Mendoza,50,Luján de Cuyo,50063,Perdriel,50063100,1426.0864
2018,Mendoza,50,Luján de Cuyo,50063,Perdriel,50063100,2
2018,Mendoza,50,Luján de Cuyo,50063,Potrerillos,50063110,2.0151
2018,Mendoza,50,Luján de Cuyo,50063,Ugarteche,50063120,4155.894
2018,Mendoza,50,Luján de Cuyo,50063,Anchoris,50063A01,76.6128
2018,Mendoza,50,Luján de Cuyo,50063,Baños Lunlunta,50063A02,21.6
2018,Mendoza,50,Luján de Cuyo,50063,Industrial,50063A03,23.5
2018,Mendoza,50,Maipú,50070,Barrancas,50070010,2930.9803
2018,Mendoza,50,Maipú,50070,Barrancas,50070010,1.5
2018,Mendoza,50,Maipú,50070,Barrio Jesús de Nazaret,50070020,16.692
2018,Mendoza,50,Maipú,50070,Cruz de Piedra,50070030,599.9053
2018,Mendoza,50,Maipú,50070,Cruz de Piedra,50070030,807.9632
2018,Mendoza,50,Maipú,50070,El Pedregal,50070040,41
2018,Mendoza,50,Maipú,50070,Fray Luis Beltrán,50070050,3842.5452
2018,Mendoza,50,Maipú,50070,Fray Luis Beltrán,50070050,205.2211
2018,Mendoza,50,Maipú,50070,Fray Luis Beltrán,50070050,199.1098
2018,Mendoza,50,Maipú,50070,Maipú,50070060,40.8856
2018,Mendoza,50,Maipú,50070,General Gutiérrez,50070060,43.8
2018,Mendoza,50,Maipú,50070,Coquimbito,50070060,357.062
2018,Mendoza,50,Maipú,50070,Rodeo del Medio,50070070,129.6422
2018,Mendoza,50,Maipú,50070,Rodeo del Medio,50070070,2
2018,Mendoza,50,Maipú,50070,Rodeo del Medio,50070070,958.2471
2018,Mendoza,50,Maipú,50070,Rodeo del Medio,50070070,22.052
2018,Mendoza,50,Maipú,50070,Russell,50070080,495.0573
2018,Mendoza,50,Maipú,50070,San Roque,50070090,486.6066
2018,Mendoza,50,Maipú,50070,San Roque,50070090,229.1312
2018,Mendoza,50,Maipú,50070,El Paraíso,50070A01,170.05
2018,Mendoza,50,Maipú,50070,Los Álamos,50070A02,103.103
2018,Mendoza,50,Rivadavia,50084,Andrade,50084010,1054.8404
2018,Mendoza,50,Rivadavia,50084,El Mirador,50084040,109.2242
2018,Mendoza,50,Rivadavia,50084,El Mirador,50084040,2235.0706
2018,Mendoza,50,Rivadavia,50084,La Central,50084050,3131.471
2018,Mendoza,50,Rivadavia,50084,La Libertad,50084080,1048.7252
2018,Mendoza,50,Rivadavia,50084,Los Árboles,50084090,689.8475
2018,Mendoza,50,Rivadavia,50084,Los Campamentos,50084100,3928.6364
2018,Mendoza,50,Rivadavia,50084,Los Campamentos,50084100,4
2018,Mendoza,50,Rivadavia,50084,Medrano,50084110,691.0337
2018,Mendoza,50,Rivadavia,50084,Mundo Nuevo,50084120,124.7964
2018,Mendoza,50,Rivadavia,50084,Reducción de Abajo,50084130,946.6505
2018,Mendoza,50,Rivadavia,50084,Rivadavia,50084140,776.4414
2018,Mendoza,50,Rivadavia,50084,Santa María de Oro,50084150,643.1869
2018,Mendoza,50,San Carlos,50091,Barrio El Cepillo,50091010,498.233
2018,Mendoza,50,San Carlos,50091,Chilecito,50091020,344.8668
2018,Mendoza,50,San Carlos,50091,Eugenio Bustos,50091030,2410.4668
2018,Mendoza,50,San Carlos,50091,La Consulta,50091040,41.79
2018,Mendoza,50,San Carlos,50091,La Consulta,50091040,4648.184
2018,Mendoza,50,San Carlos,50091,La Consulta,50091040,9
2018,Mendoza,50,San Carlos,50091,Pareditas,50091050,206.9933
2018,Mendoza,50,San Carlos,50091,San Carlos,50091060,309.1874
2018,Mendoza,50,San Carlos,50091,San Carlos,50091060,56.7
2018,Mendoza,50,San Carlos,50091,Casas Viejas,50091A01,53.9264
2018,Mendoza,50,San Carlos,50091,El Capacho,50091A03,20.6
2018,Mendoza,50,San Carlos,50091,Tres Esquinas,50091A17,13.0602
2018,Mendoza,50,San Martín,50098,Alto Verde,50098020,2901.5729
2018,Mendoza,50,San Martín,50098,Chapanay,50098060,4976.3921
2018,Mendoza,50,San Martín,50098,Chivilcoy,50098070,633.7812
2018,Mendoza,50,San Martín,50098,El Espino,50098073,467.8084
2018,Mendoza,50,San Martín,50098,El Ramblón,50098077,710.1305
2018,Mendoza,50,San Martín,50098,El Ramblón,50098077,1503.2339
2018,Mendoza,50,San Martín,50098,Montecaseros,50098080,6397.5751
2018,Mendoza,50,San Martín,50098,Nueva California,50098090,2255.8357
2018,Mendoza,50,San Martín,50098,San Martín,50098100,1
2018,Mendoza,50,San Martín,50098,San Martín,50098100,43.8194
2018,Mendoza,50,San Martín,50098,Palmira,50098100,1337.2479
2018,Mendoza,50,San Martín,50098,San Martín,50098100,553.9669
2018,Mendoza,50,San Martín,50098,Tres Porteñas,50098110,1884.5812
2018,Mendoza,50,San Martín,50098,Alto Chapanay,50098A00,136.8419
2018,Mendoza,50,San Martín,50098,Alto Salvador,50098A01,1461.7972
2018,Mendoza,50,San Martín,50098,Buen Orden,50098A03,611.4844
2018,Mendoza,50,San Martín,50098,El Central,50098A06,1363.6265
2018,Mendoza,50,San Martín,50098,El Divisadero,50098A07,1277.6721
2018,Mendoza,50,San Martín,50098,Las Chimbas,50098A09,376.0746
2018,Mendoza,50,San Rafael,50105,Barrio Campos El Toledano,50105010,19.2756
2018,Mendoza,50,San Rafael,50105,Capitán Montoya,50105050,28.1924
2018,Mendoza,50,San Rafael,50105,Cuadro Benegas,50105060,868.0358
2018,Mendoza,50,San Rafael,50105,El Tropezón,50105090,11.6553
2018,Mendoza,50,San Rafael,50105,Goudge,50105100,1157.017
2018,Mendoza,50,San Rafael,50105,Jaime Prats,50105110,0.72
2018,Mendoza,50,San Rafael,50105,Jaime Prats,50105110,603.1896
2018,Mendoza,50,San Rafael,50105,La Llave Nueva,50105120,449.3466
2018,Mendoza,50,San Rafael,50105,La Llave Nueva,50105120,74.7876
2018,Mendoza,50,San Rafael,50105,Las Malvinas,50105130,10.06
2018,Mendoza,50,San Rafael,50105,Monte Comán,50105150,172.4386
2018,Mendoza,50,San Rafael,50105,Rama Caída,50105180,752.3724
2018,Mendoza,50,San Rafael,50105,Rama Caída,50105180,22.742
2018,Mendoza,50,San Rafael,50105,Real del Padre,50105190,1580.8395
2018,Mendoza,50,San Rafael,50105,Salto de las Rosas,50105200,47.6733
2018,Mendoza,50,San Rafael,50105,San Rafael,50105210,6.045
2018,Mendoza,50,San Rafael,50105,Cuadro Nacional,50105210,134.8295
2018,Mendoza,50,San Rafael,50105,Cuadro Nacional,50105210,1321.644
2018,Mendoza,50,San Rafael,50105,San Rafael,50105210,4
2018,Mendoza,50,San Rafael,50105,San Rafael,50105210,129.5917
2018,Mendoza,50,San Rafael,50105,25 de Mayo,50105220,30.1055
2018,Mendoza,50,San Rafael,50105,25 de Mayo,50105220,3
2018,Mendoza,50,San Rafael,50105,Villa Atuel,50105230,830.1023
2018,Mendoza,50,San Rafael,50105,Villa Atuel,50105230,42.13
2018,Mendoza,50,San Rafael,50105,Villa Atuel,50105230,471.2192
2018,Mendoza,50,San Rafael,50105,Cañada Seca,50105A04,1989.9714
2018,Mendoza,50,San Rafael,50105,Cañada Seca,50105A04,1.0865
2018,Mendoza,50,San Rafael,50105,Colonia Bombal y Tabanera,50105A06,124.0614
2018,Mendoza,50,San Rafael,50105,Colonia Colomer,50105A07,24.6295
2018,Mendoza,50,San Rafael,50105,Colonia El Usillal,50105A08,159.1235
2018,Mendoza,50,San Rafael,50105,Colonia Elena,50105A09,187.6315
2018,Mendoza,50,San Rafael,50105,Colonia Española,50105A10,19.38
2018,Mendoza,50,San Rafael,50105,Colonia Gelman,50105A11,42.5699
2018,Mendoza,50,San Rafael,50105,Colonia Jáuregui,50105A12,8.73
2018,Mendoza,50,San Rafael,50105,Colonia López,50105A13,218.2759
2018,Mendoza,50,San Rafael,50105,El Algarrobal,50105A20,4.42
2018,Mendoza,50,San Rafael,50105,El Cerrito,50105A22,208.856
2018,Mendoza,50,San Rafael,50105,La Guevarina,50105A32,44.25
2018,Mendoza,50,San Rafael,50105,La Llave Vieja,50105A35,35.9104
2018,Mendoza,50,San Rafael,50105,Las Paredes,50105A44,19.927
2018,Mendoza,50,San Rafael,50105,Las Paredes,50105A44,1244.3489
2018,Mendoza,50,San Rafael,50105,Los Claveles,50105A46,52.1401
2018,Mendoza,50,San Rafael,50105,Los Sifones,50105A51,8.865
2018,Mendoza,50,San Rafael,50105,Rincón del Atuel,50105A60,10.416
2018,Mendoza,50,San Rafael,50105,Soitué,50105A64,48.6175
2018,Mendoza,50,Santa Rosa,50112,Barrio 12 de Octubre,50112010,887.1949
2018,Mendoza,50,Santa Rosa,50112,Barrio 12 de Octubre,50112010,785.4566
2018,Mendoza,50,Santa Rosa,50112,Barrio Molina Cabrera,50112030,22.05
2018,Mendoza,50,Santa Rosa,50112,La Dormida,50112040,170.8029
2018,Mendoza,50,Santa Rosa,50112,La Dormida,50112040,1101.3571
2018,Mendoza,50,Santa Rosa,50112,Las Catitas,50112050,1392.6112
2018,Mendoza,50,Santa Rosa,50112,Santa Rosa,50112060,3127.6999
2018,Mendoza,50,Santa Rosa,50112,Santa Rosa,50112060,816.6505
2018,Mendoza,50,Santa Rosa,50112,Santa Rosa,50112060,141.0509
2018,Mendoza,50,Santa Rosa,50112,Gobernador Civit,50112A05,35.25
2018,Mendoza,50,Santa Rosa,50112,Los Yoles,50112A10,68.938
2018,Mendoza,50,Tunuyán,50119,Campo Los Andes,50119020,225.5888
2018,Mendoza,50,Tunuyán,50119,Colonia Las Rosas,50119030,42.05
2018,Mendoza,50,Tunuyán,50119,El Manzano,50119040,1.5005
2018,Mendoza,50,Tunuyán,50119,Los Sauces,50119050,986.0639
2018,Mendoza,50,Tunuyán,50119,Tunuyán,50119060,83.858
2018,Mendoza,50,Tunuyán,50119,Tunuyán,50119060,715.5856
2018,Mendoza,50,Tunuyán,50119,Tunuyán,50119060,140.0415
2018,Mendoza,50,Tunuyán,50119,Vista Flores,50119070,2254.8484
2018,Mendoza,50,Tunuyán,50119,El Totoral,50119A02,100.7701
2018,Mendoza,50,Tunuyán,50119,El Totoral,50119A02,609.2347
2018,Mendoza,50,Tunuyán,50119,La Primavera,50119A04,329.8862
2018,Mendoza,50,Tunuyán,50119,Las Pintadas,50119A07,510.6835
2018,Mendoza,50,Tunuyán,50119,Los Árboles,50119A08,1829.3538
2018,Mendoza,50,Tunuyán,50119,Los Árboles,50119A08,68.6563
2018,Mendoza,50,Tunuyán,50119,Los Chacales,50119A09,814.7341
2018,Mendoza,50,Tunuyán,50119,Villa Seca,50119A14,930.0424
2018,Mendoza,50,Tupungato,50126,Cordón del Plata,50126020,45.7176
2018,Mendoza,50,Tupungato,50126,Cordón del Plata,50126020,1810.0438
2018,Mendoza,50,Tupungato,50126,Cordón del Plata,50126020,575.7797
2018,Mendoza,50,Tupungato,50126,El Peral,50126030,755.3135
2018,Mendoza,50,Tupungato,50126,El Zampal,50126035,880.5831
2018,Mendoza,50,Tupungato,50126,La Arboleda,50126040,1662.1059
2018,Mendoza,50,Tupungato,50126,San José,50126050,410.9246
2018,Mendoza,50,Tupungato,50126,Villa Bastias,50126060,387.8062
2018,Mendoza,50,Tupungato,50126,Tupungato,50126060,120.4824
2018,Mendoza,50,Tupungato,50126,Tupungato,50126060,3
2018,Mendoza,50,Tupungato,50126,Tupungato,50126060,463.3742
2018,Mendoza,50,Tupungato,50126,Anchoris,50126A01,386.06
2018,Mendoza,50,Tupungato,50126,Ancón,50126A02,1.392
2018,Mendoza,50,Tupungato,50126,Gualtallary,50126A05,2366.6703
2018,Mendoza,50,Tupungato,50126,Zapata,50126A12,118.245
2018,Misiones,54,Cainguás,54014,Aristóbulo del Valle,54014010,1
2018,Misiones,54,Cainguás,54014,Salto Encantado,54014080,6.8
2018,Misiones,54,Capital,54028,Posadas,54028030,5.719
2018,Misiones,54,Leandro N. Alem,54070,Cerro Azul,54070040,1.25
2018,Misiones,54,Leandro N. Alem,54070,Leandro N. Alem,54070070,1.05
2018,Misiones,54,Leandro N. Alem,54070,Olegario V. Andrade,54070080,1
2018,Misiones,54,25 de Mayo,54119,Alba Posse,54119010,0.95
2018,Neuquén,58,Añelo,58014,Añelo,58014010,122.07
2018,Neuquén,58,Añelo,58014,San Patricio del Chañar,58014020,1469.3356
2018,Neuquén,58,Collón Curá,58028,Piedra del Águila,58028010,4.841
2018,Neuquén,58,Confluencia,58035,Centenario,58035030,1.994
2018,Neuquén,58,Confluencia,58035,Centenario,58035030,8.785
2018,Neuquén,58,Confluencia,58035,Cutral Có,58035040,2.113
2018,Neuquén,58,Confluencia,58035,Mari Menuco,58035060,37.8606
2018,Neuquén,58,Confluencia,58035,Neuquén,58035070,1.78
2018,Neuquén,58,Confluencia,58035,Neuquén,58035070,0.333
2018,Neuquén,58,Confluencia,58035,Neuquén,58035070,1.68
2018,Neuquén,58,Confluencia,58035,Plottier,58035100,33.618
2018,Neuquén,58,Confluencia,58035,Senillosa,58035110,46.8462
2018,Neuquén,58,Chos Malal,58042,Chos Malal,58042010,5.934
2018,Neuquén,58,Lácar,58056,San Martín de los Andes,58056010,0.6415
2018,Neuquén,58,Ñorquín,58084,Taquimilán,58084050,0.6
2018,Neuquén,58,Pehuenches,58091,Buta Ranquil,58091020,3.05
2018,Neuquén,58,Picún Leufú,58098,Picún Leufú,58098020,22.79
2018,Neuquén,58,Picunches,58105,Bajada del Agrio,58105010,1.2
2018,Río Negro,62,Adolfo Alsina,62007,Guardia Mitre,62007040,1.5722
2018,Río Negro,62,Adolfo Alsina,62007,San Javier,62007080,70.7909
2018,Río Negro,62,Adolfo Alsina,62007,Viedma,62007090,27.82
2018,Río Negro,62,Adolfo Alsina,62007,Cubanea,62007A03,2
2018,Río Negro,62,Avellaneda,62014,Chelforó,62014020,2
2018,Río Negro,62,Avellaneda,62014,Chimpay,62014030,0.69
2018,Río Negro,62,Avellaneda,62014,Choele Choel,62014040,7.2
2018,Río Negro,62,Avellaneda,62014,Darwin,62014060,35.525
2018,Río Negro,62,Avellaneda,62014,Lamarque,62014070,2.25
2018,Río Negro,62,Avellaneda,62014,Luis Beltrán,62014080,88.752
2018,Río Negro,62,Avellaneda,62014,Pomona,62014090,65.0565
2018,Río Negro,62,Bariloche,62021,El Bolsón,62021030,0.958
2018,Río Negro,62,Conesa,62028,Barrio Colonia Conesa,62028010,2.616
2018,Río Negro,62,Conesa,62028,Barrio Colonia Conesa,62028010,6
2018,Río Negro,62,Conesa,62028,General Conesa,62028020,15.515
2018,Río Negro,62,Conesa,62028,Colonia San Juan,62028A02,12.2725
2018,Río Negro,62,El Cuy,62035,El Cuy,62035030,28.8
2018,Río Negro,62,El Cuy,62035,Valle Azul,62035080,31.095
2018,Río Negro,62,General Roca,62042,Allen,62042010,184
2018,Río Negro,62,General Roca,62042,Barda del Medio,62042030,15.296
2018,Río Negro,62,General Roca,62042,Barrio Guerrico,62042160,8.5113
2018,Río Negro,62,General Roca,62042,Barrio Pinar,62042297,27
2018,Río Negro,62,General Roca,62042,Catriel,62042360,1.5
2018,Río Negro,62,General Roca,62042,Catriel,62042360,4.506
2018,Río Negro,62,General Roca,62042,Cervantes,62042370,74.4521
2018,Río Negro,62,General Roca,62042,Chichinales,62042380,10.05
2018,Río Negro,62,General Roca,62042,Cinco Saltos,62042390,7.151
2018,Río Negro,62,General Roca,62042,Cipolletti,62042400,73.6829
2018,Río Negro,62,General Roca,62042,Contralmirante Cordero,62042410,3
2018,Río Negro,62,General Roca,62042,Ferri,62042420,4.621
2018,Río Negro,62,General Roca,62042,General Enrique Godoy,62042430,23.37
2018,Río Negro,62,General Roca,62042,General Fernández Oro,62042440,36.3418
2018,Río Negro,62,General Roca,62042,General Roca,62042450,147.0215
2018,Río Negro,62,General Roca,62042,General Roca,62042450,23.3999
2018,Río Negro,62,General Roca,62042,General Roca,62042450,0.88
2018,Río Negro,62,General Roca,62042,Ingeniero Luis A. Huergo,62042460,114.203
2018,Río Negro,62,General Roca,62042,Mainqué,62042480,373.1799
2018,Río Negro,62,General Roca,62042,Villa Alberdi,62042530,0.6426
2018,Río Negro,62,General Roca,62042,Villa Manzano,62042550,23.5089
2018,Río Negro,62,General Roca,62042,Villa Regina,62042560,2.9998
2018,Río Negro,62,Pichi Mahuida,62063,Río Colorado,62063020,57.3016
2018,Salta,66,Cachi,66014,Cachi,66014010,26.5942
2018,Salta,66,Cachi,66014,Payogasta,66014020,60.475
2018,Salta,66,Cachi,66014,La Paya,66014A07,0.38
2018,Salta,66,Cafayate,66021,Cafayate,66021010,77.42
2018,Salta,66,Cafayate,66021,Cafayate,66021010,71.5737
2018,Salta,66,Cafayate,66021,Cafayate,66021010,1958.6948
2018,Salta,66,Cafayate,66021,Cafayate,66021010,1.5
2018,Salta,66,Cafayate,66021,Tolombón,66021020,326.1432
2018,Salta,66,Cafayate,66021,Chuscha,66021A01,2.35
2018,Salta,66,Cafayate,66021,Las Conchas,66021A04,12.4
2018,Salta,66,Cafayate,66021,Yacochuya Norte,66021A05,68.17
2018,Salta,66,La Viña,66098,Cabra Corral,66098020,3.11
2018,Salta,66,La Viña,66098,Las Curtiembres,66098A08,5.03
2018,Salta,66,Molinos,66119,Molinos,66119020,45.6687
2018,Salta,66,Molinos,66119,Seclantás,66119030,3.56
2018,Salta,66,Molinos,66119,Colomé,66119A06,6.55
2018,Salta,66,Molinos,66119,Colomé,66119A06,70.8
2018,Salta,66,Molinos,66119,Luracatao,66119A10,3.7
2018,Salta,66,San Carlos,66154,Angastaco,66154010,133.9535
2018,Salta,66,San Carlos,66154,Animaná,66154020,415.7674
2018,Salta,66,San Carlos,66154,El Barrial,66154030,0.43
2018,Salta,66,San Carlos,66154,San Carlos,66154040,35.07
2018,Salta,66,San Carlos,66154,Corralito,66154A01,25.9257
2018,Salta,66,San Carlos,66154,Payogastilla,66154A17,1.642
2018,Salta,66,San Carlos,66154,San Lucas,66154A24,1.8
2018,Salta,66,San Carlos,66154,Santa Rosa,66154A26,11.355
2018,San Juan,70,Albardón,70007,El Rincón,70007010,110.136
2018,San Juan,70,Albardón,70007,El Rincón,70007010,955.1283
2018,San Juan,70,Albardón,70007,Villa General San Martín - Campo Afuera,70007020,197.6782
2018,San Juan,70,Albardón,70007,Villa General San Martín - Campo Afuera,70007020,129.1394
2018,San Juan,70,Albardón,70007,Villa General San Martín - Campo Afuera,70007020,3.15
2018,San Juan,70,Albardón,70007,Villa General San Martín - Campo Afuera,70007020,101.4131
2018,San Juan,70,Albardón,70007,Villa General San Martín - Campo Afuera,70007020,14.2505
2018,San Juan,70,Albardón,70007,Villa General San Martín - Campo Afuera,70007020,28.6839
2018,San Juan,70,Albardón,70007,Baños La Laja,70007A02,8.0226
2018,San Juan,70,Albardón,70007,Baños La Laja,70007A02,1.625
2018,San Juan,70,Albardón,70007,El Salado,70007A03,62.155
2018,San Juan,70,Albardón,70007,Las Tapias,70007A04,15.2
2018,San Juan,70,Albardón,70007,Las Tapias,70007A04,141.1658
2018,San Juan,70,Angaco,70014,Las Tapias,70014010,16.1746
2018,San Juan,70,Angaco,70014,Las Tapias,70014010,326.7841
2018,San Juan,70,Angaco,70014,Villa Sefair,70014020,262.2492
2018,San Juan,70,Angaco,70014,Villa El Salvador,70014020,121.2733
2018,San Juan,70,Angaco,70014,Villa El Salvador,70014020,108.2144
2018,San Juan,70,Angaco,70014,Villa El Salvador,70014020,616.0531
2018,San Juan,70,Angaco,70014,El Alamito,70014A01,52.55
2018,San Juan,70,Angaco,70014,El Bosque,70014A02,334.3967
2018,San Juan,70,Angaco,70014,Punta del Monte,70014A05,410.3727
2018,San Juan,70,Calingasta,70021,Barreal - Villa Pituil,70021010,29.97
2018,San Juan,70,Calingasta,70021,Calingasta,70021020,2.9
2018,San Juan,70,Calingasta,70021,Tamberías,70021030,51.7
2018,San Juan,70,Calingasta,70021,Hilario,70021A10,11.869
2018,San Juan,70,Calingasta,70021,Puchuzún,70021A28,1
2018,San Juan,70,Calingasta,70021,Sorocayense,70021A30,66.489
2018,San Juan,70,Calingasta,70021,Villa Corral,70021A31,20.84
2018,San Juan,70,Caucete,70035,Caucete,70035020,10.6857
2018,San Juan,70,Caucete,70035,Caucete,70035020,0.2
2018,San Juan,70,Caucete,70035,Caucete,70035020,31.002
2018,San Juan,70,Caucete,70035,Caucete,70035020,2792.3207
2018,San Juan,70,Caucete,70035,Caucete,70035020,0.4395
2018,San Juan,70,Caucete,70035,Caucete,70035020,2.6528
2018,San Juan,70,Caucete,70035,Caucete,70035020,9.515
2018,San Juan,70,Caucete,70035,Caucete,70035020,0.6268
2018,San Juan,70,Caucete,70035,El Rincón,70035030,726.5791
2018,San Juan,70,Caucete,70035,Las Talas - Los Médanos,70035040,285.8589
2018,San Juan,70,Caucete,70035,Marayes,70035050,2.452
2018,San Juan,70,Caucete,70035,Pie de Palo,70035060,128.7549
2018,San Juan,70,Caucete,70035,Villa Independencia,70035080,539.3894
2018,San Juan,70,Caucete,70035,La Puntilla,70035A02,1139.2742
2018,San Juan,70,Caucete,70035,Pozo de los Algarrobos,70035A07,1786.7204
2018,San Juan,70,Chimbas,70042,Chimbas,70042010,638.9956
2018,San Juan,70,Chimbas,70042,Chimbas,70042010,13
2018,San Juan,70,Chimbas,70042,Chimbas,70042010,157.4676
2018,San Juan,70,Iglesia,70049,Angualasto,70049010,5.1075
2018,San Juan,70,Iglesia,70049,Las Flores,70049040,2.1723
2018,San Juan,70,9 de Julio,70063,Alto de Sierra,70063010,59.3646
2018,San Juan,70,9 de Julio,70063,Las Chacritas,70063030,850.561
2018,San Juan,70,9 de Julio,70063,Las Chacritas,70063030,5.3294
2018,San Juan,70,9 de Julio,70063,Las Chacritas,70063030,43.5014
2018,San Juan,70,9 de Julio,70063,9 de Julio,70063040,1969.7162
2018,San Juan,70,9 de Julio,70063,La Majadita,70063A00,382.7646
2018,San Juan,70,9 de Julio,70063,Rincón Cercado,70063A02,137.9001
2018,San Juan,70,Pocito,70070,Carpintería,70070020,2038.1401
2018,San Juan,70,Pocito,70070,Las Piedritas,70070025,7
2018,San Juan,70,Pocito,70070,Las Piedritas,70070025,3.42
2018,San Juan,70,Pocito,70070,Quinto Cuartel,70070030,81.88
2018,San Juan,70,Pocito,70070,Villa Aberastain,70070040,177.7154
2018,San Juan,70,Pocito,70070,Villa Aberastain,70070040,768.4627
2018,San Juan,70,Pocito,70070,La Rinconada,70070040,664.6694
2018,San Juan,70,Pocito,70070,Villa Aberastain,70070040,18.96
2018,San Juan,70,Pocito,70070,Villa Nacusi,70070050,8.01
2018,San Juan,70,Pocito,70070,Villa Nacusi,70070050,2
2018,San Juan,70,Pocito,70070,Villa Nacusi,70070050,47.6565
2018,San Juan,70,Rawson,70077,Rawson,70077010,736.8663
2018,San Juan,70,Rawson,70077,Rawson,70077010,34.0326
2018,San Juan,70,Rawson,70077,Rawson,70077010,34.6811
2018,San Juan,70,Rawson,70077,El Medanito,70077010,220.8795
2018,San Juan,70,Rawson,70077,Rawson,70077010,6.97
2018,San Juan,70,Rawson,70077,Colonia Médano de Oro,70077A00,542.3006
2018,San Juan,70,Rawson,70077,Colonia Rodas,70077A02,263.945
2018,San Juan,70,Rawson,70077,Colonia Rodas,70077A02,56.5535
2018,San Juan,70,Rivadavia,70084,Rivadavia,70084010,84.1055
2018,San Juan,70,Rivadavia,70084,Rivadavia,70084010,97.2401
2018,San Juan,70,Rivadavia,70084,Rivadavia,70084010,97.615
2018,San Juan,70,San Martín,70091,Dos Acequias,70091020,861.3753
2018,San Juan,70,San Martín,70091,San Isidro,70091030,676.3229
2018,San Juan,70,San Martín,70091,Villa Dominguito,70091050,34.07
2018,San Juan,70,San Martín,70091,Villa San Martín,70091070,5.51
2018,San Juan,70,San Martín,70091,Villa San Martín,70091070,1024.8613
2018,San Juan,70,San Martín,70091,Coll,70091A00,7.2607
2018,San Juan,70,San Martín,70091,Los Compartos,70091A01,144.2431
2018,San Juan,70,San Martín,70091,Los Compartos,70091A01,875.1685
2018,San Juan,70,San Martín,70091,Los Compartos,70091A01,56.5465
2018,San Juan,70,San Martín,70091,Villa Lugano,70091A02,38.2
2018,San Juan,70,San Martín,70091,Villa Lugano,70091A02,31.5741
2018,San Juan,70,Santa Lucía,70098,Santa Lucía,70098010,37.662
2018,San Juan,70,Santa Lucía,70098,Santa Lucía,70098010,53.269
2018,San Juan,70,Santa Lucía,70098,Santa Lucía,70098010,49.271
2018,San Juan,70,Santa Lucía,70098,Colonia Gutiérrez,70098010,23.1548
2018,San Juan,70,Santa Lucía,70098,Colonia Gutiérrez,70098010,393.8457
2018,San Juan,70,Santa Lucía,70098,Santa Lucía,70098010,396.7962
2018,San Juan,70,Santa Lucía,70098,Santa Lucía,70098010,75.366
2018,San Juan,70,Santa Lucía,70098,Colonia Gutiérrez,70098010,80.8619
2018,San Juan,70,Sarmiento,70105,Cañada Honda,70105010,647.8662
2018,San Juan,70,Sarmiento,70105,Colonia Fiscal,70105030,964.2199
2018,San Juan,70,Sarmiento,70105,Guanacache,70105050,311.6879
2018,San Juan,70,Sarmiento,70105,Las Lagunas,70105060,594.9788
2018,San Juan,70,Sarmiento,70105,Los Berros,70105070,6.4366
2018,San Juan,70,Sarmiento,70105,Los Berros,70105070,23.1867
2018,San Juan,70,Sarmiento,70105,Pedernal,70105080,762.43
2018,San Juan,70,Sarmiento,70105,Punta del Médano,70105090,190.8113
2018,San Juan,70,Sarmiento,70105,Villa Media Agua,70105100,363.8778
2018,San Juan,70,Sarmiento,70105,Villa Media Agua,70105100,1319.1101
2018,San Juan,70,Sarmiento,70105,Cochagual,70105A01,2254.6635
2018,San Juan,70,Sarmiento,70105,Colonia San Antonio,70105A02,5
2018,San Juan,70,Sarmiento,70105,San Carlos,70105A07,232.12
2018,San Juan,70,Sarmiento,70105,Tres Esquinas,70105A08,401.7326
2018,San Juan,70,Ullum,70112,Villa Ibáñez,70112010,1526.8179
2018,San Juan,70,Ullum,70112,Villa Ibáñez,70112010,28.643
2018,San Juan,70,Ullum,70112,La Banderita,70112A04,22.5177
2018,San Juan,70,Valle Fértil,70119,Balde del Rosario,70119020,0.477
2018,San Juan,70,25 de Mayo,70126,Tupelí,70126020,163.378
2018,San Juan,70,25 de Mayo,70126,Tupelí,70126020,497.2986
2018,San Juan,70,25 de Mayo,70126,Villa Borjas - La Chimbera,70126030,1529.797
2018,San Juan,70,25 de Mayo,70126,Villa Santa Rosa,70126050,1534.73
2018,San Juan,70,25 de Mayo,70126,Villa Santa Rosa,70126050,110.6999
2018,San Juan,70,25 de Mayo,70126,Villa Santa Rosa,70126050,103.8948
2018,San Juan,70,25 de Mayo,70126,Villa Santa Rosa,70126050,1992.1174
2018,San Juan,70,25 de Mayo,70126,Villa Santa Rosa,70126050,606.3788
2018,San Juan,70,25 de Mayo,70126,Algarrobo Verde,70126A00,53.4
2018,San Juan,70,25 de Mayo,70126,Cuatro Esquinas,70126A04,17.1654
2018,San Juan,70,25 de Mayo,70126,Las Casuarinas,70126A06,2148.4924
2018,San Juan,70,25 de Mayo,70126,Punta del Médano,70126A09,104.169
2018,San Juan,70,Zonda,70133,Villa Basilio Nievas,70133010,22
2018,San Juan,70,Zonda,70133,Villa Basilio Nievas,70133010,333.285
2018,San Juan,70,Zonda,70133,Villa Basilio Nievas,70133010,257.108
2018,San Juan,70,Zonda,70133,Villa Basilio Nievas,70133010,754.9717
2018,San Luis,74,Ayacucho,74007,Candelaria,74007010,10.0799
2018,San Luis,74,Belgrano,74014,Nogolí,74014020,4
2018,San Luis,74,Junín,74049,Merlo,74049060,1.332
2018,San Luis,74,Junín,74049,Santa Rosa del Conlara,74049070,26.1
2018,San Luis,74,Juan Martín de Pueyrredón,74056,Beazley,74056040,56.934
2018,San Luis,74,Juan Martín de Pueyrredón,74056,San Luis,74056150,4.875
2018,Santa Fe,82,La Capital,82063,Laguna Paiva,82063080,0.09
2018,Santiago del Estero,86,Capital,86049,Vuelta de la Barranca,86049120,8.8
2018,Santiago del Estero,86,Robles,86161,Beltrán,86161010,1.7381
2018,Tucumán,90,Tafí del Valle,90098,Amaicha del Valle,90098010,0.95
2018,Tucumán,90,Tafí del Valle,90098,Amaicha del Valle,90098010,16.7751
2018,Tucumán,90,Tafí del Valle,90098,Colalao del Valle,90098020,49.8529
2018,Tucumán,90,Tafí del Valle,90098,El Bañado,90098A12,7.59
2018,Tucumán,90,Tafí del Valle,90098,El Paso,90098A18,30.9692
2018,Tucumán,90,Tafí del Valle,90098,Los Zazos,90098A40,2.36
2018,Tucumán,90,Tafí del Valle,90098,Quilmes,90098A48,0.32
2018,Tucumán,90,Trancas,90112,Villa de Trancas,90112030,4.55
2019,Buenos Aires,06,Avellaneda,06035,Sarandí,06035010,1.0341
2019,Buenos Aires,06,Avellaneda,06035,Villa Domínico,06035010,2.7365
2019,Buenos Aires,06,Balcarce,06063,Balcarce,06063010,8.5164
2019,Buenos Aires,06,Benito Juárez,06084,Barker,06084010,0.25
2019,Buenos Aires,06,Berisso,06098,Berisso,06098010,18.9974
2019,Buenos Aires,06,Berisso,06098,Los Talas,06098010,0.0694
2019,Buenos Aires,06,Berisso,06098,Isla Paulino,06098A02,0.435
2019,Buenos Aires,06,Cañuelas,06134,Uribelarrea,06134070,1.3579
2019,Buenos Aires,06,Coronel Dorrego,06189,Coronel Dorrego,06189030,0.015
2019,Buenos Aires,06,Coronel Pringles,06196,Coronel Pringles,06196010,2.2869
2019,Buenos Aires,06,Coronel Suárez,06203,Coronel Suárez,06203020,3.47
2019,Buenos Aires,06,Coronel Suárez,06203,Villa La Arcadia,06203100,16
2019,Buenos Aires,06,Daireaux,06231,Daireaux,06231030,0.726
2019,Buenos Aires,06,General Pueyrredón,06357,Chapadmalal,06357080,26.5988
2019,Buenos Aires,06,Junín,06413,Junín,06413050,0.2721
2019,Buenos Aires,06,La Costa,06420,Mar del Tuyú,06420040,0.2
2019,Buenos Aires,06,La Matanza,06427,Villa Luzuriaga,06427010,4.2
2019,Buenos Aires,06,Saavedra,06700,Pigüé,06700060,18
2019,Buenos Aires,06,Tandil,06791,María Ignacia,06791040,5.6985
2019,Buenos Aires,06,Tandil,06791,Tandil,06791050,0.6783
2019,Buenos Aires,06,Tandil,06791,Tandil,06791050,0.6969
2019,Buenos Aires,06,Tornquist,06819,Saldungaray,06819020,9.088
2019,Buenos Aires,06,Tornquist,06819,Villa Ventana,06819070,3
2019,Buenos Aires,06,Villa Gesell,06868,Villa Gesell,06868020,0.3777
2019,Buenos Aires,06,Villarino,06875,Médanos,06875060,24.52
2019,Catamarca,10,Andalgalá,10021,Andalgalá,10021020,3.22
2019,Catamarca,10,Andalgalá,10021,Andalgalá,10021020,3.9125
2019,Catamarca,10,Belén,10035,Belén,10035020,3
2019,Catamarca,10,Belén,10035,Corral Quemado,10035040,3.3
2019,Catamarca,10,Belén,10035,Hualfín,10035070,150.1702
2019,Catamarca,10,Belén,10035,Jacipunco,10035080,1.94
2019,Catamarca,10,Belén,10035,Los Nacimientos,10035120,3.9
2019,Catamarca,10,Belén,10035,Puerta de Corral Quemado,10035130,28.2416
2019,Catamarca,10,Belén,10035,La Ciénaga de Arriba,10035A22,1.5
2019,Catamarca,10,Belén,10035,San Fernando,10035A42,4.25
2019,Catamarca,10,Capayán,10042,Chumbicha,10042040,5.9
2019,Catamarca,10,Capayán,10042,Colonia Nueva Coneta,10042060,2.84
2019,Catamarca,10,Pomán,10084,San Miguel,10084090,17.6
2019,Catamarca,10,Pomán,10084,Saujil,10084100,0.4
2019,Catamarca,10,Pomán,10084,Siján,10084110,19.5708
2019,Catamarca,10,Santa María,10091,Andalhualá,10091010,14.04
2019,Catamarca,10,Santa María,10091,Lampacito,10091030,18.6155
2019,Catamarca,10,Santa María,10091,Chañar Punco,10091030,354.2523
2019,Catamarca,10,Santa María,10091,Lampacito,10091030,39.72
2019,Catamarca,10,Santa María,10091,Famatanca,10091070,5.6256
2019,Catamarca,10,Santa María,10091,Fuerte Quemado,10091080,76.27
2019,Catamarca,10,Santa María,10091,La Loma,10091100,2.283
2019,Catamarca,10,Santa María,10091,El Cerrito,10091110,9.982
2019,Catamarca,10,Santa María,10091,Las Mojarras,10091110,21.85
2019,Catamarca,10,Santa María,10091,Loro Huasi,10091120,1.4775
2019,Catamarca,10,Santa María,10091,Punta de Balasto,10091130,25.25
2019,Catamarca,10,Santa María,10091,Casa de Piedra,10091140,0.16
2019,Catamarca,10,Santa María,10091,Palo Seco,10091140,0.4
2019,Catamarca,10,Santa María,10091,San José,10091140,20.9355
2019,Catamarca,10,Santa María,10091,Santa María,10091150,128.124
2019,Catamarca,10,Santa María,10091,Santa María,10091150,44.2195
2019,Catamarca,10,Santa María,10091,Yapes,10091160,2.6155
2019,Catamarca,10,Santa María,10091,Entre Ríos,10091A08,0.41
2019,Catamarca,10,Tinogasta,10105,Anillaco,10105010,67.7664
2019,Catamarca,10,Tinogasta,10105,Antinaco,10105020,0.8
2019,Catamarca,10,Tinogasta,10105,Copacabana,10105050,262.6307
2019,Catamarca,10,Tinogasta,10105,El Puesto,10105090,109.1473
2019,Catamarca,10,Tinogasta,10105,El Salado,10105100,3.05
2019,Catamarca,10,Tinogasta,10105,Fiambalá,10105110,365.327
2019,Catamarca,10,Tinogasta,10105,Medanitos,10105130,231.8759
2019,Catamarca,10,Tinogasta,10105,Palo Blanco,10105140,20.87
2019,Catamarca,10,Tinogasta,10105,Saujil,10105160,21.555
2019,Catamarca,10,Tinogasta,10105,Tinogasta,10105180,7.75
2019,Catamarca,10,Tinogasta,10105,Tinogasta,10105180,111.2438
2019,Catamarca,10,Tinogasta,10105,Tinogasta,10105180,45.4473
2019,Catamarca,10,Tinogasta,10105,Tinogasta,10105180,304.471
2019,Catamarca,10,Tinogasta,10105,San José Norte,10105A27,235.9478
2019,Catamarca,10,Valle Viejo,10112,Santa Cruz,10112050,0.8
2019,Córdoba,14,Calamuchita,14007,Los Reartes,14007130,1.01
2019,Córdoba,14,Calamuchita,14007,Río de los Sauces,14007170,1.5284
2019,Córdoba,14,Calamuchita,14007,San Agustín,14007180,4
2019,Córdoba,14,Calamuchita,14007,Villa Ciudad Parque Los Reartes,14007270,10.365
2019,Córdoba,14,Calamuchita,14007,Villa General Belgrano,14007310,0.87
2019,Córdoba,14,Calamuchita,14007,Villa Yacanto,14007360,1.51
2019,Córdoba,14,Calamuchita,14007,Atos Pampa,14007A01,11.8048
2019,Córdoba,14,Calamuchita,14007,Cañada de Álvarez,14007A05,1.2
2019,Córdoba,14,Colón,14021,Colonia Caroya,14021050,131.2953
2019,Córdoba,14,Colón,14021,Colonia Vicente Agüero,14021070,13.275
2019,Córdoba,14,Cruz del Eje,14028,Cruz del Eje,14028050,20
2019,Córdoba,14,Cruz del Eje,14028,Guanaco Muerto,14028080,2
2019,Córdoba,14,Cruz del Eje,14028,Las Playas,14028130,3.6
2019,Córdoba,14,Cruz del Eje,14028,San Marcos Sierra,14028170,1.09
2019,Córdoba,14,Ischilín,14049,Quilino,14049100,8.9356
2019,Córdoba,14,Ischilín,14049,Ischilín,14049A07,9.0608
2019,Córdoba,14,Punilla,14091,Charbonier,14091060,0.2575
2019,Córdoba,14,Punilla,14091,Huerta Grande,14091100,0.6801
2019,Córdoba,14,Punilla,14091,La Falda,14091120,1.46
2019,Córdoba,14,Punilla,14091,Villa Santa Cruz del Lago,14091320,3.5
2019,Córdoba,14,San Alberto,14126,Las Calles,14126050,4.566
2019,Córdoba,14,San Alberto,14126,Nono,14126110,0.55
2019,Córdoba,14,San Javier,14133,La Población,14133070,1.2
2019,Córdoba,14,San Javier,14133,Las Chacras,14133095,1.2
2019,Córdoba,14,San Javier,14133,Las Tapias,14133100,1.17
2019,Córdoba,14,San Javier,14133,Luyaba,14133150,3.7
2019,Córdoba,14,San Javier,14133,San Javier y Yacanto,14133170,2.55
2019,Córdoba,14,San Javier,14133,San Javier y Yacanto,14133170,3.38
2019,Córdoba,14,San Javier,14133,San José,14133180,15
2019,Córdoba,14,San Javier,14133,Villa de las Rosas,14133190,1.2058
2019,Córdoba,14,San Javier,14133,Rodeo de Piedra,14133A19,0.1262
2019,Córdoba,14,Santa María,14147,Potrero de Garay,14147230,10.26
2019,Córdoba,14,Tulumba,14175,San Pedro Norte,14175100,4.42
2019,Córdoba,14,Tulumba,14175,Isla de San Antonio,14175A13,0.585
2019,Córdoba,14,Tulumba,14175,Santa Cruz,14175A37,0.3054
2019,Chubut,26,Cushamen,26014,Cushamen Centro,26014030,16
2019,Chubut,26,Cushamen,26014,El Hoyo,26014040,5.8952
2019,Chubut,26,Cushamen,26014,Lago Puelo,26014090,1
2019,Chubut,26,Futaleufú,26035,Trevelín,26035060,8.51
2019,Chubut,26,Gaiman,26042,Gaiman,26042030,0.312
2019,Chubut,26,Languiñeo,26056,Paso del Sapo,26056040,0.123
2019,Chubut,26,Paso de Indios,26070,Los Altares,26070020,2.5
2019,Chubut,26,Rawson,26077,Trelew,26077040,0.43
2019,Chubut,26,Sarmiento,26091,Sarmiento,26091020,40
2019,Entre Ríos,30,Colón,30008,Arroyo Barú,30008010,0.89
2019,Entre Ríos,30,Colón,30008,Colón,30008020,4.9317
2019,Entre Ríos,30,Colón,30008,San José,30008090,0.45
2019,Entre Ríos,30,Colón,30008,Ubajay,30008100,0.21
2019,Entre Ríos,30,Colón,30008,Colonia San Anselmo,30008A13,2.48
2019,Entre Ríos,30,Concordia,30015,Calabacilla,30015010,2.8351
2019,Entre Ríos,30,Concordia,30015,Concordia,30015060,5.5
2019,Entre Ríos,30,Concordia,30015,Estación Yeruá,30015080,6.08
2019,Entre Ríos,30,Concordia,30015,La Criolla,30015090,6.6905
2019,Entre Ríos,30,Diamante,30021,Colonia Ensayo,30021070,2.505
2019,Entre Ríos,30,Diamante,30021,Estación Puiggari,30021150,2
2019,Entre Ríos,30,Diamante,30021,Las Cuevas,30021A08,0.6
2019,Entre Ríos,30,Gualeguaychú,30056,Gualeguaychú,30056070,2.8101
2019,Entre Ríos,30,Gualeguaychú,30056,Urdinarrain,30056110,4
2019,Entre Ríos,30,Nogoyá,30077,Lucas González,30077060,0.25
2019,Entre Ríos,30,Paraná,30084,Crespo,30084070,0.486
2019,Entre Ríos,30,Paraná,30084,Paraná,30084160,1.0139
2019,Entre Ríos,30,Paraná,30084,Colonia Rivadavia,30084A20,0.75
2019,Entre Ríos,30,Uruguay,30098,Concepción del Uruguay,30098040,0.9743
2019,Entre Ríos,30,Victoria,30105,Antelo,30105010,0.3576
2019,Entre Ríos,30,Victoria,30105,Victoria,30105060,2.4215
2019,Entre Ríos,30,Victoria,30105,Laguna del Pescado,30105A11,7.98
2019,Jujuy,38,El Carmen,38014,Monterrico,38014070,3.0906
2019,Jujuy,38,Humahuaca,38028,Uquía,38028060,4.9774
2019,Jujuy,38,Tilcara,38094,Colonia San José,38094010,3.15
2019,Jujuy,38,Tilcara,38094,Huacalera,38094020,5.11
2019,Jujuy,38,Tilcara,38094,Maimará,38094040,4.377
2019,Jujuy,38,Tilcara,38094,Tilcara,38094050,2.7761
2019,Jujuy,38,Tumbaya,38098,Purmamarca,38098030,2.2724
2019,La Pampa,42,Curacó,42042,Gobernador Duval,42042010,9.4
2019,La Pampa,42,Puelén,42112,25 de Mayo,42112020,269.2857
2019,La Rioja,46,Castro Barros,46021,Aminga,46021010,170.957
2019,La Rioja,46,Castro Barros,46021,Anillaco,46021020,84.224
2019,La Rioja,46,Castro Barros,46021,San Pedro,46021070,2.4913
2019,La Rioja,46,Castro Barros,46021,Agua Blanca,46021A00,0.401
2019,La Rioja,46,General Felipe Varela,46028,Guandacol,46028020,288.5769
2019,La Rioja,46,General Felipe Varela,46028,Santa Clara,46028020,28.7249
2019,La Rioja,46,General Felipe Varela,46028,Los Palacios,46028030,151.0501
2019,La Rioja,46,General Felipe Varela,46028,Pagancillo,46028040,27.7731
2019,La Rioja,46,General Felipe Varela,46028,Villa Unión,46028050,210.2707
2019,La Rioja,46,General Felipe Varela,46028,Banda Florida,46028050,28.9267
2019,La Rioja,46,General Felipe Varela,46028,Paso San Isidro,46028A14,6.025
2019,La Rioja,46,General Felipe Varela,46028,Paso San Isidro,46028A14,4.19
2019,La Rioja,46,Chilecito,46042,Chilecito,46042010,4.05
2019,La Rioja,46,Chilecito,46042,Anguinán,46042010,1112.6983
2019,La Rioja,46,Chilecito,46042,San Miguel,46042010,3.345
2019,La Rioja,46,Chilecito,46042,Los Sarmientos,46042010,2.17
2019,La Rioja,46,Chilecito,46042,La Puntilla,46042010,0.011
2019,La Rioja,46,Chilecito,46042,Colonia Catinzaco,46042030,100.735
2019,La Rioja,46,Chilecito,46042,Guanchín,46042060,12
2019,La Rioja,46,Chilecito,46042,Malligasta,46042070,1377.6823
2019,La Rioja,46,Chilecito,46042,Miranda,46042080,2.232
2019,La Rioja,46,Chilecito,46042,Nonogasta,46042090,1164.5072
2019,La Rioja,46,Chilecito,46042,San Nicolás,46042100,83.0802
2019,La Rioja,46,Chilecito,46042,Sañogasta,46042120,42.6424
2019,La Rioja,46,Chilecito,46042,Tilimuqui,46042130,814.1366
2019,La Rioja,46,Chilecito,46042,Vichigasta,46042140,1364.4625
2019,La Rioja,46,Famatina,46049,Angulos,46049020,44.67
2019,La Rioja,46,Famatina,46049,Antinaco,46049030,29.1
2019,La Rioja,46,Famatina,46049,Bajo Carrizal,46049040,0.08
2019,La Rioja,46,Famatina,46049,Campanas,46049050,1.7
2019,La Rioja,46,Famatina,46049,Chañarmuyo,46049060,91.33
2019,La Rioja,46,Famatina,46049,Famatina,46049070,1.475
2019,La Rioja,46,Famatina,46049,Famatina,46049070,13.04
2019,La Rioja,46,Famatina,46049,Famatina,46049070,84.6344
2019,La Rioja,46,Famatina,46049,Pituil,46049090,79.6164
2019,La Rioja,46,Famatina,46049,Plaza Vieja,46049100,30.255
2019,La Rioja,46,General Lamadrid,46077,Villa Castelli,46077010,60.0064
2019,La Rioja,46,General Lamadrid,46077,Villa Castelli,46077010,6.25
2019,La Rioja,46,Vinchina,46098,Villa San José de Vinchina,46098020,48.0946
2019,La Rioja,46,San Blas de Los Sauces,46119,Las Talas,46119010,0.4
2019,La Rioja,46,San Blas de Los Sauces,46119,Alpasinche,46119010,22.6353
2019,La Rioja,46,San Blas de Los Sauces,46119,Shaqui,46119010,32.4
2019,La Rioja,46,San Blas de Los Sauces,46119,San Blas,46119010,10.2
2019,La Rioja,46,San Blas de Los Sauces,46119,Los Robles,46119010,0.15
2019,La Rioja,46,San Blas de Los Sauces,46119,Chaupihuasi,46119010,8.1706
2019,La Rioja,46,Sanagasta,46126,Villa Sanagasta,46126010,17.7544
2019,La Rioja,46,Sanagasta,46126,Huaco,46126A02,11
2019,Mendoza,50,General Alvear,50014,Bowen,50014010,1246.9481
2019,Mendoza,50,General Alvear,50014,Bowen,50014010,31.3628
2019,Mendoza,50,General Alvear,50014,Carmensa,50014020,267.43
2019,Mendoza,50,General Alvear,50014,Carmensa,50014020,8.15
2019,Mendoza,50,General Alvear,50014,General Alvear,50014030,243.1245
2019,Mendoza,50,General Alvear,50014,General Alvear,50014030,200.5175
2019,Mendoza,50,General Alvear,50014,General Alvear,50014030,22.27
2019,Mendoza,50,General Alvear,50014,General Alvear,50014030,101.45
2019,Mendoza,50,General Alvear,50014,General Alvear,50014030,329.747
2019,Mendoza,50,General Alvear,50014,Los Compartos,50014040,433.6393
2019,Mendoza,50,General Alvear,50014,Colonia San Pedro del Atuel,50014A04,16
2019,Mendoza,50,General Alvear,50014,El Ceibo,50014A08,107.065
2019,Mendoza,50,General Alvear,50014,El Ceibo,50014A08,12.72
2019,Mendoza,50,General Alvear,50014,La California,50014A12,44.944
2019,Mendoza,50,General Alvear,50014,La Escandinava,50014A14,167.8788
2019,Mendoza,50,General Alvear,50014,La Marsolina,50014A16,6.845
2019,Mendoza,50,General Alvear,50014,La Marsolina,50014A16,364.947
2019,Mendoza,50,General Alvear,50014,La Montilla,50014A17,1.5
2019,Mendoza,50,General Alvear,50014,Los Campamentos,50014A19,75.2392
2019,Mendoza,50,General Alvear,50014,Poste de Fierro,50014A24,103.215
2019,Mendoza,50,Godoy Cruz,50021,Gobernador Benegas,50021010,0.677
2019,Mendoza,50,Guaymallén,50028,Colonia Segovia,50028010,105.6315
2019,Mendoza,50,Guaymallén,50028,Dorrego,50028020,22.7322
2019,Mendoza,50,Guaymallén,50028,San Francisco del Monte,50028020,2.0029
2019,Mendoza,50,Guaymallén,50028,Villa Nueva,50028020,38.6225
2019,Mendoza,50,Guaymallén,50028,Buena Nueva,50028020,31.699
2019,Mendoza,50,Guaymallén,50028,El Sauce,50028020,81.3382
2019,Mendoza,50,Guaymallén,50028,Bermejo,50028020,68.1095
2019,Mendoza,50,Guaymallén,50028,Rodeo de la Cruz,50028020,45.9623
2019,Mendoza,50,Guaymallén,50028,La Primavera,50028030,2
2019,Mendoza,50,Guaymallén,50028,La Primavera,50028030,16.5284
2019,Mendoza,50,Guaymallén,50028,La Primavera,50028030,22.3045
2019,Mendoza,50,Guaymallén,50028,Los Corralitos,50028040,108.3069
2019,Mendoza,50,Junín,50035,Ingeniero Giagnoni,50035010,22.7792
2019,Mendoza,50,Junín,50035,Junín,50035020,102.0932
2019,Mendoza,50,Junín,50035,Junín,50035020,12.4112
2019,Mendoza,50,Junín,50035,Junín,50035020,1002.644
2019,Mendoza,50,Junín,50035,Junín,50035020,18.723
2019,Mendoza,50,Junín,50035,La Colonia,50035030,810.3346
2019,Mendoza,50,Junín,50035,Los Barriales,50035040,29.396
2019,Mendoza,50,Junín,50035,Los Barriales,50035040,5.28
2019,Mendoza,50,Junín,50035,Los Barriales,50035040,1528.8101
2019,Mendoza,50,Junín,50035,Medrano,50035050,58.8793
2019,Mendoza,50,Junín,50035,Medrano,50035050,23.965
2019,Mendoza,50,Junín,50035,Medrano,50035050,1800.8167
2019,Mendoza,50,Junín,50035,Phillips,50035060,9.39
2019,Mendoza,50,Junín,50035,Phillips,50035060,2113.3111
2019,Mendoza,50,Junín,50035,Rodríguez Peña,50035070,1191.3025
2019,Mendoza,50,Junín,50035,Algarrobo Grande,50035A00,104.1133
2019,Mendoza,50,Junín,50035,Algarrobo Grande,50035A00,1745.6879
2019,Mendoza,50,Junín,50035,Algarrobo Grande,50035A00,73.609
2019,Mendoza,50,Junín,50035,Alto Verde,50035A01,228.82
2019,Mendoza,50,Junín,50035,Alto Verde,50035A01,786.4085
2019,Mendoza,50,Junín,50035,Tres Esquinas,50035A02,4.788
2019,Mendoza,50,La Paz,50042,La Paz,50042020,63.6
2019,Mendoza,50,La Paz,50042,La Paz,50042020,62.9302
2019,Mendoza,50,La Paz,50042,Villa Antigua,50042030,44.71
2019,Mendoza,50,La Paz,50042,Las Chacritas,50042A07,18.92
2019,Mendoza,50,Las Heras,50049,Jocolí,50049030,100.5933
2019,Mendoza,50,Las Heras,50049,El Plumerillo,50049050,38.2388
2019,Mendoza,50,Las Heras,50049,Panquehuá,50049050,46.5869
2019,Mendoza,50,Las Heras,50049,El Challao,50049050,7.26
2019,Mendoza,50,Las Heras,50049,Las Heras,50049050,25.15
2019,Mendoza,50,Las Heras,50049,El Algarrobal,50049050,431.6967
2019,Mendoza,50,Las Heras,50049,El Borbollón,50049050,208.5709
2019,Mendoza,50,Las Heras,50049,Las Heras,50049050,13.6
2019,Mendoza,50,Las Heras,50049,Capdevila,50049050,312.3151
2019,Mendoza,50,Las Heras,50049,Polvaredas,50049080,6
2019,Mendoza,50,Las Heras,50049,Uspallata,50049110,4
2019,Mendoza,50,Las Heras,50049,El Pastal,50049A04,229.6658
2019,Mendoza,50,Las Heras,50049,El Pastal,50049A04,10
2019,Mendoza,50,Lavalle,50056,Barrio Alto del Olvido,50056010,25.0225
2019,Mendoza,50,Lavalle,50056,Barrio La Palmera,50056030,474.6076
2019,Mendoza,50,Lavalle,50056,Barrio La Pega,50056040,239.5671
2019,Mendoza,50,Lavalle,50056,Costa de Araujo,50056080,4145.0591
2019,Mendoza,50,Lavalle,50056,Costa de Araujo,50056080,3.1231
2019,Mendoza,50,Lavalle,50056,Costa de Araujo,50056080,6.3042
2019,Mendoza,50,Lavalle,50056,El Paramillo,50056090,546.965
2019,Mendoza,50,Lavalle,50056,El Vergel,50056100,7
2019,Mendoza,50,Lavalle,50056,El Vergel,50056100,254.5698
2019,Mendoza,50,Lavalle,50056,Ingeniero Gustavo André,50056110,2525.1497
2019,Mendoza,50,Lavalle,50056,Jocolí,50056120,1268.2926
2019,Mendoza,50,Lavalle,50056,Jocolí Viejo,50056130,236.4552
2019,Mendoza,50,Lavalle,50056,Las Violetas,50056140,72.169
2019,Mendoza,50,Lavalle,50056,3 de Mayo,50056150,943.8864
2019,Mendoza,50,Lavalle,50056,3 de Mayo,50056150,107.5316
2019,Mendoza,50,Lavalle,50056,Villa Tulumaya,50056160,38.5908
2019,Mendoza,50,Lavalle,50056,Villa Tulumaya,50056160,483.8146
2019,Mendoza,50,Lavalle,50056,El Carmen,50056A05,103.7189
2019,Mendoza,50,Lavalle,50056,El Chilcal,50056A06,286.4188
2019,Mendoza,50,Lavalle,50056,El Chilcal,50056A06,15.9244
2019,Mendoza,50,Lavalle,50056,El Plumero,50056A09,861.5003
2019,Mendoza,50,Lavalle,50056,El Plumero,50056A09,18.18
2019,Mendoza,50,Lavalle,50056,El Retiro,50056A12,84.54
2019,Mendoza,50,Lavalle,50056,La Asunción,50056A15,107.18
2019,Mendoza,50,Lavalle,50056,La Holanda,50056A17,88.6346
2019,Mendoza,50,Lavalle,50056,Resurrección,50056A23,8.19
2019,Mendoza,50,Lavalle,50056,San Francisco,50056A24,186.1199
2019,Mendoza,50,Lavalle,50056,San José,50056A26,4
2019,Mendoza,50,Lavalle,50056,San José,50056A26,22.5
2019,Mendoza,50,Luján de Cuyo,50063,Agrelo,50063010,5496.3365
2019,Mendoza,50,Luján de Cuyo,50063,El Carrizal,50063050,2686.0089
2019,Mendoza,50,Luján de Cuyo,50063,Las Compuertas,50063070,490.716
2019,Mendoza,50,Luján de Cuyo,50063,Mayor Drummond,50063090,367.4564
2019,Mendoza,50,Luján de Cuyo,50063,Luján de Cuyo,50063090,162.3993
2019,Mendoza,50,Luján de Cuyo,50063,Chacras de Coria,50063090,114.363
2019,Mendoza,50,Luján de Cuyo,50063,La Puntilla,50063090,4.7
2019,Mendoza,50,Luján de Cuyo,50063,Vistalba,50063090,446.0707
2019,Mendoza,50,Luján de Cuyo,50063,Carrodilla,50063090,97.5209
2019,Mendoza,50,Luján de Cuyo,50063,Perdriel,50063100,1426.7888
2019,Mendoza,50,Luján de Cuyo,50063,Perdriel,50063100,2
2019,Mendoza,50,Luján de Cuyo,50063,Potrerillos,50063110,2.0151
2019,Mendoza,50,Luján de Cuyo,50063,Ugarteche,50063120,4116.7051
2019,Mendoza,50,Luján de Cuyo,50063,Anchoris,50063A01,76.6128
2019,Mendoza,50,Luján de Cuyo,50063,Baños Lunlunta,50063A02,21.6
2019,Mendoza,50,Luján de Cuyo,50063,Industrial,50063A03,11.4
2019,Mendoza,50,Maipú,50070,Barrancas,50070010,2943.8524
2019,Mendoza,50,Maipú,50070,Barrancas,50070010,1.5
2019,Mendoza,50,Maipú,50070,Barrio Jesús de Nazaret,50070020,16.692
2019,Mendoza,50,Maipú,50070,Cruz de Piedra,50070030,586.3353
2019,Mendoza,50,Maipú,50070,Cruz de Piedra,50070030,722.3715
2019,Mendoza,50,Maipú,50070,El Pedregal,50070040,38.3
2019,Mendoza,50,Maipú,50070,Fray Luis Beltrán,50070050,3743.0189
2019,Mendoza,50,Maipú,50070,Fray Luis Beltrán,50070050,200.5979
2019,Mendoza,50,Maipú,50070,Fray Luis Beltrán,50070050,186.0777
2019,Mendoza,50,Maipú,50070,General Gutiérrez,50070060,43.8
2019,Mendoza,50,Maipú,50070,Coquimbito,50070060,344.934
2019,Mendoza,50,Maipú,50070,Maipú,50070060,38.703
2019,Mendoza,50,Maipú,50070,Rodeo del Medio,50070070,905.1784
2019,Mendoza,50,Maipú,50070,Rodeo del Medio,50070070,129.6322
2019,Mendoza,50,Maipú,50070,Rodeo del Medio,50070070,2
2019,Mendoza,50,Maipú,50070,Rodeo del Medio,50070070,22.052
2019,Mendoza,50,Maipú,50070,Russell,50070080,465.7173
2019,Mendoza,50,Maipú,50070,San Roque,50070090,455.3465
2019,Mendoza,50,Maipú,50070,San Roque,50070090,231.2312
2019,Mendoza,50,Maipú,50070,El Paraíso,50070A01,170.05
2019,Mendoza,50,Maipú,50070,Los Álamos,50070A02,88.058
2019,Mendoza,50,Rivadavia,50084,Andrade,50084010,1035.679
2019,Mendoza,50,Rivadavia,50084,El Mirador,50084040,109.2242
2019,Mendoza,50,Rivadavia,50084,El Mirador,50084040,2209.6281
2019,Mendoza,50,Rivadavia,50084,La Central,50084050,3066.815
2019,Mendoza,50,Rivadavia,50084,La Libertad,50084080,1051.1612
2019,Mendoza,50,Rivadavia,50084,Los Árboles,50084090,653.4357
2019,Mendoza,50,Rivadavia,50084,Los Campamentos,50084100,3807.887
2019,Mendoza,50,Rivadavia,50084,Los Campamentos,50084100,4
2019,Mendoza,50,Rivadavia,50084,Medrano,50084110,687.0336
2019,Mendoza,50,Rivadavia,50084,Mundo Nuevo,50084120,126.6964
2019,Mendoza,50,Rivadavia,50084,Reducción de Abajo,50084130,933.1185
2019,Mendoza,50,Rivadavia,50084,Rivadavia,50084140,772.8047
2019,Mendoza,50,Rivadavia,50084,Santa María de Oro,50084150,642.4624
2019,Mendoza,50,San Carlos,50091,Barrio El Cepillo,50091010,518.48
2019,Mendoza,50,San Carlos,50091,Chilecito,50091020,353.3668
2019,Mendoza,50,San Carlos,50091,Eugenio Bustos,50091030,2545.4643
2019,Mendoza,50,San Carlos,50091,La Consulta,50091040,9
2019,Mendoza,50,San Carlos,50091,La Consulta,50091040,4619.9037
2019,Mendoza,50,San Carlos,50091,La Consulta,50091040,41.79
2019,Mendoza,50,San Carlos,50091,Pareditas,50091050,201.9933
2019,Mendoza,50,San Carlos,50091,San Carlos,50091060,307.2934
2019,Mendoza,50,San Carlos,50091,San Carlos,50091060,52.9
2019,Mendoza,50,San Carlos,50091,Casas Viejas,50091A01,53.9264
2019,Mendoza,50,San Carlos,50091,El Capacho,50091A03,20.6
2019,Mendoza,50,San Carlos,50091,Tres Esquinas,50091A17,13.5602
2019,Mendoza,50,San Martín,50098,Alto Verde,50098020,2891.5257
2019,Mendoza,50,San Martín,50098,Chapanay,50098060,4994.4222
2019,Mendoza,50,San Martín,50098,Chivilcoy,50098070,635.5812
2019,Mendoza,50,San Martín,50098,El Espino,50098073,432.8745
2019,Mendoza,50,San Martín,50098,El Ramblón,50098077,725.4545
2019,Mendoza,50,San Martín,50098,El Ramblón,50098077,1433.8422
2019,Mendoza,50,San Martín,50098,Montecaseros,50098080,6401.8888
2019,Mendoza,50,San Martín,50098,Nueva California,50098090,2276.3964
2019,Mendoza,50,San Martín,50098,San Martín,50098100,551.6201
2019,Mendoza,50,San Martín,50098,San Martín,50098100,43.8194
2019,Mendoza,50,San Martín,50098,Palmira,50098100,1336.4479
2019,Mendoza,50,San Martín,50098,San Martín,50098100,1
2019,Mendoza,50,San Martín,50098,Tres Porteñas,50098110,1748.8315
2019,Mendoza,50,San Martín,50098,Alto Chapanay,50098A00,136.8419
2019,Mendoza,50,San Martín,50098,Alto Salvador,50098A01,1393.0938
2019,Mendoza,50,San Martín,50098,Buen Orden,50098A03,601.0895
2019,Mendoza,50,San Martín,50098,El Central,50098A06,1360.2383
2019,Mendoza,50,San Martín,50098,El Divisadero,50098A07,1298.8524
2019,Mendoza,50,San Martín,50098,Las Chimbas,50098A09,375.5746
2019,Mendoza,50,San Rafael,50105,Barrio Campos El Toledano,50105010,19.2756
2019,Mendoza,50,San Rafael,50105,Capitán Montoya,50105050,28.1924
2019,Mendoza,50,San Rafael,50105,Cuadro Benegas,50105060,842.1017
2019,Mendoza,50,San Rafael,50105,El Tropezón,50105090,11.6553
2019,Mendoza,50,San Rafael,50105,Goudge,50105100,1119.0373
2019,Mendoza,50,San Rafael,50105,Jaime Prats,50105110,591.7896
2019,Mendoza,50,San Rafael,50105,Jaime Prats,50105110,0.72
2019,Mendoza,50,San Rafael,50105,La Llave Nueva,50105120,449.4582
2019,Mendoza,50,San Rafael,50105,La Llave Nueva,50105120,75.3236
2019,Mendoza,50,San Rafael,50105,Las Malvinas,50105130,10.06
2019,Mendoza,50,San Rafael,50105,Monte Comán,50105150,171.9586
2019,Mendoza,50,San Rafael,50105,Rama Caída,50105180,745.2555
2019,Mendoza,50,San Rafael,50105,Rama Caída,50105180,22.742
2019,Mendoza,50,San Rafael,50105,Real del Padre,50105190,1497.6995
2019,Mendoza,50,San Rafael,50105,Salto de las Rosas,50105200,46.6233
2019,Mendoza,50,San Rafael,50105,Cuadro Nacional,50105210,1307.3763
2019,Mendoza,50,San Rafael,50105,San Rafael,50105210,126.1417
2019,Mendoza,50,San Rafael,50105,San Rafael,50105210,6.045
2019,Mendoza,50,San Rafael,50105,Cuadro Nacional,50105210,124.2295
2019,Mendoza,50,San Rafael,50105,San Rafael,50105210,4
2019,Mendoza,50,San Rafael,50105,25 de Mayo,50105220,30.1055
2019,Mendoza,50,San Rafael,50105,25 de Mayo,50105220,3
2019,Mendoza,50,San Rafael,50105,Villa Atuel,50105230,42.13
2019,Mendoza,50,San Rafael,50105,Villa Atuel,50105230,469.8662
2019,Mendoza,50,San Rafael,50105,Villa Atuel,50105230,852.9798
2019,Mendoza,50,San Rafael,50105,Cañada Seca,50105A04,1981.7307
2019,Mendoza,50,San Rafael,50105,Cañada Seca,50105A04,1.0865
2019,Mendoza,50,San Rafael,50105,Colonia Bombal y Tabanera,50105A06,122.0614
2019,Mendoza,50,San Rafael,50105,Colonia Colomer,50105A07,24.6295
2019,Mendoza,50,San Rafael,50105,Colonia El Usillal,50105A08,161.4475
2019,Mendoza,50,San Rafael,50105,Colonia Elena,50105A09,160.1965
2019,Mendoza,50,San Rafael,50105,Colonia Española,50105A10,19.38
2019,Mendoza,50,San Rafael,50105,Colonia Gelman,50105A11,42.5699
2019,Mendoza,50,San Rafael,50105,Colonia Jáuregui,50105A12,8.73
2019,Mendoza,50,San Rafael,50105,Colonia López,50105A13,218.2759
2019,Mendoza,50,San Rafael,50105,El Algarrobal,50105A20,4.42
2019,Mendoza,50,San Rafael,50105,El Cerrito,50105A22,205.356
2019,Mendoza,50,San Rafael,50105,La Guevarina,50105A32,44.25
2019,Mendoza,50,San Rafael,50105,La Llave Vieja,50105A35,35.9104
2019,Mendoza,50,San Rafael,50105,Las Paredes,50105A44,1248.1594
2019,Mendoza,50,San Rafael,50105,Las Paredes,50105A44,19.927
2019,Mendoza,50,San Rafael,50105,Los Claveles,50105A46,52.1401
2019,Mendoza,50,San Rafael,50105,Los Sifones,50105A51,8.865
2019,Mendoza,50,San Rafael,50105,Rincón del Atuel,50105A60,10.416
2019,Mendoza,50,San Rafael,50105,Soitué,50105A64,49.4875
2019,Mendoza,50,Santa Rosa,50112,Barrio 12 de Octubre,50112010,859.3789
2019,Mendoza,50,Santa Rosa,50112,Barrio 12 de Octubre,50112010,787.8266
2019,Mendoza,50,Santa Rosa,50112,Barrio Molina Cabrera,50112030,22.05
2019,Mendoza,50,Santa Rosa,50112,La Dormida,50112040,1101.3225
2019,Mendoza,50,Santa Rosa,50112,La Dormida,50112040,174.2029
2019,Mendoza,50,Santa Rosa,50112,Las Catitas,50112050,1390.9761
2019,Mendoza,50,Santa Rosa,50112,Santa Rosa,50112060,808.3705
2019,Mendoza,50,Santa Rosa,50112,Santa Rosa,50112060,141.0509
2019,Mendoza,50,Santa Rosa,50112,Santa Rosa,50112060,3042.2064
2019,Mendoza,50,Santa Rosa,50112,Gobernador Civit,50112A05,35.25
2019,Mendoza,50,Santa Rosa,50112,Los Yoles,50112A10,68.938
2019,Mendoza,50,Tunuyán,50119,Campo Los Andes,50119020,225.5888
2019,Mendoza,50,Tunuyán,50119,Colonia Las Rosas,50119030,42.05
2019,Mendoza,50,Tunuyán,50119,El Manzano,50119040,18.8726
2019,Mendoza,50,Tunuyán,50119,Los Sauces,50119050,1039.548
2019,Mendoza,50,Tunuyán,50119,Tunuyán,50119060,1.78
2019,Mendoza,50,Tunuyán,50119,Tunuyán,50119060,95.53
2019,Mendoza,50,Tunuyán,50119,Tunuyán,50119060,715.7556
2019,Mendoza,50,Tunuyán,50119,Vista Flores,50119070,2134.0797
2019,Mendoza,50,Tunuyán,50119,El Totoral,50119A02,635.0847
2019,Mendoza,50,Tunuyán,50119,El Totoral,50119A02,163.2341
2019,Mendoza,50,Tunuyán,50119,La Primavera,50119A04,350.9762
2019,Mendoza,50,Tunuyán,50119,Las Pintadas,50119A07,538.4565
2019,Mendoza,50,Tunuyán,50119,Los Árboles,50119A08,68.6563
2019,Mendoza,50,Tunuyán,50119,Los Árboles,50119A08,1853.2154
2019,Mendoza,50,Tunuyán,50119,Los Chacales,50119A09,970.6744
2019,Mendoza,50,Tunuyán,50119,Villa Seca,50119A14,929.3002
2019,Mendoza,50,Tupungato,50126,Cordón del Plata,50126020,45.7176
2019,Mendoza,50,Tupungato,50126,Cordón del Plata,50126020,575.7797
2019,Mendoza,50,Tupungato,50126,Cordón del Plata,50126020,1854.896
2019,Mendoza,50,Tupungato,50126,El Peral,50126030,761.1722
2019,Mendoza,50,Tupungato,50126,El Zampal,50126035,900.92
2019,Mendoza,50,Tupungato,50126,La Arboleda,50126040,1673.4798
2019,Mendoza,50,Tupungato,50126,San José,50126050,408.2272
2019,Mendoza,50,Tupungato,50126,Tupungato,50126060,124.4767
2019,Mendoza,50,Tupungato,50126,Tupungato,50126060,3
2019,Mendoza,50,Tupungato,50126,Villa Bastias,50126060,379.8821
2019,Mendoza,50,Tupungato,50126,Tupungato,50126060,470.7642
2019,Mendoza,50,Tupungato,50126,Anchoris,50126A01,386.06
2019,Mendoza,50,Tupungato,50126,Ancón,50126A02,1.392
2019,Mendoza,50,Tupungato,50126,Gualtallary,50126A05,2425.9678
2019,Mendoza,50,Tupungato,50126,Zapata,50126A12,118.245
2019,Misiones,54,Cainguás,54014,Aristóbulo del Valle,54014010,1
2019,Misiones,54,Cainguás,54014,Salto Encantado,54014080,6.8
2019,Misiones,54,Capital,54028,Posadas,54028030,5.719
2019,Misiones,54,Leandro N. Alem,54070,Cerro Azul,54070040,1.25
2019,Misiones,54,Leandro N. Alem,54070,Leandro N. Alem,54070070,1.05
2019,Misiones,54,Leandro N. Alem,54070,Olegario V. Andrade,54070080,1
2019,Misiones,54,25 de Mayo,54119,Alba Posse,54119010,0.95
2019,Neuquén,58,Añelo,58014,Añelo,58014010,122.07
2019,Neuquén,58,Añelo,58014,San Patricio del Chañar,58014020,1470.1356
2019,Neuquén,58,Collón Curá,58028,Piedra del Águila,58028010,4.841
2019,Neuquén,58,Confluencia,58035,Centenario,58035030,1.994
2019,Neuquén,58,Confluencia,58035,Centenario,58035030,8.785
2019,Neuquén,58,Confluencia,58035,Cutral Có,58035040,2.113
2019,Neuquén,58,Confluencia,58035,Mari Menuco,58035060,37.8606
2019,Neuquén,58,Confluencia,58035,Neuquén,58035070,0.333
2019,Neuquén,58,Confluencia,58035,Neuquén,58035070,1.78
2019,Neuquén,58,Confluencia,58035,Neuquén,58035070,1.68
2019,Neuquén,58,Confluencia,58035,Plottier,58035100,33.818
2019,Neuquén,58,Confluencia,58035,Senillosa,58035110,47.3462
2019,Neuquén,58,Chos Malal,58042,Chos Malal,58042010,5.934
2019,Neuquén,58,Lácar,58056,San Martín de los Andes,58056010,0.6415
2019,Neuquén,58,Ñorquín,58084,Taquimilán,58084050,0.6
2019,Neuquén,58,Pehuenches,58091,Buta Ranquil,58091020,3.05
2019,Neuquén,58,Picún Leufú,58098,Picún Leufú,58098020,21.52
2019,Neuquén,58,Picunches,58105,Bajada del Agrio,58105010,1.2
2019,Río Negro,62,Adolfo Alsina,62007,Guardia Mitre,62007040,1.5722
2019,Río Negro,62,Adolfo Alsina,62007,San Javier,62007080,70.7909
2019,Río Negro,62,Adolfo Alsina,62007,Viedma,62007090,27.82
2019,Río Negro,62,Adolfo Alsina,62007,Cubanea,62007A03,2
2019,Río Negro,62,Avellaneda,62014,Chelforó,62014020,2
2019,Río Negro,62,Avellaneda,62014,Chimpay,62014030,0.69
2019,Río Negro,62,Avellaneda,62014,Choele Choel,62014040,7.2
2019,Río Negro,62,Avellaneda,62014,Darwin,62014060,36.465
2019,Río Negro,62,Avellaneda,62014,Lamarque,62014070,2.25
2019,Río Negro,62,Avellaneda,62014,Luis Beltrán,62014080,88.752
2019,Río Negro,62,Avellaneda,62014,Pomona,62014090,65.0565
2019,Río Negro,62,Bariloche,62021,El Bolsón,62021030,0.958
2019,Río Negro,62,Conesa,62028,Barrio Colonia Conesa,62028010,2.616
2019,Río Negro,62,Conesa,62028,Barrio Colonia Conesa,62028010,6
2019,Río Negro,62,Conesa,62028,General Conesa,62028020,15.515
2019,Río Negro,62,Conesa,62028,Colonia San Juan,62028A02,12.2725
2019,Río Negro,62,El Cuy,62035,El Cuy,62035030,28.8
2019,Río Negro,62,El Cuy,62035,Valle Azul,62035080,31.095
2019,Río Negro,62,General Roca,62042,Allen,62042010,183
2019,Río Negro,62,General Roca,62042,Barda del Medio,62042030,15.296
2019,Río Negro,62,General Roca,62042,Barrio Guerrico,62042160,8.6013
2019,Río Negro,62,General Roca,62042,Barrio Pinar,62042297,27
2019,Río Negro,62,General Roca,62042,Catriel,62042360,1.5
2019,Río Negro,62,General Roca,62042,Catriel,62042360,4.506
2019,Río Negro,62,General Roca,62042,Cervantes,62042370,74.4521
2019,Río Negro,62,General Roca,62042,Chichinales,62042380,10.05
2019,Río Negro,62,General Roca,62042,Cinco Saltos,62042390,7.151
2019,Río Negro,62,General Roca,62042,Cipolletti,62042400,73.6829
2019,Río Negro,62,General Roca,62042,Contralmirante Cordero,62042410,3
2019,Río Negro,62,General Roca,62042,Ferri,62042420,4.621
2019,Río Negro,62,General Roca,62042,General Enrique Godoy,62042430,23.37
2019,Río Negro,62,General Roca,62042,General Fernández Oro,62042440,36.3418
2019,Río Negro,62,General Roca,62042,General Roca,62042450,149.8715
2019,Río Negro,62,General Roca,62042,General Roca,62042450,23.3999
2019,Río Negro,62,General Roca,62042,General Roca,62042450,0.88
2019,Río Negro,62,General Roca,62042,Ingeniero Luis A. Huergo,62042460,114.203
2019,Río Negro,62,General Roca,62042,Mainqué,62042480,375.8059
2019,Río Negro,62,General Roca,62042,Villa Alberdi,62042530,0.6426
2019,Río Negro,62,General Roca,62042,Villa Manzano,62042550,23.5089
2019,Río Negro,62,General Roca,62042,Villa Regina,62042560,2.9998
2019,Río Negro,62,Pichi Mahuida,62063,Río Colorado,62063020,57.3016
2019,Salta,66,Cachi,66014,Cachi,66014010,26.5942
2019,Salta,66,Cachi,66014,Payogasta,66014020,60.475
2019,Salta,66,Cachi,66014,La Paya,66014A07,0.38
2019,Salta,66,Cafayate,66021,Cafayate,66021010,1.5
2019,Salta,66,Cafayate,66021,Cafayate,66021010,77.42
2019,Salta,66,Cafayate,66021,Cafayate,66021010,1932.6167
2019,Salta,66,Cafayate,66021,Cafayate,66021010,71.5737
2019,Salta,66,Cafayate,66021,Tolombón,66021020,323.5932
2019,Salta,66,Cafayate,66021,Chuscha,66021A01,2.35
2019,Salta,66,Cafayate,66021,Las Conchas,66021A04,12.4
2019,Salta,66,Cafayate,66021,Yacochuya Norte,66021A05,68.17
2019,Salta,66,La Viña,66098,Cabra Corral,66098020,3.11
2019,Salta,66,La Viña,66098,Las Curtiembres,66098A08,5.03
2019,Salta,66,Molinos,66119,Molinos,66119020,45.6687
2019,Salta,66,Molinos,66119,Seclantás,66119030,3.56
2019,Salta,66,Molinos,66119,Colomé,66119A06,70.8
2019,Salta,66,Molinos,66119,Colomé,66119A06,6.55
2019,Salta,66,Molinos,66119,Luracatao,66119A10,3.7
2019,Salta,66,San Carlos,66154,Angastaco,66154010,139.4535
2019,Salta,66,San Carlos,66154,Animaná,66154020,415.7674
2019,Salta,66,San Carlos,66154,El Barrial,66154030,0.43
2019,Salta,66,San Carlos,66154,San Carlos,66154040,35.07
2019,Salta,66,San Carlos,66154,Corralito,66154A01,25.9257
2019,Salta,66,San Carlos,66154,Payogastilla,66154A17,1.642
2019,Salta,66,San Carlos,66154,San Lucas,66154A24,1.8
2019,Salta,66,San Carlos,66154,Santa Rosa,66154A26,11.355
2019,San Juan,70,Albardón,70007,El Rincón,70007010,940.6344
2019,San Juan,70,Albardón,70007,El Rincón,70007010,108.753
2019,San Juan,70,Albardón,70007,Villa General San Martín - Campo Afuera,70007020,3.15
2019,San Juan,70,Albardón,70007,Villa General San Martín - Campo Afuera,70007020,101.4131
2019,San Juan,70,Albardón,70007,Villa General San Martín - Campo Afuera,70007020,27.1839
2019,San Juan,70,Albardón,70007,Villa General San Martín - Campo Afuera,70007020,187.5335
2019,San Juan,70,Albardón,70007,Villa General San Martín - Campo Afuera,70007020,14.2505
2019,San Juan,70,Albardón,70007,Villa General San Martín - Campo Afuera,70007020,2.2
2019,San Juan,70,Albardón,70007,Villa General San Martín - Campo Afuera,70007020,119.9043
2019,San Juan,70,Albardón,70007,Baños La Laja,70007A02,1.625
2019,San Juan,70,Albardón,70007,Baños La Laja,70007A02,8.0226
2019,San Juan,70,Albardón,70007,El Salado,70007A03,62.155
2019,San Juan,70,Albardón,70007,Las Tapias,70007A04,13.1
2019,San Juan,70,Albardón,70007,Las Tapias,70007A04,141.1658
2019,San Juan,70,Angaco,70014,Las Tapias,70014010,16.1746
2019,San Juan,70,Angaco,70014,Las Tapias,70014010,329.0231
2019,San Juan,70,Angaco,70014,Villa Sefair,70014020,257.5197
2019,San Juan,70,Angaco,70014,Villa El Salvador,70014020,126.4087
2019,San Juan,70,Angaco,70014,Villa El Salvador,70014020,100.1844
2019,San Juan,70,Angaco,70014,Villa El Salvador,70014020,623.8679
2019,San Juan,70,Angaco,70014,El Alamito,70014A01,42.1996
2019,San Juan,70,Angaco,70014,El Bosque,70014A02,307.6378
2019,San Juan,70,Angaco,70014,Punta del Monte,70014A05,401.5736
2019,San Juan,70,Calingasta,70021,Barreal - Villa Pituil,70021010,22.2189
2019,San Juan,70,Calingasta,70021,Calingasta,70021020,2.9
2019,San Juan,70,Calingasta,70021,Tamberías,70021030,54.95
2019,San Juan,70,Calingasta,70021,Hilario,70021A10,11.869
2019,San Juan,70,Calingasta,70021,Puchuzún,70021A28,10.6
2019,San Juan,70,Calingasta,70021,Sorocayense,70021A30,66.489
2019,San Juan,70,Calingasta,70021,Villa Corral,70021A31,20.04
2019,San Juan,70,Caucete,70035,Caucete,70035020,0.6268
2019,San Juan,70,Caucete,70035,Caucete,70035020,2.6528
2019,San Juan,70,Caucete,70035,Caucete,70035020,0.4395
2019,San Juan,70,Caucete,70035,Caucete,70035020,10.6857
2019,San Juan,70,Caucete,70035,Caucete,70035020,2721.218
2019,San Juan,70,Caucete,70035,Caucete,70035020,31.002
2019,San Juan,70,Caucete,70035,Caucete,70035020,9.515
2019,San Juan,70,Caucete,70035,Caucete,70035020,0.2
2019,San Juan,70,Caucete,70035,El Rincón,70035030,723.4254
2019,San Juan,70,Caucete,70035,Las Talas - Los Médanos,70035040,285.8591
2019,San Juan,70,Caucete,70035,Marayes,70035050,2.452
2019,San Juan,70,Caucete,70035,Pie de Palo,70035060,128.8349
2019,San Juan,70,Caucete,70035,Villa Independencia,70035080,539.6894
2019,San Juan,70,Caucete,70035,La Puntilla,70035A02,1146.2773
2019,San Juan,70,Caucete,70035,Pozo de los Algarrobos,70035A07,1728.8147
2019,San Juan,70,Chimbas,70042,Chimbas,70042010,640.743
2019,San Juan,70,Chimbas,70042,Chimbas,70042010,170.2558
2019,San Juan,70,Iglesia,70049,Angualasto,70049010,2.5875
2019,San Juan,70,Iglesia,70049,Las Flores,70049040,2.1723
2019,San Juan,70,9 de Julio,70063,Alto de Sierra,70063010,57.0826
2019,San Juan,70,9 de Julio,70063,Las Chacritas,70063030,569.4355
2019,San Juan,70,9 de Julio,70063,Las Chacritas,70063030,43.5014
2019,San Juan,70,9 de Julio,70063,Las Chacritas,70063030,5.3294
2019,San Juan,70,9 de Julio,70063,9 de Julio,70063040,1934.4508
2019,San Juan,70,9 de Julio,70063,La Majadita,70063A00,382.0852
2019,San Juan,70,9 de Julio,70063,Rincón Cercado,70063A02,137.9001
2019,San Juan,70,Pocito,70070,Carpintería,70070020,1943.4559
2019,San Juan,70,Pocito,70070,Las Piedritas,70070025,5.47
2019,San Juan,70,Pocito,70070,Las Piedritas,70070025,7
2019,San Juan,70,Pocito,70070,Quinto Cuartel,70070030,74.8
2019,San Juan,70,Pocito,70070,Villa Aberastain,70070040,159.7878
2019,San Juan,70,Pocito,70070,Villa Aberastain,70070040,18.96
2019,San Juan,70,Pocito,70070,La Rinconada,70070040,648.1755
2019,San Juan,70,Pocito,70070,Villa Aberastain,70070040,749.2689
2019,San Juan,70,Pocito,70070,Villa Nacusi,70070050,2
2019,San Juan,70,Pocito,70070,Villa Nacusi,70070050,39.3565
2019,San Juan,70,Pocito,70070,Villa Nacusi,70070050,8.01
2019,San Juan,70,Rawson,70077,Rawson,70077010,6.97
2019,San Juan,70,Rawson,70077,Rawson,70077010,682.9036
2019,San Juan,70,Rawson,70077,Rawson,70077010,31.9311
2019,San Juan,70,Rawson,70077,Rawson,70077010,34.0326
2019,San Juan,70,Rawson,70077,El Medanito,70077010,161.1595
2019,San Juan,70,Rawson,70077,Colonia Médano de Oro,70077A00,575.0376
2019,San Juan,70,Rawson,70077,Colonia Rodas,70077A02,48.2035
2019,San Juan,70,Rawson,70077,Colonia Rodas,70077A02,222.534
2019,San Juan,70,Rivadavia,70084,Rivadavia,70084010,84.2977
2019,San Juan,70,Rivadavia,70084,Rivadavia,70084010,84.832
2019,San Juan,70,Rivadavia,70084,Rivadavia,70084010,75.4805
2019,San Juan,70,San Martín,70091,Dos Acequias,70091020,867.6916
2019,San Juan,70,San Martín,70091,San Isidro,70091030,654.8689
2019,San Juan,70,San Martín,70091,Villa Dominguito,70091050,34.07
2019,San Juan,70,San Martín,70091,Villa San Martín,70091070,1031.4971
2019,San Juan,70,San Martín,70091,Villa San Martín,70091070,5.51
2019,San Juan,70,San Martín,70091,Coll,70091A00,5.45
2019,San Juan,70,San Martín,70091,Los Compartos,70091A01,876.2292
2019,San Juan,70,San Martín,70091,Los Compartos,70091A01,125.244
2019,San Juan,70,San Martín,70091,Los Compartos,70091A01,56.5465
2019,San Juan,70,San Martín,70091,Villa Lugano,70091A02,38.2
2019,San Juan,70,San Martín,70091,Villa Lugano,70091A02,31.5741
2019,San Juan,70,Santa Lucía,70098,Santa Lucía,70098010,53.157
2019,San Juan,70,Santa Lucía,70098,Santa Lucía,70098010,376.5822
2019,San Juan,70,Santa Lucía,70098,Colonia Gutiérrez,70098010,80.8669
2019,San Juan,70,Santa Lucía,70098,Santa Lucía,70098010,39.97
2019,San Juan,70,Santa Lucía,70098,Colonia Gutiérrez,70098010,23.1548
2019,San Juan,70,Santa Lucía,70098,Colonia Gutiérrez,70098010,381.4731
2019,San Juan,70,Santa Lucía,70098,Santa Lucía,70098010,75.366
2019,San Juan,70,Santa Lucía,70098,Santa Lucía,70098010,37.662
2019,San Juan,70,Sarmiento,70105,Cañada Honda,70105010,601.0363
2019,San Juan,70,Sarmiento,70105,Colonia Fiscal,70105030,954.2099
2019,San Juan,70,Sarmiento,70105,Guanacache,70105050,216.805
2019,San Juan,70,Sarmiento,70105,Las Lagunas,70105060,576.3956
2019,San Juan,70,Sarmiento,70105,Los Berros,70105070,23.1867
2019,San Juan,70,Sarmiento,70105,Los Berros,70105070,6.4366
2019,San Juan,70,Sarmiento,70105,Pedernal,70105080,759.56
2019,San Juan,70,Sarmiento,70105,Punta del Médano,70105090,193.2004
2019,San Juan,70,Sarmiento,70105,Villa Media Agua,70105100,1356.0497
2019,San Juan,70,Sarmiento,70105,Villa Media Agua,70105100,360.9178
2019,San Juan,70,Sarmiento,70105,Cochagual,70105A01,2227.6729
2019,San Juan,70,Sarmiento,70105,Colonia San Antonio,70105A02,5
2019,San Juan,70,Sarmiento,70105,San Carlos,70105A07,221.29
2019,San Juan,70,Sarmiento,70105,Tres Esquinas,70105A08,398.7326
2019,San Juan,70,Ullum,70112,Villa Ibáñez,70112010,28.303
2019,San Juan,70,Ullum,70112,Villa Ibáñez,70112010,1410.0903
2019,San Juan,70,Ullum,70112,La Banderita,70112A04,22.5177
2019,San Juan,70,Valle Fértil,70119,Balde del Rosario,70119020,0.477
2019,San Juan,70,25 de Mayo,70126,Tupelí,70126020,370.2916
2019,San Juan,70,25 de Mayo,70126,Tupelí,70126020,170.168
2019,San Juan,70,25 de Mayo,70126,Villa Borjas - La Chimbera,70126030,1538.1014
2019,San Juan,70,25 de Mayo,70126,Villa Santa Rosa,70126050,102.1748
2019,San Juan,70,25 de Mayo,70126,Villa Santa Rosa,70126050,1947.8503
2019,San Juan,70,25 de Mayo,70126,Villa Santa Rosa,70126050,1529.6184
2019,San Juan,70,25 de Mayo,70126,Villa Santa Rosa,70126050,114.4355
2019,San Juan,70,25 de Mayo,70126,Villa Santa Rosa,70126050,596.2588
2019,San Juan,70,25 de Mayo,70126,Algarrobo Verde,70126A00,53.4
2019,San Juan,70,25 de Mayo,70126,Cuatro Esquinas,70126A04,17.1654
2019,San Juan,70,25 de Mayo,70126,Las Casuarinas,70126A06,2152.6126
2019,San Juan,70,25 de Mayo,70126,Punta del Médano,70126A09,104.169
2019,San Juan,70,Zonda,70133,Villa Basilio Nievas,70133010,362.032
2019,San Juan,70,Zonda,70133,Villa Basilio Nievas,70133010,39.45
2019,San Juan,70,Zonda,70133,Villa Basilio Nievas,70133010,57.5
2019,San Juan,70,Zonda,70133,Villa Basilio Nievas,70133010,704.4222
2019,San Juan,70,Zonda,70133,Villa Basilio Nievas,70133010,255.108
2019,San Luis,74,Ayacucho,74007,Candelaria,74007010,10.0799
2019,San Luis,74,Belgrano,74014,Nogolí,74014020,4
2019,San Luis,74,Coronel Pringles,74021,Río Grande,74021080,4.4237
2019,San Luis,74,Junín,74049,Merlo,74049060,1.332
2019,San Luis,74,Junín,74049,Santa Rosa del Conlara,74049070,26.1
2019,San Luis,74,Juan Martín de Pueyrredón,74056,Beazley,74056040,56.934
2019,San Luis,74,Juan Martín de Pueyrredón,74056,San Luis,74056150,4.875
2019,Santa Fe,82,La Capital,82063,Laguna Paiva,82063080,0.09
2019,Santiago del Estero,86,Capital,86049,Vuelta de la Barranca,86049120,8.8
2019,Santiago del Estero,86,Robles,86161,Beltrán,86161010,1.7381
2019,Tucumán,90,Tafí del Valle,90098,Amaicha del Valle,90098010,0.95
2019,Tucumán,90,Tafí del Valle,90098,Amaicha del Valle,90098010,16.7751
2019,Tucumán,90,Tafí del Valle,90098,Colalao del Valle,90098020,58.6029
2019,Tucumán,90,Tafí del Valle,90098,El Bañado,90098A12,7.59
2019,Tucumán,90,Tafí del Valle,90098,El Paso,90098A18,30.9692
2019,Tucumán,90,Tafí del Valle,90098,Los Zazos,90098A40,2.36
2019,Tucumán,90,Tafí del Valle,90098,Quilmes,90098A48,0.32
2019,Tucumán,90,Trancas,90112,Villa de Trancas,90112030,4.55
2020,Buenos Aires,06,Avellaneda,06035,Villa Domínico,06035010,2.7365
2020,Buenos Aires,06,Avellaneda,06035,Sarandí,06035010,1.0341
2020,Buenos Aires,06,Balcarce,06063,Balcarce,06063010,12.046
2020,Buenos Aires,06,Benito Juárez,06084,Barker,06084010,0.25
2020,Buenos Aires,06,Berisso,06098,Los Talas,06098010,0.0694
2020,Buenos Aires,06,Berisso,06098,Berisso,06098010,18.9974
2020,Buenos Aires,06,Berisso,06098,Isla Paulino,06098A02,0.435
2020,Buenos Aires,06,Cañuelas,06134,Uribelarrea,06134070,1.3579
2020,Buenos Aires,06,Coronel Dorrego,06189,Coronel Dorrego,06189030,0.015
2020,Buenos Aires,06,Coronel Pringles,06196,Coronel Pringles,06196010,2.2869
2020,Buenos Aires,06,Coronel Suárez,06203,Coronel Suárez,06203020,3.47
2020,Buenos Aires,06,Coronel Suárez,06203,Villa La Arcadia,06203100,16
2020,Buenos Aires,06,Daireaux,06231,Daireaux,06231030,0.726
2020,Buenos Aires,06,General Pueyrredón,06357,Chapadmalal,06357080,26.5988
2020,Buenos Aires,06,Junín,06413,Junín,06413050,0.2721
2020,Buenos Aires,06,La Costa,06420,Mar del Tuyú,06420040,0.2
2020,Buenos Aires,06,Saavedra,06700,Pigüé,06700060,18
2020,Buenos Aires,06,Tandil,06791,María Ignacia,06791040,5.6985
2020,Buenos Aires,06,Tandil,06791,Tandil,06791050,0.6783
2020,Buenos Aires,06,Tandil,06791,Tandil,06791050,0.6969
2020,Buenos Aires,06,Tornquist,06819,Saldungaray,06819020,9.088
2020,Buenos Aires,06,Tornquist,06819,Villa Ventana,06819070,3
2020,Buenos Aires,06,Villa Gesell,06868,Villa Gesell,06868020,0.3777
2020,Buenos Aires,06,Villarino,06875,Médanos,06875060,24.52
2020,Catamarca,10,Andalgalá,10021,Andalgalá,10021020,3.22
2020,Catamarca,10,Andalgalá,10021,Andalgalá,10021020,3.9125
2020,Catamarca,10,Belén,10035,Belén,10035020,3
2020,Catamarca,10,Belén,10035,Corral Quemado,10035040,3.3
2020,Catamarca,10,Belén,10035,Hualfín,10035070,149.8902
2020,Catamarca,10,Belén,10035,Jacipunco,10035080,1.94
2020,Catamarca,10,Belén,10035,Los Nacimientos,10035120,3.9
2020,Catamarca,10,Belén,10035,Puerta de Corral Quemado,10035130,28.2416
2020,Catamarca,10,Belén,10035,La Ciénaga de Arriba,10035A22,1.5
2020,Catamarca,10,Belén,10035,San Fernando,10035A42,4.25
2020,Catamarca,10,Capayán,10042,Chumbicha,10042040,5.9
2020,Catamarca,10,Capayán,10042,Colonia Nueva Coneta,10042060,2.84
2020,Catamarca,10,Pomán,10084,San Miguel,10084090,17.6
2020,Catamarca,10,Pomán,10084,Saujil,10084100,0.4
2020,Catamarca,10,Pomán,10084,Siján,10084110,19.5708
2020,Catamarca,10,Santa María,10091,Andalhualá,10091010,14.04
2020,Catamarca,10,Santa María,10091,Lampacito,10091030,46.22
2020,Catamarca,10,Santa María,10091,Lampacito,10091030,18.6155
2020,Catamarca,10,Santa María,10091,Chañar Punco,10091030,355.2523
2020,Catamarca,10,Santa María,10091,Famatanca,10091070,5.6256
2020,Catamarca,10,Santa María,10091,Fuerte Quemado,10091080,76.27
2020,Catamarca,10,Santa María,10091,La Loma,10091100,2.283
2020,Catamarca,10,Santa María,10091,Las Mojarras,10091110,21.85
2020,Catamarca,10,Santa María,10091,El Cerrito,10091110,9.982
2020,Catamarca,10,Santa María,10091,Loro Huasi,10091120,1.4775
2020,Catamarca,10,Santa María,10091,Punta de Balasto,10091130,25.25
2020,Catamarca,10,Santa María,10091,Casa de Piedra,10091140,0.16
2020,Catamarca,10,Santa María,10091,San José,10091140,20.9355
2020,Catamarca,10,Santa María,10091,Palo Seco,10091140,0.4
2020,Catamarca,10,Santa María,10091,Santa María,10091150,44.2195
2020,Catamarca,10,Santa María,10091,Santa María,10091150,128.124
2020,Catamarca,10,Santa María,10091,Yapes,10091160,2.6155
2020,Catamarca,10,Santa María,10091,Entre Ríos,10091A08,0.41
2020,Catamarca,10,Tinogasta,10105,Anillaco,10105010,67.7664
2020,Catamarca,10,Tinogasta,10105,Antinaco,10105020,0.8
2020,Catamarca,10,Tinogasta,10105,Copacabana,10105050,262.6307
2020,Catamarca,10,Tinogasta,10105,El Puesto,10105090,109.1473
2020,Catamarca,10,Tinogasta,10105,El Salado,10105100,3.05
2020,Catamarca,10,Tinogasta,10105,Fiambalá,10105110,365.235
2020,Catamarca,10,Tinogasta,10105,Medanitos,10105130,231.8759
2020,Catamarca,10,Tinogasta,10105,Palo Blanco,10105140,20.87
2020,Catamarca,10,Tinogasta,10105,Saujil,10105160,21.555
2020,Catamarca,10,Tinogasta,10105,Tinogasta,10105180,45.4473
2020,Catamarca,10,Tinogasta,10105,Tinogasta,10105180,304.471
2020,Catamarca,10,Tinogasta,10105,Tinogasta,10105180,111.2438
2020,Catamarca,10,Tinogasta,10105,Tinogasta,10105180,7.75
2020,Catamarca,10,Tinogasta,10105,San José Norte,10105A27,235.9478
2020,Catamarca,10,Valle Viejo,10112,Santa Cruz,10112050,0.8
2020,Córdoba,14,Calamuchita,14007,Los Reartes,14007130,1.01
2020,Córdoba,14,Calamuchita,14007,Río de los Sauces,14007170,1.5284
2020,Córdoba,14,Calamuchita,14007,San Agustín,14007180,4
2020,Córdoba,14,Calamuchita,14007,Villa Ciudad Parque Los Reartes,14007270,10.365
2020,Córdoba,14,Calamuchita,14007,Villa General Belgrano,14007310,1.5036
2020,Córdoba,14,Calamuchita,14007,Villa Yacanto,14007360,1.51
2020,Córdoba,14,Calamuchita,14007,Atos Pampa,14007A01,11.8048
2020,Córdoba,14,Calamuchita,14007,Cañada de Álvarez,14007A05,1.2
2020,Córdoba,14,Colón,14021,Colonia Caroya,14021050,129.7053
2020,Córdoba,14,Colón,14021,Colonia Vicente Agüero,14021070,10.375
2020,Córdoba,14,Cruz del Eje,14028,Cruz del Eje,14028050,20
2020,Córdoba,14,Cruz del Eje,14028,Guanaco Muerto,14028080,2
2020,Córdoba,14,Cruz del Eje,14028,Las Playas,14028130,3.6
2020,Córdoba,14,Cruz del Eje,14028,San Marcos Sierra,14028170,1.09
2020,Córdoba,14,Ischilín,14049,Quilino,14049100,8.9356
2020,Córdoba,14,Ischilín,14049,Ischilín,14049A07,9.0608
2020,Córdoba,14,Punilla,14091,Charbonier,14091060,0.2575
2020,Córdoba,14,Punilla,14091,Huerta Grande,14091100,0.6801
2020,Córdoba,14,Punilla,14091,La Falda,14091120,1.46
2020,Córdoba,14,Punilla,14091,Villa Santa Cruz del Lago,14091320,3.5
2020,Córdoba,14,San Alberto,14126,Las Calles,14126050,4.566
2020,Córdoba,14,San Alberto,14126,Nono,14126110,2.3
2020,Córdoba,14,San Javier,14133,La Población,14133070,1.2
2020,Córdoba,14,San Javier,14133,Las Chacras,14133095,1.2
2020,Córdoba,14,San Javier,14133,Las Tapias,14133100,1.17
2020,Córdoba,14,San Javier,14133,Luyaba,14133150,3.7
2020,Córdoba,14,San Javier,14133,San Javier y Yacanto,14133170,2.55
2020,Córdoba,14,San Javier,14133,San Javier y Yacanto,14133170,4.67
2020,Córdoba,14,San Javier,14133,San José,14133180,15
2020,Córdoba,14,San Javier,14133,Villa de las Rosas,14133190,1.2058
2020,Córdoba,14,San Javier,14133,Rodeo de Piedra,14133A19,0.1262
2020,Córdoba,14,Santa María,14147,Potrero de Garay,14147230,10.26
2020,Córdoba,14,Tulumba,14175,San Pedro Norte,14175100,4.42
2020,Córdoba,14,Tulumba,14175,Isla de San Antonio,14175A13,0.585
2020,Córdoba,14,Tulumba,14175,Santa Cruz,14175A37,0.3054
2020,Chubut,26,Cushamen,26014,El Hoyo,26014040,22.0702
2020,Chubut,26,Cushamen,26014,Gualjaina,26014070,0.59
2020,Chubut,26,Cushamen,26014,Lago Puelo,26014090,1
2020,Chubut,26,Futaleufú,26035,Trevelín,26035060,10.01
2020,Chubut,26,Gaiman,26042,Gaiman,26042030,0.312
2020,Chubut,26,Languiñeo,26056,Paso del Sapo,26056040,0.123
2020,Chubut,26,Paso de Indios,26070,Los Altares,26070020,2.5
2020,Chubut,26,Rawson,26077,Trelew,26077040,0.43
2020,Chubut,26,Sarmiento,26091,Sarmiento,26091020,50.04
2020,Entre Ríos,30,Colón,30008,Arroyo Barú,30008010,0.8
2020,Entre Ríos,30,Colón,30008,Colón,30008020,6.6417
2020,Entre Ríos,30,Colón,30008,San José,30008090,0.45
2020,Entre Ríos,30,Colón,30008,Ubajay,30008100,0.3159
2020,Entre Ríos,30,Colón,30008,Colonia San Anselmo,30008A13,2.48
2020,Entre Ríos,30,Concordia,30015,Calabacilla,30015010,2.8351
2020,Entre Ríos,30,Concordia,30015,Concordia,30015060,5.5
2020,Entre Ríos,30,Concordia,30015,Estación Yeruá,30015080,6.08
2020,Entre Ríos,30,Concordia,30015,La Criolla,30015090,6.6905
2020,Entre Ríos,30,Diamante,30021,Colonia Ensayo,30021070,2.505
2020,Entre Ríos,30,Diamante,30021,Estación Puiggari,30021150,2
2020,Entre Ríos,30,Diamante,30021,Las Cuevas,30021A08,0.6
2020,Entre Ríos,30,Gualeguaychú,30056,Gualeguaychú,30056070,2.8101
2020,Entre Ríos,30,Gualeguaychú,30056,Urdinarrain,30056110,4
2020,Entre Ríos,30,Nogoyá,30077,Lucas González,30077060,0.25
2020,Entre Ríos,30,Paraná,30084,Crespo,30084070,0.486
2020,Entre Ríos,30,Paraná,30084,La Picada,30084120,0.03
2020,Entre Ríos,30,Paraná,30084,Paraná,30084160,1.0139
2020,Entre Ríos,30,Paraná,30084,Colonia Rivadavia,30084A20,0.75
2020,Entre Ríos,30,Uruguay,30098,Concepción del Uruguay,30098040,0.9743
2020,Entre Ríos,30,Victoria,30105,Antelo,30105010,0.3576
2020,Entre Ríos,30,Victoria,30105,Victoria,30105060,2.4215
2020,Entre Ríos,30,Victoria,30105,Laguna del Pescado,30105A11,7.98
2020,Jujuy,38,El Carmen,38014,Monterrico,38014070,4.2156
2020,Jujuy,38,Dr. Manuel Belgrano,38021,Guerrero,38021010,1.34
2020,Jujuy,38,Humahuaca,38028,Uquía,38028060,4.9774
2020,Jujuy,38,San Antonio,38056,El Ceibal,38056010,1.1304
2020,Jujuy,38,Tilcara,38094,Colonia San José,38094010,3.15
2020,Jujuy,38,Tilcara,38094,Huacalera,38094020,7.11
2020,Jujuy,38,Tilcara,38094,Maimará,38094040,6.577
2020,Jujuy,38,Tilcara,38094,Tilcara,38094050,2.7761
2020,Jujuy,38,Tumbaya,38098,Purmamarca,38098030,2.2724
2020,Jujuy,38,Tumbaya,38098,Tumbaya,38098040,8
2020,La Pampa,42,Curacó,42042,Gobernador Duval,42042010,9.4
2020,La Pampa,42,Puelén,42112,25 de Mayo,42112020,269.2857
2020,La Pampa,42,Rancul,42126,Caleufú,42126010,0.45
2020,La Rioja,46,Castro Barros,46021,Aminga,46021010,170.957
2020,La Rioja,46,Castro Barros,46021,Anillaco,46021020,84.224
2020,La Rioja,46,Castro Barros,46021,San Pedro,46021070,2.4913
2020,La Rioja,46,Castro Barros,46021,Agua Blanca,46021A00,0.401
2020,La Rioja,46,General Felipe Varela,46028,Guandacol,46028020,288.5769
2020,La Rioja,46,General Felipe Varela,46028,Santa Clara,46028020,28.7249
2020,La Rioja,46,General Felipe Varela,46028,Los Palacios,46028030,151.0501
2020,La Rioja,46,General Felipe Varela,46028,Pagancillo,46028040,27.7731
2020,La Rioja,46,General Felipe Varela,46028,Banda Florida,46028050,28.9267
2020,La Rioja,46,General Felipe Varela,46028,Villa Unión,46028050,210.2707
2020,La Rioja,46,General Felipe Varela,46028,Paso San Isidro,46028A14,6.025
2020,La Rioja,46,General Felipe Varela,46028,Paso San Isidro,46028A14,4.19
2020,La Rioja,46,Chilecito,46042,San Miguel,46042010,3.345
2020,La Rioja,46,Chilecito,46042,Los Sarmientos,46042010,2.17
2020,La Rioja,46,Chilecito,46042,La Puntilla,46042010,0.011
2020,La Rioja,46,Chilecito,46042,Chilecito,46042010,4.05
2020,La Rioja,46,Chilecito,46042,Anguinán,46042010,1116.7858
2020,La Rioja,46,Chilecito,46042,Colonia Catinzaco,46042030,100.735
2020,La Rioja,46,Chilecito,46042,Guanchín,46042060,12
2020,La Rioja,46,Chilecito,46042,Malligasta,46042070,1372.6223
2020,La Rioja,46,Chilecito,46042,Miranda,46042080,2.232
2020,La Rioja,46,Chilecito,46042,Nonogasta,46042090,1164.5072
2020,La Rioja,46,Chilecito,46042,San Nicolás,46042100,83.0802
2020,La Rioja,46,Chilecito,46042,Sañogasta,46042120,44.6424
2020,La Rioja,46,Chilecito,46042,Tilimuqui,46042130,807.6166
2020,La Rioja,46,Chilecito,46042,Vichigasta,46042140,1397.3425
2020,La Rioja,46,Famatina,46049,Angulos,46049020,44.67
2020,La Rioja,46,Famatina,46049,Antinaco,46049030,29.1
2020,La Rioja,46,Famatina,46049,Bajo Carrizal,46049040,0.08
2020,La Rioja,46,Famatina,46049,Campanas,46049050,1.7
2020,La Rioja,46,Famatina,46049,Chañarmuyo,46049060,91.33
2020,La Rioja,46,Famatina,46049,Famatina,46049070,84.6344
2020,La Rioja,46,Famatina,46049,Famatina,46049070,13.04
2020,La Rioja,46,Famatina,46049,Famatina,46049070,1.475
2020,La Rioja,46,Famatina,46049,Pituil,46049090,80.1964
2020,La Rioja,46,Famatina,46049,Plaza Vieja,46049100,30.255
2020,La Rioja,46,General Lamadrid,46077,Villa Castelli,46077010,60.0064
2020,La Rioja,46,General Lamadrid,46077,Villa Castelli,46077010,6.25
2020,La Rioja,46,Vinchina,46098,Villa San José de Vinchina,46098020,50.0946
2020,La Rioja,46,San Blas de Los Sauces,46119,Chaupihuasi,46119010,7.5306
2020,La Rioja,46,San Blas de Los Sauces,46119,Las Talas,46119010,0.4
2020,La Rioja,46,San Blas de Los Sauces,46119,Shaqui,46119010,32.4
2020,La Rioja,46,San Blas de Los Sauces,46119,Los Robles,46119010,0.15
2020,La Rioja,46,San Blas de Los Sauces,46119,Alpasinche,46119010,22.6353
2020,La Rioja,46,San Blas de Los Sauces,46119,San Blas,46119010,6.7
2020,La Rioja,46,Sanagasta,46126,Villa Sanagasta,46126010,19.0144
2020,La Rioja,46,Sanagasta,46126,Huaco,46126A02,11
2020,Mendoza,50,General Alvear,50014,Bowen,50014010,31.3628
2020,Mendoza,50,General Alvear,50014,Bowen,50014010,1224.6518
2020,Mendoza,50,General Alvear,50014,Carmensa,50014020,267.43
2020,Mendoza,50,General Alvear,50014,Carmensa,50014020,8.15
2020,Mendoza,50,General Alvear,50014,General Alvear,50014030,332.597
2020,Mendoza,50,General Alvear,50014,General Alvear,50014030,22.27
2020,Mendoza,50,General Alvear,50014,General Alvear,50014030,243.1745
2020,Mendoza,50,General Alvear,50014,General Alvear,50014030,101.45
2020,Mendoza,50,General Alvear,50014,General Alvear,50014030,199.5175
2020,Mendoza,50,General Alvear,50014,Los Compartos,50014040,437.3389
2020,Mendoza,50,General Alvear,50014,Colonia San Pedro del Atuel,50014A04,16
2020,Mendoza,50,General Alvear,50014,El Ceibo,50014A08,12.72
2020,Mendoza,50,General Alvear,50014,El Ceibo,50014A08,107.065
2020,Mendoza,50,General Alvear,50014,La California,50014A12,44.944
2020,Mendoza,50,General Alvear,50014,La Escandinava,50014A14,161.9788
2020,Mendoza,50,General Alvear,50014,La Marsolina,50014A16,6.845
2020,Mendoza,50,General Alvear,50014,La Marsolina,50014A16,366.637
2020,Mendoza,50,General Alvear,50014,La Montilla,50014A17,1.5
2020,Mendoza,50,General Alvear,50014,Los Campamentos,50014A19,75.2392
2020,Mendoza,50,General Alvear,50014,Poste de Fierro,50014A24,103.865
2020,Mendoza,50,Godoy Cruz,50021,Gobernador Benegas,50021010,0.677
2020,Mendoza,50,Guaymallén,50028,Colonia Segovia,50028010,106.8315
2020,Mendoza,50,Guaymallén,50028,Rodeo de la Cruz,50028020,48.2349
2020,Mendoza,50,Guaymallén,50028,San Francisco del Monte,50028020,2.0029
2020,Mendoza,50,Guaymallén,50028,Villa Nueva,50028020,32.9225
2020,Mendoza,50,Guaymallén,50028,El Sauce,50028020,81.3382
2020,Mendoza,50,Guaymallén,50028,Buena Nueva,50028020,31.699
2020,Mendoza,50,Guaymallén,50028,Bermejo,50028020,68.1095
2020,Mendoza,50,Guaymallén,50028,Dorrego,50028020,22.7322
2020,Mendoza,50,Guaymallén,50028,La Primavera,50028030,22.3045
2020,Mendoza,50,Guaymallén,50028,La Primavera,50028030,16.5284
2020,Mendoza,50,Guaymallén,50028,La Primavera,50028030,2
2020,Mendoza,50,Guaymallén,50028,Los Corralitos,50028040,108.3069
2020,Mendoza,50,Junín,50035,Ingeniero Giagnoni,50035010,44.2292
2020,Mendoza,50,Junín,50035,Junín,50035020,12.4112
2020,Mendoza,50,Junín,50035,Junín,50035020,1012.094
2020,Mendoza,50,Junín,50035,Junín,50035020,18.723
2020,Mendoza,50,Junín,50035,Junín,50035020,102.0932
2020,Mendoza,50,Junín,50035,La Colonia,50035030,808.5346
2020,Mendoza,50,Junín,50035,Los Barriales,50035040,29.396
2020,Mendoza,50,Junín,50035,Los Barriales,50035040,1531.992
2020,Mendoza,50,Junín,50035,Los Barriales,50035040,5.28
2020,Mendoza,50,Junín,50035,Medrano,50035050,1817.6496
2020,Mendoza,50,Junín,50035,Medrano,50035050,58.8793
2020,Mendoza,50,Junín,50035,Medrano,50035050,23.965
2020,Mendoza,50,Junín,50035,Phillips,50035060,2102.6854
2020,Mendoza,50,Junín,50035,Phillips,50035060,9.39
2020,Mendoza,50,Junín,50035,Rodríguez Peña,50035070,1187.3296
2020,Mendoza,50,Junín,50035,Algarrobo Grande,50035A00,71.119
2020,Mendoza,50,Junín,50035,Algarrobo Grande,50035A00,1714.5486
2020,Mendoza,50,Junín,50035,Algarrobo Grande,50035A00,95.5433
2020,Mendoza,50,Junín,50035,Alto Verde,50035A01,785.7118
2020,Mendoza,50,Junín,50035,Alto Verde,50035A01,219.32
2020,Mendoza,50,Junín,50035,Tres Esquinas,50035A02,4.788
2020,Mendoza,50,La Paz,50042,La Paz,50042020,63.6
2020,Mendoza,50,La Paz,50042,La Paz,50042020,56.6302
2020,Mendoza,50,La Paz,50042,Villa Antigua,50042030,44.71
2020,Mendoza,50,La Paz,50042,Las Chacritas,50042A07,18.92
2020,Mendoza,50,Las Heras,50049,Jocolí,50049030,100.5933
2020,Mendoza,50,Las Heras,50049,Las Heras,50049050,13.6
2020,Mendoza,50,Las Heras,50049,El Plumerillo,50049050,38.2388
2020,Mendoza,50,Las Heras,50049,El Algarrobal,50049050,433.5847
2020,Mendoza,50,Las Heras,50049,El Challao,50049050,7.26
2020,Mendoza,50,Las Heras,50049,Capdevila,50049050,308.1901
2020,Mendoza,50,Las Heras,50049,El Borbollón,50049050,208.5709
2020,Mendoza,50,Las Heras,50049,Panquehuá,50049050,46.5869
2020,Mendoza,50,Las Heras,50049,Las Heras,50049050,25.15
2020,Mendoza,50,Las Heras,50049,Polvaredas,50049080,6
2020,Mendoza,50,Las Heras,50049,Uspallata,50049110,4
2020,Mendoza,50,Las Heras,50049,El Pastal,50049A04,10
2020,Mendoza,50,Las Heras,50049,El Pastal,50049A04,229.6658
2020,Mendoza,50,Lavalle,50056,Barrio Alto del Olvido,50056010,25.0225
2020,Mendoza,50,Lavalle,50056,Barrio La Palmera,50056030,474.7156
2020,Mendoza,50,Lavalle,50056,Barrio La Pega,50056040,250.0369
2020,Mendoza,50,Lavalle,50056,Costa de Araujo,50056080,4124.5458
2020,Mendoza,50,Lavalle,50056,Costa de Araujo,50056080,3.1231
2020,Mendoza,50,Lavalle,50056,Costa de Araujo,50056080,6.3042
2020,Mendoza,50,Lavalle,50056,El Paramillo,50056090,532.965
2020,Mendoza,50,Lavalle,50056,El Vergel,50056100,238.1698
2020,Mendoza,50,Lavalle,50056,El Vergel,50056100,7
2020,Mendoza,50,Lavalle,50056,Ingeniero Gustavo André,50056110,2524.2997
2020,Mendoza,50,Lavalle,50056,Jocolí,50056120,1261.2236
2020,Mendoza,50,Lavalle,50056,Jocolí Viejo,50056130,204.8711
2020,Mendoza,50,Lavalle,50056,Las Violetas,50056140,72.169
2020,Mendoza,50,Lavalle,50056,3 de Mayo,50056150,946.7144
2020,Mendoza,50,Lavalle,50056,3 de Mayo,50056150,109.0316
2020,Mendoza,50,Lavalle,50056,Villa Tulumaya,50056160,502.4386
2020,Mendoza,50,Lavalle,50056,Villa Tulumaya,50056160,38.5908
2020,Mendoza,50,Lavalle,50056,El Carmen,50056A05,103.7189
2020,Mendoza,50,Lavalle,50056,El Chilcal,50056A06,283.0819
2020,Mendoza,50,Lavalle,50056,El Chilcal,50056A06,15.9244
2020,Mendoza,50,Lavalle,50056,El Plumero,50056A09,18.18
2020,Mendoza,50,Lavalle,50056,El Plumero,50056A09,861.5003
2020,Mendoza,50,Lavalle,50056,El Retiro,50056A12,84.54
2020,Mendoza,50,Lavalle,50056,La Asunción,50056A15,37.16
2020,Mendoza,50,Lavalle,50056,La Holanda,50056A17,88.6346
2020,Mendoza,50,Lavalle,50056,Resurrección,50056A23,8.19
2020,Mendoza,50,Lavalle,50056,San Francisco,50056A24,258.1699
2020,Mendoza,50,Lavalle,50056,San José,50056A26,4
2020,Mendoza,50,Lavalle,50056,San José,50056A26,22.5
2020,Mendoza,50,Luján de Cuyo,50063,Agrelo,50063010,5555.7514
2020,Mendoza,50,Luján de Cuyo,50063,El Carrizal,50063050,2719.0981
2020,Mendoza,50,Luján de Cuyo,50063,Las Compuertas,50063070,490.136
2020,Mendoza,50,Luján de Cuyo,50063,Carrodilla,50063090,97.5209
2020,Mendoza,50,Luján de Cuyo,50063,Vistalba,50063090,444.4071
2020,Mendoza,50,Luján de Cuyo,50063,La Puntilla,50063090,4.7
2020,Mendoza,50,Luján de Cuyo,50063,Chacras de Coria,50063090,114.363
2020,Mendoza,50,Luján de Cuyo,50063,Luján de Cuyo,50063090,163.2585
2020,Mendoza,50,Luján de Cuyo,50063,Mayor Drummond,50063090,350.1719
2020,Mendoza,50,Luján de Cuyo,50063,Perdriel,50063100,1434.6184
2020,Mendoza,50,Luján de Cuyo,50063,Perdriel,50063100,2
2020,Mendoza,50,Luján de Cuyo,50063,Potrerillos,50063110,2.0151
2020,Mendoza,50,Luján de Cuyo,50063,Ugarteche,50063120,4098.1725
2020,Mendoza,50,Luján de Cuyo,50063,Anchoris,50063A01,78.6128
2020,Mendoza,50,Luján de Cuyo,50063,Baños Lunlunta,50063A02,21.6
2020,Mendoza,50,Luján de Cuyo,50063,Industrial,50063A03,11.4
2020,Mendoza,50,Maipú,50070,Barrancas,50070010,2907.3259
2020,Mendoza,50,Maipú,50070,Barrancas,50070010,1.5
2020,Mendoza,50,Maipú,50070,Barrio Jesús de Nazaret,50070020,14.292
2020,Mendoza,50,Maipú,50070,Cruz de Piedra,50070030,579.5953
2020,Mendoza,50,Maipú,50070,Cruz de Piedra,50070030,712.305
2020,Mendoza,50,Maipú,50070,El Pedregal,50070040,38.3
2020,Mendoza,50,Maipú,50070,Fray Luis Beltrán,50070050,200.5979
2020,Mendoza,50,Maipú,50070,Fray Luis Beltrán,50070050,182.6109
2020,Mendoza,50,Maipú,50070,Fray Luis Beltrán,50070050,3717.8305
2020,Mendoza,50,Maipú,50070,General Gutiérrez,50070060,42.5
2020,Mendoza,50,Maipú,50070,Maipú,50070060,38.703
2020,Mendoza,50,Maipú,50070,Coquimbito,50070060,344.834
2020,Mendoza,50,Maipú,50070,Rodeo del Medio,50070070,117.3
2020,Mendoza,50,Maipú,50070,Rodeo del Medio,50070070,22.052
2020,Mendoza,50,Maipú,50070,Rodeo del Medio,50070070,2
2020,Mendoza,50,Maipú,50070,Rodeo del Medio,50070070,915.188
2020,Mendoza,50,Maipú,50070,Russell,50070080,452.5709
2020,Mendoza,50,Maipú,50070,San Roque,50070090,455.3465
2020,Mendoza,50,Maipú,50070,San Roque,50070090,224.3417
2020,Mendoza,50,Maipú,50070,El Paraíso,50070A01,170.05
2020,Mendoza,50,Maipú,50070,Los Álamos,50070A02,74.823
2020,Mendoza,50,Rivadavia,50084,Andrade,50084010,1036.9552
2020,Mendoza,50,Rivadavia,50084,El Mirador,50084040,109.2242
2020,Mendoza,50,Rivadavia,50084,El Mirador,50084040,2188.0249
2020,Mendoza,50,Rivadavia,50084,La Central,50084050,2925.0371
2020,Mendoza,50,Rivadavia,50084,La Libertad,50084080,1055.0112
2020,Mendoza,50,Rivadavia,50084,Los Árboles,50084090,649.6557
2020,Mendoza,50,Rivadavia,50084,Los Campamentos,50084100,3866.5654
2020,Mendoza,50,Rivadavia,50084,Los Campamentos,50084100,4
2020,Mendoza,50,Rivadavia,50084,Medrano,50084110,687.0336
2020,Mendoza,50,Rivadavia,50084,Mundo Nuevo,50084120,126.6964
2020,Mendoza,50,Rivadavia,50084,Reducción de Abajo,50084130,901.1769
2020,Mendoza,50,Rivadavia,50084,Rivadavia,50084140,765.6511
2020,Mendoza,50,Rivadavia,50084,Santa María de Oro,50084150,637.1074
2020,Mendoza,50,San Carlos,50091,Barrio El Cepillo,50091010,518.5
2020,Mendoza,50,San Carlos,50091,Chilecito,50091020,349.9168
2020,Mendoza,50,San Carlos,50091,Eugenio Bustos,50091030,2149.3104
2020,Mendoza,50,San Carlos,50091,La Consulta,50091040,91.29
2020,Mendoza,50,San Carlos,50091,La Consulta,50091040,5020.7663
2020,Mendoza,50,San Carlos,50091,La Consulta,50091040,9
2020,Mendoza,50,San Carlos,50091,Pareditas,50091050,198.4933
2020,Mendoza,50,San Carlos,50091,San Carlos,50091060,381.7744
2020,Mendoza,50,San Carlos,50091,San Carlos,50091060,52.9
2020,Mendoza,50,San Carlos,50091,Casas Viejas,50091A01,53.9264
2020,Mendoza,50,San Carlos,50091,El Capacho,50091A03,20.6
2020,Mendoza,50,San Carlos,50091,Tres Esquinas,50091A17,13.5602
2020,Mendoza,50,San Martín,50098,Alto Verde,50098020,2921.8628
2020,Mendoza,50,San Martín,50098,Chapanay,50098060,4881.5533
2020,Mendoza,50,San Martín,50098,Chivilcoy,50098070,642.4862
2020,Mendoza,50,San Martín,50098,El Espino,50098073,432.8745
2020,Mendoza,50,San Martín,50098,El Ramblón,50098077,1405.0522
2020,Mendoza,50,San Martín,50098,El Ramblón,50098077,785.077
2020,Mendoza,50,San Martín,50098,Montecaseros,50098080,6357.7834
2020,Mendoza,50,San Martín,50098,Nueva California,50098090,2266.869
2020,Mendoza,50,San Martín,50098,San Martín,50098100,1
2020,Mendoza,50,San Martín,50098,San Martín,50098100,43.8194
2020,Mendoza,50,San Martín,50098,San Martín,50098100,551.0281
2020,Mendoza,50,San Martín,50098,Palmira,50098100,1331.2679
2020,Mendoza,50,San Martín,50098,Tres Porteñas,50098110,1701.4601
2020,Mendoza,50,San Martín,50098,Alto Chapanay,50098A00,136.8419
2020,Mendoza,50,San Martín,50098,Alto Salvador,50098A01,1395.514
2020,Mendoza,50,San Martín,50098,Buen Orden,50098A03,601.2895
2020,Mendoza,50,San Martín,50098,El Central,50098A06,1354.6331
2020,Mendoza,50,San Martín,50098,El Divisadero,50098A07,1408.3588
2020,Mendoza,50,San Martín,50098,Las Chimbas,50098A09,379.3546
2020,Mendoza,50,San Rafael,50105,Barrio Campos El Toledano,50105010,19.2756
2020,Mendoza,50,San Rafael,50105,Capitán Montoya,50105050,28.1924
2020,Mendoza,50,San Rafael,50105,Cuadro Benegas,50105060,839.4307
2020,Mendoza,50,San Rafael,50105,El Tropezón,50105090,11.6553
2020,Mendoza,50,San Rafael,50105,Goudge,50105100,1132.8913
2020,Mendoza,50,San Rafael,50105,Jaime Prats,50105110,582.2896
2020,Mendoza,50,San Rafael,50105,Jaime Prats,50105110,0.72
2020,Mendoza,50,San Rafael,50105,La Llave Nueva,50105120,453.1542
2020,Mendoza,50,San Rafael,50105,La Llave Nueva,50105120,75.3236
2020,Mendoza,50,San Rafael,50105,Las Malvinas,50105130,10.06
2020,Mendoza,50,San Rafael,50105,Monte Comán,50105150,170.9086
2020,Mendoza,50,San Rafael,50105,Punta del Agua,50105170,0.318
2020,Mendoza,50,San Rafael,50105,Rama Caída,50105180,740.2555
2020,Mendoza,50,San Rafael,50105,Rama Caída,50105180,22.742
2020,Mendoza,50,San Rafael,50105,Real del Padre,50105190,1497.1095
2020,Mendoza,50,San Rafael,50105,Salto de las Rosas,50105200,46.6233
2020,Mendoza,50,San Rafael,50105,Cuadro Nacional,50105210,1313.4875
2020,Mendoza,50,San Rafael,50105,Cuadro Nacional,50105210,124.2295
2020,Mendoza,50,San Rafael,50105,San Rafael,50105210,6.045
2020,Mendoza,50,San Rafael,50105,San Rafael,50105210,4
2020,Mendoza,50,San Rafael,50105,San Rafael,50105210,126.2734
2020,Mendoza,50,San Rafael,50105,25 de Mayo,50105220,3
2020,Mendoza,50,San Rafael,50105,25 de Mayo,50105220,33.4055
2020,Mendoza,50,San Rafael,50105,Villa Atuel,50105230,831.2723
2020,Mendoza,50,San Rafael,50105,Villa Atuel,50105230,463.8662
2020,Mendoza,50,San Rafael,50105,Villa Atuel,50105230,25.93
2020,Mendoza,50,San Rafael,50105,Cañada Seca,50105A04,1982.6057
2020,Mendoza,50,San Rafael,50105,Cañada Seca,50105A04,1.0865
2020,Mendoza,50,San Rafael,50105,Colonia Bombal y Tabanera,50105A06,122.0614
2020,Mendoza,50,San Rafael,50105,Colonia Colomer,50105A07,24.6295
2020,Mendoza,50,San Rafael,50105,Colonia El Usillal,50105A08,161.4475
2020,Mendoza,50,San Rafael,50105,Colonia Elena,50105A09,160.1965
2020,Mendoza,50,San Rafael,50105,Colonia Española,50105A10,21.197
2020,Mendoza,50,San Rafael,50105,Colonia Gelman,50105A11,42.5699
2020,Mendoza,50,San Rafael,50105,Colonia Jáuregui,50105A12,8.73
2020,Mendoza,50,San Rafael,50105,Colonia López,50105A13,214.0759
2020,Mendoza,50,San Rafael,50105,El Algarrobal,50105A20,4.42
2020,Mendoza,50,San Rafael,50105,El Cerrito,50105A22,210.115
2020,Mendoza,50,San Rafael,50105,La Guevarina,50105A32,45.5
2020,Mendoza,50,San Rafael,50105,La Llave Vieja,50105A35,35.9104
2020,Mendoza,50,San Rafael,50105,Las Paredes,50105A44,1257.0017
2020,Mendoza,50,San Rafael,50105,Las Paredes,50105A44,20.571
2020,Mendoza,50,San Rafael,50105,Los Claveles,50105A46,52.1401
2020,Mendoza,50,San Rafael,50105,Los Sifones,50105A51,8.865
2020,Mendoza,50,San Rafael,50105,Rincón del Atuel,50105A60,10.416
2020,Mendoza,50,San Rafael,50105,Soitué,50105A64,54.4875
2020,Mendoza,50,Santa Rosa,50112,Barrio 12 de Octubre,50112010,788.1768
2020,Mendoza,50,Santa Rosa,50112,Barrio 12 de Octubre,50112010,746.3889
2020,Mendoza,50,Santa Rosa,50112,Barrio Molina Cabrera,50112030,22.05
2020,Mendoza,50,Santa Rosa,50112,La Dormida,50112040,174.2029
2020,Mendoza,50,Santa Rosa,50112,La Dormida,50112040,1102.1925
2020,Mendoza,50,Santa Rosa,50112,Las Catitas,50112050,1390.9997
2020,Mendoza,50,Santa Rosa,50112,Santa Rosa,50112060,134.4022
2020,Mendoza,50,Santa Rosa,50112,Santa Rosa,50112060,783.0303
2020,Mendoza,50,Santa Rosa,50112,Santa Rosa,50112060,3018.7876
2020,Mendoza,50,Santa Rosa,50112,Gobernador Civit,50112A05,35.25
2020,Mendoza,50,Santa Rosa,50112,Los Yoles,50112A10,68.938
2020,Mendoza,50,Tunuyán,50119,Campo Los Andes,50119020,229.5888
2020,Mendoza,50,Tunuyán,50119,Colonia Las Rosas,50119030,42.05
2020,Mendoza,50,Tunuyán,50119,El Manzano,50119040,1.5005
2020,Mendoza,50,Tunuyán,50119,Los Sauces,50119050,1039.961
2020,Mendoza,50,Tunuyán,50119,Tunuyán,50119060,1.78
2020,Mendoza,50,Tunuyán,50119,Tunuyán,50119060,105.388
2020,Mendoza,50,Tunuyán,50119,Tunuyán,50119060,715.7556
2020,Mendoza,50,Tunuyán,50119,Vista Flores,50119070,2169.6676
2020,Mendoza,50,Tunuyán,50119,El Totoral,50119A02,635.7697
2020,Mendoza,50,Tunuyán,50119,El Totoral,50119A02,163.2341
2020,Mendoza,50,Tunuyán,50119,La Primavera,50119A04,350.2962
2020,Mendoza,50,Tunuyán,50119,Las Pintadas,50119A07,546.9565
2020,Mendoza,50,Tunuyán,50119,Los Árboles,50119A08,1893.2904
2020,Mendoza,50,Tunuyán,50119,Los Árboles,50119A08,68.6563
2020,Mendoza,50,Tunuyán,50119,Los Chacales,50119A09,1008.4165
2020,Mendoza,50,Tunuyán,50119,Villa Seca,50119A14,897.1014
2020,Mendoza,50,Tupungato,50126,Cordón del Plata,50126020,45.7176
2020,Mendoza,50,Tupungato,50126,Cordón del Plata,50126020,554.7325
2020,Mendoza,50,Tupungato,50126,Cordón del Plata,50126020,1868.626
2020,Mendoza,50,Tupungato,50126,El Peral,50126030,761.1722
2020,Mendoza,50,Tupungato,50126,El Zampal,50126035,903.02
2020,Mendoza,50,Tupungato,50126,La Arboleda,50126040,1669.7798
2020,Mendoza,50,Tupungato,50126,San José,50126050,408.2272
2020,Mendoza,50,Tupungato,50126,Tupungato,50126060,3
2020,Mendoza,50,Tupungato,50126,Villa Bastias,50126060,374.2062
2020,Mendoza,50,Tupungato,50126,Tupungato,50126060,124.4767
2020,Mendoza,50,Tupungato,50126,Tupungato,50126060,471.6642
2020,Mendoza,50,Tupungato,50126,Anchoris,50126A01,393.0133
2020,Mendoza,50,Tupungato,50126,Ancón,50126A02,1.392
2020,Mendoza,50,Tupungato,50126,Gualtallary,50126A05,2502.8455
2020,Mendoza,50,Tupungato,50126,Zapata,50126A12,118.245
2020,Misiones,54,Cainguás,54014,Aristóbulo del Valle,54014010,1
2020,Misiones,54,Cainguás,54014,Salto Encantado,54014080,6.8
2020,Misiones,54,Capital,54028,Posadas,54028030,5.719
2020,Misiones,54,Leandro N. Alem,54070,Cerro Azul,54070040,1.25
2020,Misiones,54,Leandro N. Alem,54070,Leandro N. Alem,54070070,1.05
2020,Misiones,54,Leandro N. Alem,54070,Olegario V. Andrade,54070080,1
2020,Misiones,54,25 de Mayo,54119,Alba Posse,54119010,0.95
2020,Neuquén,58,Añelo,58014,Añelo,58014010,122.07
2020,Neuquén,58,Añelo,58014,San Patricio del Chañar,58014020,1470.1356
2020,Neuquén,58,Collón Curá,58028,Piedra del Águila,58028010,4.841
2020,Neuquén,58,Confluencia,58035,Centenario,58035030,1.994
2020,Neuquén,58,Confluencia,58035,Centenario,58035030,8.785
2020,Neuquén,58,Confluencia,58035,Cutral Có,58035040,2.113
2020,Neuquén,58,Confluencia,58035,Mari Menuco,58035060,37.8606
2020,Neuquén,58,Confluencia,58035,Neuquén,58035070,4.2622
2020,Neuquén,58,Confluencia,58035,Neuquén,58035070,0.333
2020,Neuquén,58,Confluencia,58035,Neuquén,58035070,1.78
2020,Neuquén,58,Confluencia,58035,Plottier,58035100,33.818
2020,Neuquén,58,Confluencia,58035,Senillosa,58035110,47.3462
2020,Neuquén,58,Chos Malal,58042,Chos Malal,58042010,5.934
2020,Neuquén,58,Lácar,58056,San Martín de los Andes,58056010,0.6415
2020,Neuquén,58,Ñorquín,58084,Taquimilán,58084050,0.6
2020,Neuquén,58,Pehuenches,58091,Buta Ranquil,58091020,3.05
2020,Neuquén,58,Picún Leufú,58098,Picún Leufú,58098020,21.52
2020,Neuquén,58,Picunches,58105,Bajada del Agrio,58105010,1.2
2020,Río Negro,62,Adolfo Alsina,62007,Guardia Mitre,62007040,1.5722
2020,Río Negro,62,Adolfo Alsina,62007,San Javier,62007080,70.7909
2020,Río Negro,62,Adolfo Alsina,62007,Viedma,62007090,27.82
2020,Río Negro,62,Adolfo Alsina,62007,Cubanea,62007A03,2
2020,Río Negro,62,Avellaneda,62014,Chelforó,62014020,2
2020,Río Negro,62,Avellaneda,62014,Chimpay,62014030,0.69
2020,Río Negro,62,Avellaneda,62014,Choele Choel,62014040,7.2
2020,Río Negro,62,Avellaneda,62014,Darwin,62014060,36.465
2020,Río Negro,62,Avellaneda,62014,Lamarque,62014070,2.25
2020,Río Negro,62,Avellaneda,62014,Luis Beltrán,62014080,91.502
2020,Río Negro,62,Avellaneda,62014,Pomona,62014090,65.0565
2020,Río Negro,62,Bariloche,62021,El Bolsón,62021030,0.958
2020,Río Negro,62,Conesa,62028,Barrio Colonia Conesa,62028010,2.616
2020,Río Negro,62,Conesa,62028,Barrio Colonia Conesa,62028010,6
2020,Río Negro,62,Conesa,62028,General Conesa,62028020,15.515
2020,Río Negro,62,Conesa,62028,Colonia San Juan,62028A02,12.2725
2020,Río Negro,62,El Cuy,62035,El Cuy,62035030,28.8
2020,Río Negro,62,El Cuy,62035,Valle Azul,62035080,31.095
2020,Río Negro,62,General Roca,62042,Allen,62042010,183
2020,Río Negro,62,General Roca,62042,Barda del Medio,62042030,15.296
2020,Río Negro,62,General Roca,62042,Barrio Guerrico,62042160,8.6013
2020,Río Negro,62,General Roca,62042,Barrio Pinar,62042297,27
2020,Río Negro,62,General Roca,62042,Catriel,62042360,1.5
2020,Río Negro,62,General Roca,62042,Catriel,62042360,4.506
2020,Río Negro,62,General Roca,62042,Cervantes,62042370,74.4521
2020,Río Negro,62,General Roca,62042,Chichinales,62042380,10.05
2020,Río Negro,62,General Roca,62042,Cinco Saltos,62042390,7.151
2020,Río Negro,62,General Roca,62042,Cipolletti,62042400,73.6829
2020,Río Negro,62,General Roca,62042,Contralmirante Cordero,62042410,3
2020,Río Negro,62,General Roca,62042,Ferri,62042420,4.621
2020,Río Negro,62,General Roca,62042,General Enrique Godoy,62042430,23.37
2020,Río Negro,62,General Roca,62042,General Fernández Oro,62042440,36.3418
2020,Río Negro,62,General Roca,62042,General Roca,62042450,0.88
2020,Río Negro,62,General Roca,62042,General Roca,62042450,23.3999
2020,Río Negro,62,General Roca,62042,General Roca,62042450,149.8715
2020,Río Negro,62,General Roca,62042,Ingeniero Luis A. Huergo,62042460,114.203
2020,Río Negro,62,General Roca,62042,Mainqué,62042480,372.1959
2020,Río Negro,62,General Roca,62042,Villa Alberdi,62042530,0.6426
2020,Río Negro,62,General Roca,62042,Villa Manzano,62042550,23.5089
2020,Río Negro,62,General Roca,62042,Villa Regina,62042560,5.4498
2020,Río Negro,62,Pichi Mahuida,62063,Río Colorado,62063020,61.4896
2020,Salta,66,Cachi,66014,Cachi,66014010,30.7142
2020,Salta,66,Cachi,66014,Payogasta,66014020,60.475
2020,Salta,66,Cachi,66014,La Paya,66014A07,0.38
2020,Salta,66,Cafayate,66021,Cafayate,66021010,1.5
2020,Salta,66,Cafayate,66021,Cafayate,66021010,72.5737
2020,Salta,66,Cafayate,66021,Cafayate,66021010,77.42
2020,Salta,66,Cafayate,66021,Cafayate,66021010,1939.2714
2020,Salta,66,Cafayate,66021,Tolombón,66021020,511.0932
2020,Salta,66,Cafayate,66021,Chuscha,66021A01,2.35
2020,Salta,66,Cafayate,66021,Las Conchas,66021A04,12.4
2020,Salta,66,Cafayate,66021,Yacochuya Norte,66021A05,68.17
2020,Salta,66,La Viña,66098,Cabra Corral,66098020,3.11
2020,Salta,66,La Viña,66098,Las Curtiembres,66098A08,5.03
2020,Salta,66,Molinos,66119,Molinos,66119020,45.6687
2020,Salta,66,Molinos,66119,Seclantás,66119030,3.56
2020,Salta,66,Molinos,66119,Colomé,66119A06,6.55
2020,Salta,66,Molinos,66119,Colomé,66119A06,70.8
2020,Salta,66,Molinos,66119,Luracatao,66119A10,3.7
2020,Salta,66,San Carlos,66154,Angastaco,66154010,139.4535
2020,Salta,66,San Carlos,66154,Animaná,66154020,415.7674
2020,Salta,66,San Carlos,66154,El Barrial,66154030,0.43
2020,Salta,66,San Carlos,66154,San Carlos,66154040,35.07
2020,Salta,66,San Carlos,66154,San Carlos,66154040,26
2020,Salta,66,San Carlos,66154,Corralito,66154A01,25.9257
2020,Salta,66,San Carlos,66154,Payogastilla,66154A17,1.642
2020,Salta,66,San Carlos,66154,San Lucas,66154A24,3.3
2020,Salta,66,San Carlos,66154,Santa Rosa,66154A26,11.355
2020,San Juan,70,Albardón,70007,El Rincón,70007010,111.253
2020,San Juan,70,Albardón,70007,El Rincón,70007010,948.4872
2020,San Juan,70,Albardón,70007,Villa General San Martín - Campo Afuera,70007020,14.2505
2020,San Juan,70,Albardón,70007,Villa General San Martín - Campo Afuera,70007020,187.272
2020,San Juan,70,Albardón,70007,Villa General San Martín - Campo Afuera,70007020,119.9043
2020,San Juan,70,Albardón,70007,Villa General San Martín - Campo Afuera,70007020,101.4131
2020,San Juan,70,Albardón,70007,Villa General San Martín - Campo Afuera,70007020,2.2
2020,San Juan,70,Albardón,70007,Villa General San Martín - Campo Afuera,70007020,3.15
2020,San Juan,70,Albardón,70007,Villa General San Martín - Campo Afuera,70007020,27.1839
2020,San Juan,70,Albardón,70007,Baños La Laja,70007A02,8.0226
2020,San Juan,70,Albardón,70007,Baños La Laja,70007A02,2.2052
2020,San Juan,70,Albardón,70007,El Salado,70007A03,62.155
2020,San Juan,70,Albardón,70007,Las Tapias,70007A04,140.1658
2020,San Juan,70,Albardón,70007,Las Tapias,70007A04,15.2
2020,San Juan,70,Angaco,70014,Las Tapias,70014010,16.1746
2020,San Juan,70,Angaco,70014,Las Tapias,70014010,330.0231
2020,San Juan,70,Angaco,70014,Villa El Salvador,70014020,126.2733
2020,San Juan,70,Angaco,70014,Villa El Salvador,70014020,100.1844
2020,San Juan,70,Angaco,70014,Villa El Salvador,70014020,630.5806
2020,San Juan,70,Angaco,70014,Villa Sefair,70014020,259.5197
2020,San Juan,70,Angaco,70014,El Alamito,70014A01,43.6904
2020,San Juan,70,Angaco,70014,El Bosque,70014A02,307.3884
2020,San Juan,70,Angaco,70014,Punta del Monte,70014A05,396.2413
2020,San Juan,70,Calingasta,70021,Barreal - Villa Pituil,70021010,22.2189
2020,San Juan,70,Calingasta,70021,Calingasta,70021020,2.9
2020,San Juan,70,Calingasta,70021,Tamberías,70021030,54.95
2020,San Juan,70,Calingasta,70021,Hilario,70021A10,11.869
2020,San Juan,70,Calingasta,70021,Puchuzún,70021A28,11.2
2020,San Juan,70,Calingasta,70021,Sorocayense,70021A30,66.489
2020,San Juan,70,Calingasta,70021,Villa Corral,70021A31,20.04
2020,San Juan,70,Caucete,70035,Caucete,70035020,2.6528
2020,San Juan,70,Caucete,70035,Caucete,70035020,0.2
2020,San Juan,70,Caucete,70035,Caucete,70035020,0.6268
2020,San Juan,70,Caucete,70035,Caucete,70035020,2728.0486
2020,San Juan,70,Caucete,70035,Caucete,70035020,9.515
2020,San Juan,70,Caucete,70035,Caucete,70035020,27.892
2020,San Juan,70,Caucete,70035,Caucete,70035020,10.6857
2020,San Juan,70,Caucete,70035,Caucete,70035020,0.4395
2020,San Juan,70,Caucete,70035,El Rincón,70035030,725.1254
2020,San Juan,70,Caucete,70035,Las Talas - Los Médanos,70035040,285.8591
2020,San Juan,70,Caucete,70035,Marayes,70035050,2.452
2020,San Juan,70,Caucete,70035,Pie de Palo,70035060,128.8349
2020,San Juan,70,Caucete,70035,Villa Independencia,70035080,546.9094
2020,San Juan,70,Caucete,70035,La Puntilla,70035A02,1159.0773
2020,San Juan,70,Caucete,70035,Pozo de los Algarrobos,70035A07,1717.6997
2020,San Juan,70,Chimbas,70042,Chimbas,70042010,166.5398
2020,San Juan,70,Chimbas,70042,Chimbas,70042010,635.9583
2020,San Juan,70,Iglesia,70049,Angualasto,70049010,2.5875
2020,San Juan,70,Iglesia,70049,Las Flores,70049040,2.1723
2020,San Juan,70,9 de Julio,70063,Alto de Sierra,70063010,57.0826
2020,San Juan,70,9 de Julio,70063,Las Chacritas,70063030,5.3294
2020,San Juan,70,9 de Julio,70063,Las Chacritas,70063030,43.5014
2020,San Juan,70,9 de Julio,70063,Las Chacritas,70063030,569.4355
2020,San Juan,70,9 de Julio,70063,9 de Julio,70063040,1923.2417
2020,San Juan,70,9 de Julio,70063,La Majadita,70063A00,378.6292
2020,San Juan,70,9 de Julio,70063,Rincón Cercado,70063A02,136.8127
2020,San Juan,70,Pocito,70070,Carpintería,70070020,1926.7218
2020,San Juan,70,Pocito,70070,Las Piedritas,70070025,7
2020,San Juan,70,Pocito,70070,Las Piedritas,70070025,5.47
2020,San Juan,70,Pocito,70070,Quinto Cuartel,70070030,74.8
2020,San Juan,70,Pocito,70070,Villa Aberastain,70070040,18.96
2020,San Juan,70,Pocito,70070,Villa Aberastain,70070040,159.2728
2020,San Juan,70,Pocito,70070,La Rinconada,70070040,655.9255
2020,San Juan,70,Pocito,70070,Villa Aberastain,70070040,753.2184
2020,San Juan,70,Pocito,70070,Villa Nacusi,70070050,2
2020,San Juan,70,Pocito,70070,Villa Nacusi,70070050,8.01
2020,San Juan,70,Pocito,70070,Villa Nacusi,70070050,39.3565
2020,San Juan,70,Rawson,70077,Rawson,70077010,6.97
2020,San Juan,70,Rawson,70077,Rawson,70077010,34.0326
2020,San Juan,70,Rawson,70077,El Medanito,70077010,160.8086
2020,San Juan,70,Rawson,70077,Rawson,70077010,31.9311
2020,San Juan,70,Rawson,70077,Rawson,70077010,679.8836
2020,San Juan,70,Rawson,70077,Colonia Médano de Oro,70077A00,573.4876
2020,San Juan,70,Rawson,70077,Colonia Rodas,70077A02,48.2035
2020,San Juan,70,Rawson,70077,Colonia Rodas,70077A02,222.534
2020,San Juan,70,Rivadavia,70084,Rivadavia,70084010,84.2607
2020,San Juan,70,Rivadavia,70084,Rivadavia,70084010,84.832
2020,San Juan,70,Rivadavia,70084,Rivadavia,70084010,71.9375
2020,San Juan,70,San Martín,70091,Dos Acequias,70091020,877.22
2020,San Juan,70,San Martín,70091,San Isidro,70091030,632.3893
2020,San Juan,70,San Martín,70091,Villa Dominguito,70091050,34.07
2020,San Juan,70,San Martín,70091,Villa San Martín,70091070,5.51
2020,San Juan,70,San Martín,70091,Villa San Martín,70091070,964.4271
2020,San Juan,70,San Martín,70091,Coll,70091A00,5.45
2020,San Juan,70,San Martín,70091,Los Compartos,70091A01,56.5465
2020,San Juan,70,San Martín,70091,Los Compartos,70091A01,885.9225
2020,San Juan,70,San Martín,70091,Los Compartos,70091A01,125.244
2020,San Juan,70,San Martín,70091,Villa Lugano,70091A02,31.5741
2020,San Juan,70,San Martín,70091,Villa Lugano,70091A02,38.2
2020,San Juan,70,Santa Lucía,70098,Santa Lucía,70098010,51.522
2020,San Juan,70,Santa Lucía,70098,Santa Lucía,70098010,371.0522
2020,San Juan,70,Santa Lucía,70098,Santa Lucía,70098010,40.262
2020,San Juan,70,Santa Lucía,70098,Colonia Gutiérrez,70098010,80.8619
2020,San Juan,70,Santa Lucía,70098,Santa Lucía,70098010,75.366
2020,San Juan,70,Santa Lucía,70098,Santa Lucía,70098010,37.662
2020,San Juan,70,Santa Lucía,70098,Colonia Gutiérrez,70098010,23.1548
2020,San Juan,70,Santa Lucía,70098,Colonia Gutiérrez,70098010,384.8631
2020,San Juan,70,Sarmiento,70105,Cañada Honda,70105010,643.6123
2020,San Juan,70,Sarmiento,70105,Colonia Fiscal,70105030,947.2299
2020,San Juan,70,Sarmiento,70105,Guanacache,70105050,28.955
2020,San Juan,70,Sarmiento,70105,Las Lagunas,70105060,567.0636
2020,San Juan,70,Sarmiento,70105,Los Berros,70105070,23.1867
2020,San Juan,70,Sarmiento,70105,Los Berros,70105070,6.4366
2020,San Juan,70,Sarmiento,70105,Pedernal,70105080,759.56
2020,San Juan,70,Sarmiento,70105,Punta del Médano,70105090,193.2004
2020,San Juan,70,Sarmiento,70105,Villa Media Agua,70105100,1336.3631
2020,San Juan,70,Sarmiento,70105,Villa Media Agua,70105100,360.9178
2020,San Juan,70,Sarmiento,70105,Cochagual,70105A01,2196.6711
2020,San Juan,70,Sarmiento,70105,Colonia San Antonio,70105A02,5
2020,San Juan,70,Sarmiento,70105,San Carlos,70105A07,221.29
2020,San Juan,70,Sarmiento,70105,Tres Esquinas,70105A08,373.6666
2020,San Juan,70,Ullum,70112,Villa Ibáñez,70112010,1389.4957
2020,San Juan,70,Ullum,70112,Villa Ibáñez,70112010,28.303
2020,San Juan,70,Ullum,70112,La Banderita,70112A04,22.5177
2020,San Juan,70,Valle Fértil,70119,Balde del Rosario,70119020,0.477
2020,San Juan,70,25 de Mayo,70126,Tupelí,70126020,173.168
2020,San Juan,70,25 de Mayo,70126,Tupelí,70126020,370.2916
2020,San Juan,70,25 de Mayo,70126,Villa Borjas - La Chimbera,70126030,1494.9214
2020,San Juan,70,25 de Mayo,70126,Villa Santa Rosa,70126050,102.3548
2020,San Juan,70,25 de Mayo,70126,Villa Santa Rosa,70126050,145.8165
2020,San Juan,70,25 de Mayo,70126,Villa Santa Rosa,70126050,1497.617
2020,San Juan,70,25 de Mayo,70126,Villa Santa Rosa,70126050,1941.6503
2020,San Juan,70,25 de Mayo,70126,Villa Santa Rosa,70126050,571.4898
2020,San Juan,70,25 de Mayo,70126,Algarrobo Verde,70126A00,53.4
2020,San Juan,70,25 de Mayo,70126,Cuatro Esquinas,70126A04,17.1654
2020,San Juan,70,25 de Mayo,70126,Las Casuarinas,70126A06,2135.8324
2020,San Juan,70,25 de Mayo,70126,Punta del Médano,70126A09,104.169
2020,San Juan,70,Zonda,70133,Villa Basilio Nievas,70133010,706.1322
2020,San Juan,70,Zonda,70133,Villa Basilio Nievas,70133010,255.108
2020,San Juan,70,Zonda,70133,Villa Basilio Nievas,70133010,361.662
2020,San Juan,70,Zonda,70133,Villa Basilio Nievas,70133010,57.5
2020,San Juan,70,Zonda,70133,Villa Basilio Nievas,70133010,49.45
2020,San Luis,74,Ayacucho,74007,Candelaria,74007010,10.0799
2020,San Luis,74,Belgrano,74014,Nogolí,74014020,4
2020,San Luis,74,Coronel Pringles,74021,Río Grande,74021080,4.4237
2020,San Luis,74,Junín,74049,Merlo,74049060,1.332
2020,San Luis,74,Junín,74049,Santa Rosa del Conlara,74049070,26.1
2020,San Luis,74,Juan Martín de Pueyrredón,74056,Beazley,74056040,56.934
2020,San Luis,74,Juan Martín de Pueyrredón,74056,San Luis,74056150,4.875
2020,Santa Fe,82,Caseros,82014,Arteaga,82014020,0.3375
2020,Santa Fe,82,La Capital,82063,Laguna Paiva,82063080,0.09
2020,Santa Fe,82,Las Colonias,82070,Humboldt,82070100,0.12
2020,Santiago del Estero,86,Capital,86049,Vuelta de la Barranca,86049120,8.8
2020,Santiago del Estero,86,Robles,86161,Beltrán,86161010,1.7381
2020,Tucumán,90,Tafí del Valle,90098,Amaicha del Valle,90098010,0.95
2020,Tucumán,90,Tafí del Valle,90098,Amaicha del Valle,90098010,16.7751
2020,Tucumán,90,Tafí del Valle,90098,Colalao del Valle,90098020,61.1029
2020,Tucumán,90,Tafí del Valle,90098,El Bañado,90098A12,7.59
2020,Tucumán,90,Tafí del Valle,90098,El Paso,90098A18,30.9692
2020,Tucumán,90,Tafí del Valle,90098,Los Zazos,90098A40,2.36
2020,Tucumán,90,Tafí del Valle,90098,Quilmes,90098A48,0.32
2020,Tucumán,90,Trancas,90112,Villa de Trancas,90112030,4.55
2021,Buenos Aires,06,Avellaneda,06035,Villa Domínico,06035010,2.7365
2021,Buenos Aires,06,Avellaneda,06035,Sarandí,06035010,1.0341
2021,Buenos Aires,06,Balcarce,06063,Balcarce,06063010,12.046
2021,Buenos Aires,06,Benito Juárez,06084,Barker,06084010,0.25
2021,Buenos Aires,06,Berisso,06098,Berisso,06098010,20.3474
2021,Buenos Aires,06,Berisso,06098,Los Talas,06098010,0.0694
2021,Buenos Aires,06,Berisso,06098,Isla Paulino,06098A02,0.435
2021,Buenos Aires,06,Campana,06126,Los Cardales,06126010,2.3714
2021,Buenos Aires,06,Cañuelas,06134,Uribelarrea,06134070,1.3579
2021,Buenos Aires,06,Coronel Dorrego,06189,Coronel Dorrego,06189030,0.015
2021,Buenos Aires,06,Coronel Pringles,06196,Coronel Pringles,06196010,2.2869
2021,Buenos Aires,06,Coronel Suárez,06203,Coronel Suárez,06203020,3.47
2021,Buenos Aires,06,Coronel Suárez,06203,Villa La Arcadia,06203100,16
2021,Buenos Aires,06,Daireaux,06231,Daireaux,06231030,0.726
2021,Buenos Aires,06,General Pueyrredón,06357,Batán,06357070,10.1
2021,Buenos Aires,06,General Pueyrredón,06357,Chapadmalal,06357080,26.5988
2021,Buenos Aires,06,Junín,06413,Junín,06413050,0.2721
2021,Buenos Aires,06,La Costa,06420,Mar del Tuyú,06420040,0.2
2021,Buenos Aires,06,Saavedra,06700,Pigüé,06700060,18
2021,Buenos Aires,06,San Nicolás,06763,San Nicolás de los Arroyos,06763050,0.042
2021,Buenos Aires,06,Tandil,06791,María Ignacia,06791040,5.6985
2021,Buenos Aires,06,Tandil,06791,Tandil,06791050,0.6783
2021,Buenos Aires,06,Tandil,06791,Tandil,06791050,0.6969
2021,Buenos Aires,06,Tornquist,06819,Saldungaray,06819020,9.088
2021,Buenos Aires,06,Tornquist,06819,Villa Ventana,06819070,3
2021,Buenos Aires,06,Villa Gesell,06868,Villa Gesell,06868020,0.3777
2021,Buenos Aires,06,Villarino,06875,Médanos,06875060,24.52
2021,Catamarca,10,Andalgalá,10021,Andalgalá,10021020,3.9125
2021,Catamarca,10,Andalgalá,10021,Andalgalá,10021020,3.22
2021,Catamarca,10,Belén,10035,Belén,10035020,3
2021,Catamarca,10,Belén,10035,Corral Quemado,10035040,3.3
2021,Catamarca,10,Belén,10035,Hualfín,10035070,149.8902
2021,Catamarca,10,Belén,10035,Jacipunco,10035080,1.94
2021,Catamarca,10,Belén,10035,Los Nacimientos,10035120,3.9
2021,Catamarca,10,Belén,10035,Puerta de Corral Quemado,10035130,28.2416
2021,Catamarca,10,Belén,10035,La Ciénaga de Arriba,10035A22,1.5
2021,Catamarca,10,Belén,10035,San Fernando,10035A42,5.75
2021,Catamarca,10,Capayán,10042,Chumbicha,10042040,5.9
2021,Catamarca,10,Capayán,10042,Colonia Nueva Coneta,10042060,2.84
2021,Catamarca,10,Pomán,10084,San Miguel,10084090,17.6
2021,Catamarca,10,Pomán,10084,Saujil,10084100,0.4
2021,Catamarca,10,Pomán,10084,Siján,10084110,19.5708
2021,Catamarca,10,Santa María,10091,Andalhualá,10091010,14.04
2021,Catamarca,10,Santa María,10091,Chañar Punco,10091030,355.2523
2021,Catamarca,10,Santa María,10091,Lampacito,10091030,38.86
2021,Catamarca,10,Santa María,10091,Lampacito,10091030,18.6155
2021,Catamarca,10,Santa María,10091,Famatanca,10091070,5.6256
2021,Catamarca,10,Santa María,10091,Fuerte Quemado,10091080,76.27
2021,Catamarca,10,Santa María,10091,La Loma,10091100,2.283
2021,Catamarca,10,Santa María,10091,Las Mojarras,10091110,25.95
2021,Catamarca,10,Santa María,10091,El Cerrito,10091110,9.982
2021,Catamarca,10,Santa María,10091,Loro Huasi,10091120,1.4775
2021,Catamarca,10,Santa María,10091,Punta de Balasto,10091130,25.25
2021,Catamarca,10,Santa María,10091,San José,10091140,20.9355
2021,Catamarca,10,Santa María,10091,Casa de Piedra,10091140,0.16
2021,Catamarca,10,Santa María,10091,Palo Seco,10091140,0.4
2021,Catamarca,10,Santa María,10091,Santa María,10091150,44.2195
2021,Catamarca,10,Santa María,10091,Santa María,10091150,128.124
2021,Catamarca,10,Santa María,10091,Yapes,10091160,2.6155
2021,Catamarca,10,Santa María,10091,Entre Ríos,10091A08,0.41
2021,Catamarca,10,Tinogasta,10105,Anillaco,10105010,67.7664
2021,Catamarca,10,Tinogasta,10105,Antinaco,10105020,0.8
2021,Catamarca,10,Tinogasta,10105,Copacabana,10105050,263.2607
2021,Catamarca,10,Tinogasta,10105,El Puesto,10105090,122.6473
2021,Catamarca,10,Tinogasta,10105,El Salado,10105100,3.05
2021,Catamarca,10,Tinogasta,10105,Fiambalá,10105110,365.235
2021,Catamarca,10,Tinogasta,10105,Medanitos,10105130,232.1959
2021,Catamarca,10,Tinogasta,10105,Palo Blanco,10105140,20.87
2021,Catamarca,10,Tinogasta,10105,Saujil,10105160,21.555
2021,Catamarca,10,Tinogasta,10105,Tinogasta,10105180,7.75
2021,Catamarca,10,Tinogasta,10105,Tinogasta,10105180,308.3055
2021,Catamarca,10,Tinogasta,10105,Tinogasta,10105180,45.4473
2021,Catamarca,10,Tinogasta,10105,Tinogasta,10105180,111.2438
2021,Catamarca,10,Tinogasta,10105,San José Norte,10105A27,235.9478
2021,Catamarca,10,Valle Viejo,10112,Santa Cruz,10112050,0.8
2021,Córdoba,14,Calamuchita,14007,Los Reartes,14007130,1.01
2021,Córdoba,14,Calamuchita,14007,Río de los Sauces,14007170,1.5284
2021,Córdoba,14,Calamuchita,14007,San Agustín,14007180,4
2021,Córdoba,14,Calamuchita,14007,Villa Ciudad Parque Los Reartes,14007270,10.365
2021,Córdoba,14,Calamuchita,14007,Villa General Belgrano,14007310,1.5036
2021,Córdoba,14,Calamuchita,14007,Villa Yacanto,14007360,1.51
2021,Córdoba,14,Calamuchita,14007,Atos Pampa,14007A01,11.8048
2021,Córdoba,14,Calamuchita,14007,Cañada de Álvarez,14007A05,1.2
2021,Córdoba,14,Colón,14021,Colonia Caroya,14021050,128.5053
2021,Córdoba,14,Colón,14021,Colonia Vicente Agüero,14021070,10.375
2021,Córdoba,14,Cruz del Eje,14028,Cruz del Eje,14028050,20
2021,Córdoba,14,Cruz del Eje,14028,Guanaco Muerto,14028080,2
2021,Córdoba,14,Cruz del Eje,14028,Las Playas,14028130,3.6
2021,Córdoba,14,Cruz del Eje,14028,San Marcos Sierra,14028170,1.09
2021,Córdoba,14,Cruz del Eje,14028,Villa de Soto,14028200,1.25
2021,Córdoba,14,Ischilín,14049,Quilino,14049100,8.9356
2021,Córdoba,14,Ischilín,14049,Ischilín,14049A07,10.05
2021,Córdoba,14,Punilla,14091,Charbonier,14091060,0.2575
2021,Córdoba,14,Punilla,14091,Huerta Grande,14091100,0.6801
2021,Córdoba,14,Punilla,14091,La Falda,14091120,1.46
2021,Córdoba,14,Punilla,14091,Villa Santa Cruz del Lago,14091320,3.5
2021,Córdoba,14,Río Cuarto,14098,Las Higueras,14098170,1.8803
2021,Córdoba,14,San Alberto,14126,Las Calles,14126050,4.566
2021,Córdoba,14,San Alberto,14126,Nono,14126110,2.3
2021,Córdoba,14,San Javier,14133,La Población,14133070,1.2
2021,Córdoba,14,San Javier,14133,Las Chacras,14133095,1.2
2021,Córdoba,14,San Javier,14133,Las Tapias,14133100,1.17
2021,Córdoba,14,San Javier,14133,Luyaba,14133150,3.7
2021,Córdoba,14,San Javier,14133,San Javier y Yacanto,14133170,4.67
2021,Córdoba,14,San Javier,14133,San Javier y Yacanto,14133170,2.55
2021,Córdoba,14,San Javier,14133,San José,14133180,15
2021,Córdoba,14,San Javier,14133,Villa de las Rosas,14133190,1.2058
2021,Córdoba,14,San Javier,14133,Rodeo de Piedra,14133A19,0.1262
2021,Córdoba,14,Santa María,14147,Potrero de Garay,14147230,10.26
2021,Córdoba,14,Tulumba,14175,San Pedro Norte,14175100,4.42
2021,Córdoba,14,Tulumba,14175,Isla de San Antonio,14175A13,0.585
2021,Córdoba,14,Tulumba,14175,Santa Cruz,14175A37,0.3054
2021,Chubut,26,Biedma,26007,Puerto Madryn,26007020,0.1
2021,Chubut,26,Cushamen,26014,El Hoyo,26014040,22.0702
2021,Chubut,26,Cushamen,26014,Gualjaina,26014070,1.59
2021,Chubut,26,Cushamen,26014,Lago Puelo,26014090,1.55
2021,Chubut,26,Escalante,26021,Rada Tilly,26021050,0.1242
2021,Chubut,26,Futaleufú,26035,Trevelín,26035060,11.01
2021,Chubut,26,Gaiman,26042,Gaiman,26042030,2.302
2021,Chubut,26,Languiñeo,26056,Paso del Sapo,26056040,0.123
2021,Chubut,26,Paso de Indios,26070,Los Altares,26070020,2.5
2021,Chubut,26,Rawson,26077,Trelew,26077040,0.79
2021,Chubut,26,Sarmiento,26091,Sarmiento,26091020,50.04
2021,Entre Ríos,30,Colón,30008,Arroyo Barú,30008010,0.8
2021,Entre Ríos,30,Colón,30008,Colón,30008020,6.6417
2021,Entre Ríos,30,Colón,30008,San José,30008090,0.45
2021,Entre Ríos,30,Colón,30008,Ubajay,30008100,0.3159
2021,Entre Ríos,30,Colón,30008,Colonia San Anselmo,30008A13,2.48
2021,Entre Ríos,30,Concordia,30015,Calabacilla,30015010,2.8351
2021,Entre Ríos,30,Concordia,30015,Concordia,30015060,5.5
2021,Entre Ríos,30,Concordia,30015,Estación Yeruá,30015080,6.08
2021,Entre Ríos,30,Concordia,30015,La Criolla,30015090,6.6905
2021,Entre Ríos,30,Diamante,30021,Colonia Ensayo,30021070,2.505
2021,Entre Ríos,30,Diamante,30021,Estación Puiggari,30021150,2
2021,Entre Ríos,30,Diamante,30021,Las Cuevas,30021A08,0.6
2021,Entre Ríos,30,Gualeguaychú,30056,Gualeguaychú,30056070,2.8101
2021,Entre Ríos,30,Gualeguaychú,30056,Urdinarrain,30056110,4
2021,Entre Ríos,30,Nogoyá,30077,Lucas González,30077060,0.25
2021,Entre Ríos,30,Paraná,30084,Aldea María Luisa,30084010,0.11
2021,Entre Ríos,30,Paraná,30084,Crespo,30084070,0.486
2021,Entre Ríos,30,Paraná,30084,La Picada,30084120,0.03
2021,Entre Ríos,30,Paraná,30084,Paraná,30084160,1.0139
2021,Entre Ríos,30,Paraná,30084,Colonia Rivadavia,30084A20,0.75
2021,Entre Ríos,30,Uruguay,30098,Concepción del Uruguay,30098040,1.1183
2021,Entre Ríos,30,Victoria,30105,Antelo,30105010,0.3576
2021,Entre Ríos,30,Victoria,30105,Victoria,30105060,2.5695
2021,Entre Ríos,30,Victoria,30105,Laguna del Pescado,30105A11,7.98
2021,Jujuy,38,El Carmen,38014,Monterrico,38014070,5.7756
2021,Jujuy,38,Dr. Manuel Belgrano,38021,Guerrero,38021010,1.34
2021,Jujuy,38,Humahuaca,38028,Uquía,38028060,4.9774
2021,Jujuy,38,San Antonio,38056,El Ceibal,38056010,1.1304
2021,Jujuy,38,Tilcara,38094,Colonia San José,38094010,3.15
2021,Jujuy,38,Tilcara,38094,Huacalera,38094020,8.19
2021,Jujuy,38,Tilcara,38094,Maimará,38094040,18.5074
2021,Jujuy,38,Tilcara,38094,Tilcara,38094050,2.7761
2021,Jujuy,38,Tumbaya,38098,Purmamarca,38098030,2.2724
2021,Jujuy,38,Tumbaya,38098,Tumbaya,38098040,8
2021,La Pampa,42,Curacó,42042,Gobernador Duval,42042010,9.4
2021,La Pampa,42,Puelén,42112,25 de Mayo,42112020,301.8163
2021,La Pampa,42,Rancul,42126,Caleufú,42126010,0.45
2021,La Pampa,42,Rancul,42126,Pichi Huinca,42126050,1.0752
2021,La Rioja,46,Castro Barros,46021,Aminga,46021010,170.957
2021,La Rioja,46,Castro Barros,46021,Anillaco,46021020,84.974
2021,La Rioja,46,Castro Barros,46021,San Pedro,46021070,2.4913
2021,La Rioja,46,Castro Barros,46021,Agua Blanca,46021A00,0.401
2021,La Rioja,46,General Felipe Varela,46028,Guandacol,46028020,294.8969
2021,La Rioja,46,General Felipe Varela,46028,Santa Clara,46028020,28.7249
2021,La Rioja,46,General Felipe Varela,46028,Los Palacios,46028030,151.0501
2021,La Rioja,46,General Felipe Varela,46028,Pagancillo,46028040,28.5311
2021,La Rioja,46,General Felipe Varela,46028,Banda Florida,46028050,28.9267
2021,La Rioja,46,General Felipe Varela,46028,Villa Unión,46028050,210.367
2021,La Rioja,46,General Felipe Varela,46028,Paso San Isidro,46028A14,4.19
2021,La Rioja,46,General Felipe Varela,46028,Paso San Isidro,46028A14,6.025
2021,La Rioja,46,Chilecito,46042,La Puntilla,46042010,0.011
2021,La Rioja,46,Chilecito,46042,Los Sarmientos,46042010,2.17
2021,La Rioja,46,Chilecito,46042,San Miguel,46042010,3.345
2021,La Rioja,46,Chilecito,46042,Chilecito,46042010,4.05
2021,La Rioja,46,Chilecito,46042,Anguinán,46042010,1135.7858
2021,La Rioja,46,Chilecito,46042,Colonia Catinzaco,46042030,100.735
2021,La Rioja,46,Chilecito,46042,Guanchín,46042060,12
2021,La Rioja,46,Chilecito,46042,Malligasta,46042070,1242.9927
2021,La Rioja,46,Chilecito,46042,Miranda,46042080,2.232
2021,La Rioja,46,Chilecito,46042,Nonogasta,46042090,1135.9257
2021,La Rioja,46,Chilecito,46042,San Nicolás,46042100,83.0802
2021,La Rioja,46,Chilecito,46042,Sañogasta,46042120,44.6424
2021,La Rioja,46,Chilecito,46042,Tilimuqui,46042130,790.6266
2021,La Rioja,46,Chilecito,46042,Vichigasta,46042140,1377.6225
2021,La Rioja,46,Famatina,46049,Angulos,46049020,44.67
2021,La Rioja,46,Famatina,46049,Antinaco,46049030,29.1
2021,La Rioja,46,Famatina,46049,Bajo Carrizal,46049040,0.08
2021,La Rioja,46,Famatina,46049,Campanas,46049050,1.7
2021,La Rioja,46,Famatina,46049,Chañarmuyo,46049060,91.33
2021,La Rioja,46,Famatina,46049,Famatina,46049070,1.475
2021,La Rioja,46,Famatina,46049,Famatina,46049070,13.04
2021,La Rioja,46,Famatina,46049,Famatina,46049070,84.6344
2021,La Rioja,46,Famatina,46049,Pituil,46049090,80.1964
2021,La Rioja,46,Famatina,46049,Plaza Vieja,46049100,24.005
2021,La Rioja,46,General Lamadrid,46077,Villa Castelli,46077010,60.0064
2021,La Rioja,46,General Lamadrid,46077,Villa Castelli,46077010,6.25
2021,La Rioja,46,Vinchina,46098,Villa San José de Vinchina,46098020,50.0946
2021,La Rioja,46,San Blas de Los Sauces,46119,Las Talas,46119010,0.4
2021,La Rioja,46,San Blas de Los Sauces,46119,Alpasinche,46119010,16.3
2021,La Rioja,46,San Blas de Los Sauces,46119,Chaupihuasi,46119010,7.5306
2021,La Rioja,46,San Blas de Los Sauces,46119,San Blas,46119010,6.7
2021,La Rioja,46,San Blas de Los Sauces,46119,Shaqui,46119010,32.4
2021,La Rioja,46,San Blas de Los Sauces,46119,Los Robles,46119010,0.15
2021,La Rioja,46,Sanagasta,46126,Villa Sanagasta,46126010,19.0144
2021,La Rioja,46,Sanagasta,46126,Huaco,46126A02,11
2021,Mendoza,50,General Alvear,50014,Bowen,50014010,1199.4306
2021,Mendoza,50,General Alvear,50014,Bowen,50014010,31.3628
2021,Mendoza,50,General Alvear,50014,Carmensa,50014020,265.41
2021,Mendoza,50,General Alvear,50014,Carmensa,50014020,8.15
2021,Mendoza,50,General Alvear,50014,General Alvear,50014030,197.0175
2021,Mendoza,50,General Alvear,50014,General Alvear,50014030,333.327
2021,Mendoza,50,General Alvear,50014,General Alvear,50014030,243.519
2021,Mendoza,50,General Alvear,50014,General Alvear,50014030,98.45
2021,Mendoza,50,General Alvear,50014,General Alvear,50014030,22.87
2021,Mendoza,50,General Alvear,50014,Los Compartos,50014040,442.0149
2021,Mendoza,50,General Alvear,50014,Colonia San Pedro del Atuel,50014A04,16
2021,Mendoza,50,General Alvear,50014,El Ceibo,50014A08,93.515
2021,Mendoza,50,General Alvear,50014,El Ceibo,50014A08,12.72
2021,Mendoza,50,General Alvear,50014,La California,50014A12,44.944
2021,Mendoza,50,General Alvear,50014,La Escandinava,50014A14,161.9288
2021,Mendoza,50,General Alvear,50014,La Marsolina,50014A16,7.845
2021,Mendoza,50,General Alvear,50014,La Marsolina,50014A16,362.587
2021,Mendoza,50,General Alvear,50014,La Montilla,50014A17,2.5
2021,Mendoza,50,General Alvear,50014,Los Campamentos,50014A19,69.4392
2021,Mendoza,50,General Alvear,50014,Poste de Fierro,50014A24,101.825
2021,Mendoza,50,Godoy Cruz,50021,Gobernador Benegas,50021010,0.677
2021,Mendoza,50,Guaymallén,50028,Colonia Segovia,50028010,108.1315
2021,Mendoza,50,Guaymallén,50028,Buena Nueva,50028020,31.699
2021,Mendoza,50,Guaymallén,50028,Bermejo,50028020,66.7095
2021,Mendoza,50,Guaymallén,50028,Rodeo de la Cruz,50028020,45.2049
2021,Mendoza,50,Guaymallén,50028,Villa Nueva,50028020,20.8225
2021,Mendoza,50,Guaymallén,50028,San Francisco del Monte,50028020,2.0029
2021,Mendoza,50,Guaymallén,50028,Dorrego,50028020,22.7322
2021,Mendoza,50,Guaymallén,50028,El Sauce,50028020,84.8104
2021,Mendoza,50,Guaymallén,50028,La Primavera,50028030,22.3045
2021,Mendoza,50,Guaymallén,50028,La Primavera,50028030,2
2021,Mendoza,50,Guaymallén,50028,La Primavera,50028030,11.5064
2021,Mendoza,50,Guaymallén,50028,Los Corralitos,50028040,99.3069
2021,Mendoza,50,Junín,50035,Ingeniero Giagnoni,50035010,44.1592
2021,Mendoza,50,Junín,50035,Junín,50035020,18.723
2021,Mendoza,50,Junín,50035,Junín,50035020,111.0932
2021,Mendoza,50,Junín,50035,Junín,50035020,12.4112
2021,Mendoza,50,Junín,50035,Junín,50035020,997.074
2021,Mendoza,50,Junín,50035,La Colonia,50035030,756.6413
2021,Mendoza,50,Junín,50035,Los Barriales,50035040,5.1015
2021,Mendoza,50,Junín,50035,Los Barriales,50035040,1502.0891
2021,Mendoza,50,Junín,50035,Los Barriales,50035040,29.396
2021,Mendoza,50,Junín,50035,Medrano,50035050,1806.0652
2021,Mendoza,50,Junín,50035,Medrano,50035050,58.8793
2021,Mendoza,50,Junín,50035,Medrano,50035050,23.965
2021,Mendoza,50,Junín,50035,Phillips,50035060,2061.945
2021,Mendoza,50,Junín,50035,Phillips,50035060,9.39
2021,Mendoza,50,Junín,50035,Rodríguez Peña,50035070,1163.0996
2021,Mendoza,50,Junín,50035,Algarrobo Grande,50035A00,80.119
2021,Mendoza,50,Junín,50035,Algarrobo Grande,50035A00,95.5433
2021,Mendoza,50,Junín,50035,Algarrobo Grande,50035A00,1724.0459
2021,Mendoza,50,Junín,50035,Alto Verde,50035A01,219.6266
2021,Mendoza,50,Junín,50035,Alto Verde,50035A01,782.9518
2021,Mendoza,50,Junín,50035,Tres Esquinas,50035A02,4.788
2021,Mendoza,50,La Paz,50042,La Paz,50042020,56.86
2021,Mendoza,50,La Paz,50042,La Paz,50042020,54.1302
2021,Mendoza,50,La Paz,50042,Villa Antigua,50042030,43.07
2021,Mendoza,50,La Paz,50042,Las Chacritas,50042A07,19.42
2021,Mendoza,50,Las Heras,50049,Jocolí,50049030,86.4433
2021,Mendoza,50,Las Heras,50049,El Algarrobal,50049050,431.7847
2021,Mendoza,50,Las Heras,50049,Las Heras,50049050,25.15
2021,Mendoza,50,Las Heras,50049,El Challao,50049050,13.7
2021,Mendoza,50,Las Heras,50049,El Borbollón,50049050,225.5709
2021,Mendoza,50,Las Heras,50049,Panquehuá,50049050,46.5869
2021,Mendoza,50,Las Heras,50049,El Plumerillo,50049050,33.767
2021,Mendoza,50,Las Heras,50049,Las Heras,50049050,13.6
2021,Mendoza,50,Las Heras,50049,Capdevila,50049050,291.9008
2021,Mendoza,50,Las Heras,50049,Polvaredas,50049080,6
2021,Mendoza,50,Las Heras,50049,Uspallata,50049110,4
2021,Mendoza,50,Las Heras,50049,El Pastal,50049A04,10
2021,Mendoza,50,Las Heras,50049,El Pastal,50049A04,229.3658
2021,Mendoza,50,Lavalle,50056,Barrio Alto del Olvido,50056010,25.0225
2021,Mendoza,50,Lavalle,50056,Barrio La Palmera,50056030,488.654
2021,Mendoza,50,Lavalle,50056,Barrio La Pega,50056040,250.0369
2021,Mendoza,50,Lavalle,50056,Costa de Araujo,50056080,4040.0175
2021,Mendoza,50,Lavalle,50056,Costa de Araujo,50056080,6.3042
2021,Mendoza,50,Lavalle,50056,Costa de Araujo,50056080,3.1231
2021,Mendoza,50,Lavalle,50056,El Paramillo,50056090,521.995
2021,Mendoza,50,Lavalle,50056,El Vergel,50056100,234.0698
2021,Mendoza,50,Lavalle,50056,El Vergel,50056100,7
2021,Mendoza,50,Lavalle,50056,Ingeniero Gustavo André,50056110,2541.1539
2021,Mendoza,50,Lavalle,50056,Jocolí,50056120,1262.0842
2021,Mendoza,50,Lavalle,50056,Jocolí Viejo,50056130,204.8711
2021,Mendoza,50,Lavalle,50056,Las Violetas,50056140,74.5402
2021,Mendoza,50,Lavalle,50056,3 de Mayo,50056150,940.6371
2021,Mendoza,50,Lavalle,50056,3 de Mayo,50056150,105.7316
2021,Mendoza,50,Lavalle,50056,Villa Tulumaya,50056160,38.5908
2021,Mendoza,50,Lavalle,50056,Villa Tulumaya,50056160,461.5896
2021,Mendoza,50,Lavalle,50056,El Carmen,50056A05,104.9586
2021,Mendoza,50,Lavalle,50056,El Chilcal,50056A06,283.0819
2021,Mendoza,50,Lavalle,50056,El Chilcal,50056A06,15.9244
2021,Mendoza,50,Lavalle,50056,El Plumero,50056A09,835.4233
2021,Mendoza,50,Lavalle,50056,El Plumero,50056A09,18.18
2021,Mendoza,50,Lavalle,50056,El Retiro,50056A12,84.54
2021,Mendoza,50,Lavalle,50056,La Asunción,50056A15,37.16
2021,Mendoza,50,Lavalle,50056,La Holanda,50056A17,76.9646
2021,Mendoza,50,Lavalle,50056,Resurrección,50056A23,8.19
2021,Mendoza,50,Lavalle,50056,San Francisco,50056A24,248.2699
2021,Mendoza,50,Lavalle,50056,San José,50056A26,4
2021,Mendoza,50,Lavalle,50056,San José,50056A26,22.5
2021,Mendoza,50,Luján de Cuyo,50063,Agrelo,50063010,5679.1209
2021,Mendoza,50,Luján de Cuyo,50063,El Carrizal,50063050,2589.3408
2021,Mendoza,50,Luján de Cuyo,50063,Las Compuertas,50063070,488.5976
2021,Mendoza,50,Luján de Cuyo,50063,Carrodilla,50063090,93.5209
2021,Mendoza,50,Luján de Cuyo,50063,Vistalba,50063090,398.0215
2021,Mendoza,50,Luján de Cuyo,50063,Luján de Cuyo,50063090,153.8031
2021,Mendoza,50,Luján de Cuyo,50063,Chacras de Coria,50063090,114.363
2021,Mendoza,50,Luján de Cuyo,50063,Mayor Drummond,50063090,341.5329
2021,Mendoza,50,Luján de Cuyo,50063,Perdriel,50063100,1413.4869
2021,Mendoza,50,Luján de Cuyo,50063,Perdriel,50063100,2
2021,Mendoza,50,Luján de Cuyo,50063,Potrerillos,50063110,2.0151
2021,Mendoza,50,Luján de Cuyo,50063,Ugarteche,50063120,4173.3088
2021,Mendoza,50,Luján de Cuyo,50063,Anchoris,50063A01,78.6128
2021,Mendoza,50,Luján de Cuyo,50063,Baños Lunlunta,50063A02,28.6
2021,Mendoza,50,Luján de Cuyo,50063,Industrial,50063A03,11.4
2021,Mendoza,50,Maipú,50070,Barrancas,50070010,2816.9262
2021,Mendoza,50,Maipú,50070,Barrancas,50070010,1.5
2021,Mendoza,50,Maipú,50070,Barrio Jesús de Nazaret,50070020,14.292
2021,Mendoza,50,Maipú,50070,Cruz de Piedra,50070030,581.8953
2021,Mendoza,50,Maipú,50070,Cruz de Piedra,50070030,698.2794
2021,Mendoza,50,Maipú,50070,El Pedregal,50070040,38.3
2021,Mendoza,50,Maipú,50070,Fray Luis Beltrán,50070050,3646.1708
2021,Mendoza,50,Maipú,50070,Fray Luis Beltrán,50070050,170.7109
2021,Mendoza,50,Maipú,50070,Fray Luis Beltrán,50070050,200.5979
2021,Mendoza,50,Maipú,50070,Maipú,50070060,38.703
2021,Mendoza,50,Maipú,50070,General Gutiérrez,50070060,42.5
2021,Mendoza,50,Maipú,50070,Coquimbito,50070060,329.7472
2021,Mendoza,50,Maipú,50070,Rodeo del Medio,50070070,22.052
2021,Mendoza,50,Maipú,50070,Rodeo del Medio,50070070,112.15
2021,Mendoza,50,Maipú,50070,Rodeo del Medio,50070070,2
2021,Mendoza,50,Maipú,50070,Rodeo del Medio,50070070,934.0124
2021,Mendoza,50,Maipú,50070,Russell,50070080,449.6659
2021,Mendoza,50,Maipú,50070,San Roque,50070090,464.1465
2021,Mendoza,50,Maipú,50070,San Roque,50070090,224.3417
2021,Mendoza,50,Maipú,50070,El Paraíso,50070A01,170.05
2021,Mendoza,50,Maipú,50070,Los Álamos,50070A02,75.823
2021,Mendoza,50,Malargüe,50077,Malargüe,50077040,0.12
2021,Mendoza,50,Rivadavia,50084,Andrade,50084010,971.8146
2021,Mendoza,50,Rivadavia,50084,El Mirador,50084040,2137.9079
2021,Mendoza,50,Rivadavia,50084,El Mirador,50084040,67.5136
2021,Mendoza,50,Rivadavia,50084,La Central,50084050,2898.5817
2021,Mendoza,50,Rivadavia,50084,La Libertad,50084080,1045.4541
2021,Mendoza,50,Rivadavia,50084,Los Árboles,50084090,558.3257
2021,Mendoza,50,Rivadavia,50084,Los Campamentos,50084100,4
2021,Mendoza,50,Rivadavia,50084,Los Campamentos,50084100,3814.3228
2021,Mendoza,50,Rivadavia,50084,Medrano,50084110,713.6954
2021,Mendoza,50,Rivadavia,50084,Mundo Nuevo,50084120,115.7186
2021,Mendoza,50,Rivadavia,50084,Reducción de Abajo,50084130,888.8447
2021,Mendoza,50,Rivadavia,50084,Rivadavia,50084140,743.0445
2021,Mendoza,50,Rivadavia,50084,Santa María de Oro,50084150,628.6194
2021,Mendoza,50,San Carlos,50091,Barrio El Cepillo,50091010,520.08
2021,Mendoza,50,San Carlos,50091,Chilecito,50091020,345.4168
2021,Mendoza,50,San Carlos,50091,Eugenio Bustos,50091030,2169.7479
2021,Mendoza,50,San Carlos,50091,La Consulta,50091040,105.89
2021,Mendoza,50,San Carlos,50091,La Consulta,50091040,5032.5259
2021,Mendoza,50,San Carlos,50091,La Consulta,50091040,9
2021,Mendoza,50,San Carlos,50091,Pareditas,50091050,194.5689
2021,Mendoza,50,San Carlos,50091,San Carlos,50091060,379.7744
2021,Mendoza,50,San Carlos,50091,San Carlos,50091060,56.8
2021,Mendoza,50,San Carlos,50091,Casas Viejas,50091A01,53.9264
2021,Mendoza,50,San Carlos,50091,El Capacho,50091A03,20.6
2021,Mendoza,50,San Carlos,50091,Tres Esquinas,50091A17,18.3102
2021,Mendoza,50,San Martín,50098,Alto Verde,50098020,2791.3769
2021,Mendoza,50,San Martín,50098,Chapanay,50098060,4751.5453
2021,Mendoza,50,San Martín,50098,Chivilcoy,50098070,626.8337
2021,Mendoza,50,San Martín,50098,El Espino,50098073,432.5808
2021,Mendoza,50,San Martín,50098,El Ramblón,50098077,1395.0462
2021,Mendoza,50,San Martín,50098,El Ramblón,50098077,763.827
2021,Mendoza,50,San Martín,50098,Montecaseros,50098080,6198.028
2021,Mendoza,50,San Martín,50098,Nueva California,50098090,2247.4489
2021,Mendoza,50,San Martín,50098,San Martín,50098100,540.0925
2021,Mendoza,50,San Martín,50098,Palmira,50098100,1326.6614
2021,Mendoza,50,San Martín,50098,San Martín,50098100,1
2021,Mendoza,50,San Martín,50098,San Martín,50098100,43.8194
2021,Mendoza,50,San Martín,50098,Tres Porteñas,50098110,1706.7146
2021,Mendoza,50,San Martín,50098,Alto Chapanay,50098A00,136.8419
2021,Mendoza,50,San Martín,50098,Alto Salvador,50098A01,1353.7766
2021,Mendoza,50,San Martín,50098,Buen Orden,50098A03,570.8745
2021,Mendoza,50,San Martín,50098,El Central,50098A06,1296.9281
2021,Mendoza,50,San Martín,50098,El Divisadero,50098A07,1269.0588
2021,Mendoza,50,San Martín,50098,Las Chimbas,50098A09,379.3546
2021,Mendoza,50,San Rafael,50105,Barrio Campos El Toledano,50105010,19.2756
2021,Mendoza,50,San Rafael,50105,Capitán Montoya,50105050,28.1924
2021,Mendoza,50,San Rafael,50105,Cuadro Benegas,50105060,810.4617
2021,Mendoza,50,San Rafael,50105,El Tropezón,50105090,11.6553
2021,Mendoza,50,San Rafael,50105,Goudge,50105100,1091.8313
2021,Mendoza,50,San Rafael,50105,Jaime Prats,50105110,575.1896
2021,Mendoza,50,San Rafael,50105,Jaime Prats,50105110,0.72
2021,Mendoza,50,San Rafael,50105,La Llave Nueva,50105120,456.753
2021,Mendoza,50,San Rafael,50105,La Llave Nueva,50105120,74.9036
2021,Mendoza,50,San Rafael,50105,Las Malvinas,50105130,10.06
2021,Mendoza,50,San Rafael,50105,Monte Comán,50105150,173.5366
2021,Mendoza,50,San Rafael,50105,Punta del Agua,50105170,0.318
2021,Mendoza,50,San Rafael,50105,Rama Caída,50105180,663.9625
2021,Mendoza,50,San Rafael,50105,Rama Caída,50105180,21.572
2021,Mendoza,50,San Rafael,50105,Real del Padre,50105190,1489.0545
2021,Mendoza,50,San Rafael,50105,Salto de las Rosas,50105200,46.6233
2021,Mendoza,50,San Rafael,50105,San Rafael,50105210,5.6999
2021,Mendoza,50,San Rafael,50105,San Rafael,50105210,123.8156
2021,Mendoza,50,San Rafael,50105,San Rafael,50105210,6.045
2021,Mendoza,50,San Rafael,50105,Cuadro Nacional,50105210,97.597
2021,Mendoza,50,San Rafael,50105,Cuadro Nacional,50105210,1306.6875
2021,Mendoza,50,San Rafael,50105,San Rafael,50105210,4
2021,Mendoza,50,San Rafael,50105,25 de Mayo,50105220,3
2021,Mendoza,50,San Rafael,50105,25 de Mayo,50105220,37.1255
2021,Mendoza,50,San Rafael,50105,Villa Atuel,50105230,830.6373
2021,Mendoza,50,San Rafael,50105,Villa Atuel,50105230,463.8662
2021,Mendoza,50,San Rafael,50105,Villa Atuel,50105230,25.93
2021,Mendoza,50,San Rafael,50105,Cañada Seca,50105A04,1983.9098
2021,Mendoza,50,San Rafael,50105,Cañada Seca,50105A04,1.0865
2021,Mendoza,50,San Rafael,50105,Colonia Bombal y Tabanera,50105A06,114.7114
2021,Mendoza,50,San Rafael,50105,Colonia Colomer,50105A07,24.6295
2021,Mendoza,50,San Rafael,50105,Colonia El Usillal,50105A08,161.4525
2021,Mendoza,50,San Rafael,50105,Colonia Elena,50105A09,150.4385
2021,Mendoza,50,San Rafael,50105,Colonia Española,50105A10,25.667
2021,Mendoza,50,San Rafael,50105,Colonia Gelman,50105A11,42.5699
2021,Mendoza,50,San Rafael,50105,Colonia Jáuregui,50105A12,9.6
2021,Mendoza,50,San Rafael,50105,Colonia López,50105A13,214.5759
2021,Mendoza,50,San Rafael,50105,El Algarrobal,50105A20,4.42
2021,Mendoza,50,San Rafael,50105,El Cerrito,50105A22,162.8405
2021,Mendoza,50,San Rafael,50105,La Guevarina,50105A32,45.5
2021,Mendoza,50,San Rafael,50105,La Llave Vieja,50105A35,30.6904
2021,Mendoza,50,San Rafael,50105,Las Paredes,50105A44,20.571
2021,Mendoza,50,San Rafael,50105,Las Paredes,50105A44,1163.437
2021,Mendoza,50,San Rafael,50105,Los Claveles,50105A46,51.1401
2021,Mendoza,50,San Rafael,50105,Los Sifones,50105A51,8.865
2021,Mendoza,50,San Rafael,50105,Rincón del Atuel,50105A60,10.416
2021,Mendoza,50,San Rafael,50105,Soitué,50105A64,54.4875
2021,Mendoza,50,Santa Rosa,50112,Barrio 12 de Octubre,50112010,700.2996
2021,Mendoza,50,Santa Rosa,50112,Barrio 12 de Octubre,50112010,770.2959
2021,Mendoza,50,Santa Rosa,50112,Barrio Molina Cabrera,50112030,22.05
2021,Mendoza,50,Santa Rosa,50112,La Dormida,50112040,982.6903
2021,Mendoza,50,Santa Rosa,50112,La Dormida,50112040,173.4579
2021,Mendoza,50,Santa Rosa,50112,Las Catitas,50112050,1371.1779
2021,Mendoza,50,Santa Rosa,50112,Santa Rosa,50112060,739.7498
2021,Mendoza,50,Santa Rosa,50112,Santa Rosa,50112060,126.3022
2021,Mendoza,50,Santa Rosa,50112,Santa Rosa,50112060,2910.2984
2021,Mendoza,50,Santa Rosa,50112,Gobernador Civit,50112A05,35.25
2021,Mendoza,50,Santa Rosa,50112,Los Yoles,50112A10,68.938
2021,Mendoza,50,Tunuyán,50119,Campo Los Andes,50119020,229.5888
2021,Mendoza,50,Tunuyán,50119,Colonia Las Rosas,50119030,42.05
2021,Mendoza,50,Tunuyán,50119,El Manzano,50119040,1.5005
2021,Mendoza,50,Tunuyán,50119,Los Sauces,50119050,1065.0011
2021,Mendoza,50,Tunuyán,50119,Tunuyán,50119060,105.388
2021,Mendoza,50,Tunuyán,50119,Tunuyán,50119060,9.8443
2021,Mendoza,50,Tunuyán,50119,Tunuyán,50119060,733.7675
2021,Mendoza,50,Tunuyán,50119,Vista Flores,50119070,2166.7453
2021,Mendoza,50,Tunuyán,50119,El Totoral,50119A02,661.1507
2021,Mendoza,50,Tunuyán,50119,El Totoral,50119A02,144.624
2021,Mendoza,50,Tunuyán,50119,La Primavera,50119A04,350.2962
2021,Mendoza,50,Tunuyán,50119,Las Pintadas,50119A07,529.8565
2021,Mendoza,50,Tunuyán,50119,Los Árboles,50119A08,73.6563
2021,Mendoza,50,Tunuyán,50119,Los Árboles,50119A08,1921.897
2021,Mendoza,50,Tunuyán,50119,Los Chacales,50119A09,1012.3811
2021,Mendoza,50,Tunuyán,50119,Villa Seca,50119A14,843.3514
2021,Mendoza,50,Tupungato,50126,Cordón del Plata,50126020,1848.5804
2021,Mendoza,50,Tupungato,50126,Cordón del Plata,50126020,551.7325
2021,Mendoza,50,Tupungato,50126,Cordón del Plata,50126020,45.7176
2021,Mendoza,50,Tupungato,50126,El Peral,50126030,754.284
2021,Mendoza,50,Tupungato,50126,El Zampal,50126035,906.0269
2021,Mendoza,50,Tupungato,50126,La Arboleda,50126040,1760.4898
2021,Mendoza,50,Tupungato,50126,San José,50126050,406.1822
2021,Mendoza,50,Tupungato,50126,Tupungato,50126060,3
2021,Mendoza,50,Tupungato,50126,Villa Bastias,50126060,376.2062
2021,Mendoza,50,Tupungato,50126,Tupungato,50126060,491.0042
2021,Mendoza,50,Tupungato,50126,Tupungato,50126060,129.2767
2021,Mendoza,50,Tupungato,50126,Anchoris,50126A01,393.5133
2021,Mendoza,50,Tupungato,50126,Ancón,50126A02,1.392
2021,Mendoza,50,Tupungato,50126,Gualtallary,50126A05,2555.1301
2021,Mendoza,50,Tupungato,50126,Zapata,50126A12,118.245
2021,Misiones,54,Cainguás,54014,Aristóbulo del Valle,54014010,1
2021,Misiones,54,Cainguás,54014,Salto Encantado,54014080,6.8
2021,Misiones,54,Capital,54028,Posadas,54028030,5.719
2021,Misiones,54,Leandro N. Alem,54070,Cerro Azul,54070040,1.25
2021,Misiones,54,Leandro N. Alem,54070,Leandro N. Alem,54070070,1.05
2021,Misiones,54,Leandro N. Alem,54070,Olegario V. Andrade,54070080,1
2021,Misiones,54,25 de Mayo,54119,Alba Posse,54119010,0.95
2021,Neuquén,58,Añelo,58014,Añelo,58014010,122.07
2021,Neuquén,58,Añelo,58014,San Patricio del Chañar,58014020,1470.1356
2021,Neuquén,58,Collón Curá,58028,Piedra del Águila,58028010,4.841
2021,Neuquén,58,Confluencia,58035,Centenario,58035030,1.994
2021,Neuquén,58,Confluencia,58035,Centenario,58035030,8.785
2021,Neuquén,58,Confluencia,58035,Cutral Có,58035040,2.113
2021,Neuquén,58,Confluencia,58035,Mari Menuco,58035060,37.8606
2021,Neuquén,58,Confluencia,58035,Neuquén,58035070,4.2622
2021,Neuquén,58,Confluencia,58035,Neuquén,58035070,1.78
2021,Neuquén,58,Confluencia,58035,Neuquén,58035070,0.333
2021,Neuquén,58,Confluencia,58035,Plottier,58035100,33.818
2021,Neuquén,58,Confluencia,58035,Senillosa,58035110,47.3462
2021,Neuquén,58,Chos Malal,58042,Chos Malal,58042010,5.934
2021,Neuquén,58,Lácar,58056,San Martín de los Andes,58056010,0.6415
2021,Neuquén,58,Ñorquín,58084,Taquimilán,58084050,0.6
2021,Neuquén,58,Pehuenches,58091,Buta Ranquil,58091020,3.05
2021,Neuquén,58,Picún Leufú,58098,Picún Leufú,58098020,21.52
2021,Neuquén,58,Picunches,58105,Bajada del Agrio,58105010,1.2
2021,Río Negro,62,Adolfo Alsina,62007,Guardia Mitre,62007040,1.5722
2021,Río Negro,62,Adolfo Alsina,62007,San Javier,62007080,70.7909
2021,Río Negro,62,Adolfo Alsina,62007,Viedma,62007090,27.82
2021,Río Negro,62,Adolfo Alsina,62007,Cubanea,62007A03,2
2021,Río Negro,62,Avellaneda,62014,Chelforó,62014020,2
2021,Río Negro,62,Avellaneda,62014,Chimpay,62014030,0.69
2021,Río Negro,62,Avellaneda,62014,Choele Choel,62014040,7.2
2021,Río Negro,62,Avellaneda,62014,Darwin,62014060,36.465
2021,Río Negro,62,Avellaneda,62014,Lamarque,62014070,2.25
2021,Río Negro,62,Avellaneda,62014,Luis Beltrán,62014080,92.102
2021,Río Negro,62,Avellaneda,62014,Pomona,62014090,65.0565
2021,Río Negro,62,Bariloche,62021,El Bolsón,62021030,0.958
2021,Río Negro,62,Conesa,62028,Barrio Colonia Conesa,62028010,6
2021,Río Negro,62,Conesa,62028,Barrio Colonia Conesa,62028010,2.616
2021,Río Negro,62,Conesa,62028,General Conesa,62028020,15.515
2021,Río Negro,62,Conesa,62028,Colonia San Juan,62028A02,12.2725
2021,Río Negro,62,El Cuy,62035,El Cuy,62035030,28.8
2021,Río Negro,62,El Cuy,62035,Valle Azul,62035080,31.095
2021,Río Negro,62,General Roca,62042,Allen,62042010,169.8
2021,Río Negro,62,General Roca,62042,Barda del Medio,62042030,15.296
2021,Río Negro,62,General Roca,62042,Barrio Guerrico,62042160,8.6013
2021,Río Negro,62,General Roca,62042,Barrio Pinar,62042297,27
2021,Río Negro,62,General Roca,62042,Catriel,62042360,1.5
2021,Río Negro,62,General Roca,62042,Catriel,62042360,4.506
2021,Río Negro,62,General Roca,62042,Cervantes,62042370,25.3466
2021,Río Negro,62,General Roca,62042,Chichinales,62042380,10.05
2021,Río Negro,62,General Roca,62042,Cinco Saltos,62042390,7.151
2021,Río Negro,62,General Roca,62042,Cipolletti,62042400,74.6829
2021,Río Negro,62,General Roca,62042,Contralmirante Cordero,62042410,3
2021,Río Negro,62,General Roca,62042,Ferri,62042420,4.621
2021,Río Negro,62,General Roca,62042,General Enrique Godoy,62042430,23.37
2021,Río Negro,62,General Roca,62042,General Fernández Oro,62042440,36.3418
2021,Río Negro,62,General Roca,62042,General Roca,62042450,0.88
2021,Río Negro,62,General Roca,62042,General Roca,62042450,21.0414
2021,Río Negro,62,General Roca,62042,General Roca,62042450,156.1765
2021,Río Negro,62,General Roca,62042,Ingeniero Luis A. Huergo,62042460,112.403
2021,Río Negro,62,General Roca,62042,Mainqué,62042480,352.9259
2021,Río Negro,62,General Roca,62042,Villa Alberdi,62042530,0.6426
2021,Río Negro,62,General Roca,62042,Villa Manzano,62042550,23.5089
2021,Río Negro,62,General Roca,62042,Villa Regina,62042560,5.4498
2021,Río Negro,62,Pichi Mahuida,62063,Río Colorado,62063020,61.4896
2021,Salta,66,Cachi,66014,Cachi,66014010,38.6142
2021,Salta,66,Cachi,66014,Payogasta,66014020,60.475
2021,Salta,66,Cachi,66014,La Paya,66014A07,0.38
2021,Salta,66,Cafayate,66021,Cafayate,66021010,72.5737
2021,Salta,66,Cafayate,66021,Cafayate,66021010,1953.1294
2021,Salta,66,Cafayate,66021,Cafayate,66021010,82.665
2021,Salta,66,Cafayate,66021,Cafayate,66021010,1.69
2021,Salta,66,Cafayate,66021,Tolombón,66021020,516.9932
2021,Salta,66,Cafayate,66021,Chuscha,66021A01,3.05
2021,Salta,66,Cafayate,66021,Las Conchas,66021A04,12.4
2021,Salta,66,Cafayate,66021,Yacochuya Norte,66021A05,79.63
2021,Salta,66,La Viña,66098,Cabra Corral,66098020,3.11
2021,Salta,66,La Viña,66098,Las Curtiembres,66098A08,5.03
2021,Salta,66,Molinos,66119,Molinos,66119020,45.6687
2021,Salta,66,Molinos,66119,Seclantás,66119030,3.56
2021,Salta,66,Molinos,66119,Colomé,66119A06,6.55
2021,Salta,66,Molinos,66119,Colomé,66119A06,70.8
2021,Salta,66,Molinos,66119,Luracatao,66119A10,3.7
2021,Salta,66,San Carlos,66154,Angastaco,66154010,128.9535
2021,Salta,66,San Carlos,66154,Animaná,66154020,415.7674
2021,Salta,66,San Carlos,66154,El Barrial,66154030,0.43
2021,Salta,66,San Carlos,66154,San Carlos,66154040,35.07
2021,Salta,66,San Carlos,66154,San Carlos,66154040,26
2021,Salta,66,San Carlos,66154,Corralito,66154A01,25.9257
2021,Salta,66,San Carlos,66154,Payogastilla,66154A17,1.642
2021,Salta,66,San Carlos,66154,San Lucas,66154A24,3.3
2021,Salta,66,San Carlos,66154,Santa Rosa,66154A26,11.355
2021,San Juan,70,Albardón,70007,El Rincón,70007010,894.3791
2021,San Juan,70,Albardón,70007,El Rincón,70007010,101.849
2021,San Juan,70,Albardón,70007,Villa General San Martín - Campo Afuera,70007020,2.45
2021,San Juan,70,Albardón,70007,Villa General San Martín - Campo Afuera,70007020,112.3318
2021,San Juan,70,Albardón,70007,Villa General San Martín - Campo Afuera,70007020,14.2505
2021,San Juan,70,Albardón,70007,Villa General San Martín - Campo Afuera,70007020,3.15
2021,San Juan,70,Albardón,70007,Villa General San Martín - Campo Afuera,70007020,21.2249
2021,San Juan,70,Albardón,70007,Villa General San Martín - Campo Afuera,70007020,188.2824
2021,San Juan,70,Albardón,70007,Villa General San Martín - Campo Afuera,70007020,97.1534
2021,San Juan,70,Albardón,70007,Baños La Laja,70007A02,0.5802
2021,San Juan,70,Albardón,70007,Baños La Laja,70007A02,8.0226
2021,San Juan,70,Albardón,70007,El Salado,70007A03,62.155
2021,San Juan,70,Albardón,70007,Las Tapias,70007A04,140.1658
2021,San Juan,70,Albardón,70007,Las Tapias,70007A04,15.2
2021,San Juan,70,Angaco,70014,Las Tapias,70014010,16.1746
2021,San Juan,70,Angaco,70014,Las Tapias,70014010,314.8651
2021,San Juan,70,Angaco,70014,Villa El Salvador,70014020,611.0506
2021,San Juan,70,Angaco,70014,Villa Sefair,70014020,246.6927
2021,San Juan,70,Angaco,70014,Villa El Salvador,70014020,119.0733
2021,San Juan,70,Angaco,70014,Villa El Salvador,70014020,94.7411
2021,San Juan,70,Angaco,70014,El Alamito,70014A01,42.2892
2021,San Juan,70,Angaco,70014,El Bosque,70014A02,303.328
2021,San Juan,70,Angaco,70014,Punta del Monte,70014A05,393.0465
2021,San Juan,70,Calingasta,70021,Barreal - Villa Pituil,70021010,22.2189
2021,San Juan,70,Calingasta,70021,Calingasta,70021020,2.9
2021,San Juan,70,Calingasta,70021,Tamberías,70021030,53.52
2021,San Juan,70,Calingasta,70021,Hilario,70021A10,11.569
2021,San Juan,70,Calingasta,70021,Puchuzún,70021A28,13.7
2021,San Juan,70,Calingasta,70021,Sorocayense,70021A30,84.199
2021,San Juan,70,Calingasta,70021,Villa Corral,70021A31,20.04
2021,San Juan,70,Caucete,70035,Caucete,70035020,2693.1048
2021,San Juan,70,Caucete,70035,Caucete,70035020,0.4395
2021,San Juan,70,Caucete,70035,Caucete,70035020,0.3
2021,San Juan,70,Caucete,70035,Caucete,70035020,2.3328
2021,San Juan,70,Caucete,70035,Caucete,70035020,10.4457
2021,San Juan,70,Caucete,70035,Caucete,70035020,27.892
2021,San Juan,70,Caucete,70035,Caucete,70035020,9.515
2021,San Juan,70,Caucete,70035,El Rincón,70035030,683.9106
2021,San Juan,70,Caucete,70035,Las Talas - Los Médanos,70035040,284.8591
2021,San Juan,70,Caucete,70035,Marayes,70035050,2.452
2021,San Juan,70,Caucete,70035,Pie de Palo,70035060,126.2969
2021,San Juan,70,Caucete,70035,Villa Independencia,70035080,545.2494
2021,San Juan,70,Caucete,70035,La Puntilla,70035A02,1154.3453
2021,San Juan,70,Caucete,70035,Pozo de los Algarrobos,70035A07,1668.5035
2021,San Juan,70,Chimbas,70042,Chimbas,70042010,164.7398
2021,San Juan,70,Chimbas,70042,Chimbas,70042010,625.9511
2021,San Juan,70,Iglesia,70049,Angualasto,70049010,2.5875
2021,San Juan,70,Iglesia,70049,Las Flores,70049040,2.1723
2021,San Juan,70,9 de Julio,70063,Alto de Sierra,70063010,51.5438
2021,San Juan,70,9 de Julio,70063,Las Chacritas,70063030,565.4355
2021,San Juan,70,9 de Julio,70063,Las Chacritas,70063030,5.3294
2021,San Juan,70,9 de Julio,70063,Las Chacritas,70063030,43.5014
2021,San Juan,70,9 de Julio,70063,9 de Julio,70063040,1915.016
2021,San Juan,70,9 de Julio,70063,La Majadita,70063A00,381.6292
2021,San Juan,70,9 de Julio,70063,Rincón Cercado,70063A02,136.8127
2021,San Juan,70,Pocito,70070,Carpintería,70070020,1879.4499
2021,San Juan,70,Pocito,70070,Las Piedritas,70070025,5.47
2021,San Juan,70,Pocito,70070,Quinto Cuartel,70070030,51.59
2021,San Juan,70,Pocito,70070,Villa Aberastain,70070040,18.96
2021,San Juan,70,Pocito,70070,Villa Aberastain,70070040,155.3873
2021,San Juan,70,Pocito,70070,La Rinconada,70070040,633.6414
2021,San Juan,70,Pocito,70070,Villa Aberastain,70070040,729.3048
2021,San Juan,70,Pocito,70070,Villa Nacusi,70070050,8.01
2021,San Juan,70,Pocito,70070,Villa Nacusi,70070050,36.7165
2021,San Juan,70,Pocito,70070,Villa Nacusi,70070050,2
2021,San Juan,70,Rawson,70077,Rawson,70077010,30.7026
2021,San Juan,70,Rawson,70077,Rawson,70077010,3.97
2021,San Juan,70,Rawson,70077,Rawson,70077010,672.3333
2021,San Juan,70,Rawson,70077,El Medanito,70077010,158.5064
2021,San Juan,70,Rawson,70077,Rawson,70077010,30.6611
2021,San Juan,70,Rawson,70077,Colonia Médano de Oro,70077A00,549.8483
2021,San Juan,70,Rawson,70077,Colonia Rodas,70077A02,43.3535
2021,San Juan,70,Rawson,70077,Colonia Rodas,70077A02,222.534
2021,San Juan,70,Rivadavia,70084,Rivadavia,70084010,84.832
2021,San Juan,70,Rivadavia,70084,Rivadavia,70084010,75.8407
2021,San Juan,70,Rivadavia,70084,Rivadavia,70084010,69.0475
2021,San Juan,70,San Martín,70091,Dos Acequias,70091020,863.639
2021,San Juan,70,San Martín,70091,San Isidro,70091030,635.7893
2021,San Juan,70,San Martín,70091,Villa Dominguito,70091050,34.07
2021,San Juan,70,San Martín,70091,Villa San Martín,70091070,943.8965
2021,San Juan,70,San Martín,70091,Villa San Martín,70091070,5.51
2021,San Juan,70,San Martín,70091,Coll,70091A00,5.45
2021,San Juan,70,San Martín,70091,Los Compartos,70091A01,878.2218
2021,San Juan,70,San Martín,70091,Los Compartos,70091A01,125.244
2021,San Juan,70,San Martín,70091,Los Compartos,70091A01,55.6665
2021,San Juan,70,San Martín,70091,Villa Lugano,70091A02,38.2
2021,San Juan,70,San Martín,70091,Villa Lugano,70091A02,31.5741
2021,San Juan,70,Santa Lucía,70098,Santa Lucía,70098010,38.212
2021,San Juan,70,Santa Lucía,70098,Colonia Gutiérrez,70098010,80.8619
2021,San Juan,70,Santa Lucía,70098,Colonia Gutiérrez,70098010,22.4548
2021,San Juan,70,Santa Lucía,70098,Santa Lucía,70098010,37.662
2021,San Juan,70,Santa Lucía,70098,Santa Lucía,70098010,75.366
2021,San Juan,70,Santa Lucía,70098,Santa Lucía,70098010,50.766
2021,San Juan,70,Santa Lucía,70098,Colonia Gutiérrez,70098010,366.636
2021,San Juan,70,Santa Lucía,70098,Santa Lucía,70098010,355.9222
2021,San Juan,70,Sarmiento,70105,Cañada Honda,70105010,637.9363
2021,San Juan,70,Sarmiento,70105,Colonia Fiscal,70105030,949.9369
2021,San Juan,70,Sarmiento,70105,Guanacache,70105050,21.15
2021,San Juan,70,Sarmiento,70105,Las Lagunas,70105060,567.0636
2021,San Juan,70,Sarmiento,70105,Los Berros,70105070,23.1867
2021,San Juan,70,Sarmiento,70105,Los Berros,70105070,6.4366
2021,San Juan,70,Sarmiento,70105,Pedernal,70105080,762.68
2021,San Juan,70,Sarmiento,70105,Punta del Médano,70105090,193.2004
2021,San Juan,70,Sarmiento,70105,Villa Media Agua,70105100,336.0178
2021,San Juan,70,Sarmiento,70105,Villa Media Agua,70105100,1331.0331
2021,San Juan,70,Sarmiento,70105,Cochagual,70105A01,2169.2121
2021,San Juan,70,Sarmiento,70105,San Carlos,70105A07,225.39
2021,San Juan,70,Sarmiento,70105,Tres Esquinas,70105A08,376.4166
2021,San Juan,70,Ullum,70112,Villa Ibáñez,70112010,1375.1221
2021,San Juan,70,Valle Fértil,70119,Balde del Rosario,70119020,0.477
2021,San Juan,70,25 de Mayo,70126,Tupelí,70126020,173.168
2021,San Juan,70,25 de Mayo,70126,Tupelí,70126020,294.6126
2021,San Juan,70,25 de Mayo,70126,Villa Borjas - La Chimbera,70126030,1127.709
2021,San Juan,70,25 de Mayo,70126,Villa Santa Rosa,70126050,572.9898
2021,San Juan,70,25 de Mayo,70126,Villa Santa Rosa,70126050,102.3548
2021,San Juan,70,25 de Mayo,70126,Villa Santa Rosa,70126050,163.8165
2021,San Juan,70,25 de Mayo,70126,Villa Santa Rosa,70126050,1915.7101
2021,San Juan,70,25 de Mayo,70126,Villa Santa Rosa,70126050,1449.5268
2021,San Juan,70,25 de Mayo,70126,Algarrobo Verde,70126A00,53.4
2021,San Juan,70,25 de Mayo,70126,Cuatro Esquinas,70126A04,17.1654
2021,San Juan,70,25 de Mayo,70126,Las Casuarinas,70126A06,2076.3326
2021,San Juan,70,25 de Mayo,70126,Punta del Médano,70126A09,104.169
2021,San Juan,70,Zonda,70133,Villa Basilio Nievas,70133010,350.199
2021,San Juan,70,Zonda,70133,Villa Basilio Nievas,70133010,647.2776
2021,San Juan,70,Zonda,70133,Villa Basilio Nievas,70133010,57.5
2021,San Juan,70,Zonda,70133,Villa Basilio Nievas,70133010,241.647
2021,San Juan,70,Zonda,70133,Villa Basilio Nievas,70133010,49.45
2021,San Luis,74,Ayacucho,74007,Candelaria,74007010,10.0799
2021,San Luis,74,Belgrano,74014,Nogolí,74014020,4
2021,San Luis,74,Coronel Pringles,74021,Río Grande,74021080,4.4237
2021,San Luis,74,Junín,74049,Merlo,74049060,1.332
2021,San Luis,74,Junín,74049,Santa Rosa del Conlara,74049070,26.1
2021,San Luis,74,Juan Martín de Pueyrredón,74056,Beazley,74056040,56.934
2021,San Luis,74,Juan Martín de Pueyrredón,74056,San Luis,74056150,4.495
2021,Santa Fe,82,Caseros,82014,Arteaga,82014020,0.3375
2021,Santa Fe,82,La Capital,82063,Laguna Paiva,82063080,0.09
2021,Santa Fe,82,Las Colonias,82070,Humboldt,82070100,0.12
2021,Santa Fe,82,Rosario,82084,Soldini,82084280,0.174
2021,Santiago del Estero,86,Capital,86049,Vuelta de la Barranca,86049120,8.8
2021,Santiago del Estero,86,Robles,86161,Beltrán,86161010,1.7381
2021,Tucumán,90,Tafí del Valle,90098,Amaicha del Valle,90098010,0.95
2021,Tucumán,90,Tafí del Valle,90098,Amaicha del Valle,90098010,16.7751
2021,Tucumán,90,Tafí del Valle,90098,Colalao del Valle,90098020,63.8611
2021,Tucumán,90,Tafí del Valle,90098,El Bañado,90098A12,7.59
2021,Tucumán,90,Tafí del Valle,90098,El Paso,90098A18,30.9692
2021,Tucumán,90,Tafí del Valle,90098,Los Zazos,90098A40,2.36
2021,Tucumán,90,Tafí del Valle,90098,Quilmes,90098A48,0.32
2021,Tucumán,90,Trancas,90112,Villa de Trancas,90112030,4.55
2022,Buenos Aires,06,Avellaneda,06035,Villa Domínico,06035010,2.7365
2022,Buenos Aires,06,Avellaneda,06035,Sarandí,06035010,1.0341
2022,Buenos Aires,06,Balcarce,06063,Balcarce,06063010,12.046
2022,Buenos Aires,06,Benito Juárez,06084,Barker,06084010,0.25
2022,Buenos Aires,06,Berisso,06098,Berisso,06098010,20.3474
2022,Buenos Aires,06,Berisso,06098,Los Talas,06098010,0.0694
2022,Buenos Aires,06,Berisso,06098,Isla Paulino,06098A02,0.435
2022,Buenos Aires,06,Campana,06126,Los Cardales,06126010,2.3714
2022,Buenos Aires,06,Cañuelas,06134,Uribelarrea,06134070,1.3579
2022,Buenos Aires,06,Coronel Dorrego,06189,Coronel Dorrego,06189030,0.015
2022,Buenos Aires,06,Coronel Pringles,06196,Coronel Pringles,06196010,2.2869
2022,Buenos Aires,06,Coronel Suárez,06203,Coronel Suárez,06203020,3.47
2022,Buenos Aires,06,Coronel Suárez,06203,Villa La Arcadia,06203100,16
2022,Buenos Aires,06,Daireaux,06231,Daireaux,06231030,0.726
2022,Buenos Aires,06,General Juan Madariaga,06315,Macedo,06315A13,0.9
2022,Buenos Aires,06,General Pueyrredón,06357,Batán,06357070,10.1
2022,Buenos Aires,06,General Pueyrredón,06357,Chapadmalal,06357080,26.5988
2022,Buenos Aires,06,Junín,06413,Junín,06413050,0.2721
2022,Buenos Aires,06,La Costa,06420,Mar del Tuyú,06420040,0.2
2022,Buenos Aires,06,Saavedra,06700,Pigüé,06700060,18
2022,Buenos Aires,06,San Nicolás,06763,San Nicolás de los Arroyos,06763050,0.042
2022,Buenos Aires,06,Tandil,06791,María Ignacia,06791040,5.6985
2022,Buenos Aires,06,Tandil,06791,Tandil,06791050,0.6969
2022,Buenos Aires,06,Tandil,06791,Tandil,06791050,2.1783
2022,Buenos Aires,06,Tornquist,06819,Saldungaray,06819020,9.088
2022,Buenos Aires,06,Tornquist,06819,Villa Ventana,06819070,3
2022,Buenos Aires,06,Villa Gesell,06868,Villa Gesell,06868020,0.3777
2022,Buenos Aires,06,Villarino,06875,Médanos,06875060,24.52
2022,Catamarca,10,Andalgalá,10021,Andalgalá,10021020,3.9125
2022,Catamarca,10,Andalgalá,10021,Andalgalá,10021020,3.22
2022,Catamarca,10,Belén,10035,Belén,10035020,3
2022,Catamarca,10,Belén,10035,Corral Quemado,10035040,3.3
2022,Catamarca,10,Belén,10035,Hualfín,10035070,149.8902
2022,Catamarca,10,Belén,10035,Jacipunco,10035080,1.94
2022,Catamarca,10,Belén,10035,Los Nacimientos,10035120,3.9
2022,Catamarca,10,Belén,10035,Puerta de Corral Quemado,10035130,28.2416
2022,Catamarca,10,Belén,10035,La Ciénaga de Arriba,10035A22,1.5
2022,Catamarca,10,Belén,10035,San Fernando,10035A42,5.75
2022,Catamarca,10,Capayán,10042,Chumbicha,10042040,5.9
2022,Catamarca,10,Capayán,10042,Colonia Nueva Coneta,10042060,2.84
2022,Catamarca,10,Pomán,10084,San Miguel,10084090,17.6
2022,Catamarca,10,Pomán,10084,Saujil,10084100,0.4
2022,Catamarca,10,Pomán,10084,Siján,10084110,19.5708
2022,Catamarca,10,Santa María,10091,Andalhualá,10091010,13.2417
2022,Catamarca,10,Santa María,10091,Lampacito,10091030,18.6155
2022,Catamarca,10,Santa María,10091,Lampacito,10091030,39.73
2022,Catamarca,10,Santa María,10091,Chañar Punco,10091030,356.8523
2022,Catamarca,10,Santa María,10091,Famatanca,10091070,5.6256
2022,Catamarca,10,Santa María,10091,Fuerte Quemado,10091080,76.27
2022,Catamarca,10,Santa María,10091,La Loma,10091100,2.283
2022,Catamarca,10,Santa María,10091,El Cerrito,10091110,9.982
2022,Catamarca,10,Santa María,10091,Las Mojarras,10091110,25.95
2022,Catamarca,10,Santa María,10091,Loro Huasi,10091120,1.4775
2022,Catamarca,10,Santa María,10091,Punta de Balasto,10091130,25.25
2022,Catamarca,10,Santa María,10091,Palo Seco,10091140,0.4
2022,Catamarca,10,Santa María,10091,San José,10091140,20.9355
2022,Catamarca,10,Santa María,10091,Casa de Piedra,10091140,0.16
2022,Catamarca,10,Santa María,10091,Santa María,10091150,44.2195
2022,Catamarca,10,Santa María,10091,Santa María,10091150,128.124
2022,Catamarca,10,Santa María,10091,Yapes,10091160,2.6155
2022,Catamarca,10,Santa María,10091,Entre Ríos,10091A08,0.41
2022,Catamarca,10,Tinogasta,10105,Anillaco,10105010,71.2264
2022,Catamarca,10,Tinogasta,10105,Antinaco,10105020,0.8
2022,Catamarca,10,Tinogasta,10105,Copacabana,10105050,263.2607
2022,Catamarca,10,Tinogasta,10105,El Puesto,10105090,122.6473
2022,Catamarca,10,Tinogasta,10105,El Salado,10105100,3.05
2022,Catamarca,10,Tinogasta,10105,Fiambalá,10105110,366.078
2022,Catamarca,10,Tinogasta,10105,Medanitos,10105130,233.6959
2022,Catamarca,10,Tinogasta,10105,Palo Blanco,10105140,20.87
2022,Catamarca,10,Tinogasta,10105,Saujil,10105160,21.555
2022,Catamarca,10,Tinogasta,10105,Tinogasta,10105180,7.75
2022,Catamarca,10,Tinogasta,10105,Tinogasta,10105180,111.2438
2022,Catamarca,10,Tinogasta,10105,Tinogasta,10105180,45.4473
2022,Catamarca,10,Tinogasta,10105,Tinogasta,10105180,267.6161
2022,Catamarca,10,Tinogasta,10105,San José Norte,10105A27,235.9478
2022,Catamarca,10,Valle Viejo,10112,Santa Cruz,10112050,0.8
2022,Córdoba,14,Calamuchita,14007,Los Reartes,14007130,1.01
2022,Córdoba,14,Calamuchita,14007,Río de los Sauces,14007170,1.5284
2022,Córdoba,14,Calamuchita,14007,San Agustín,14007180,4
2022,Córdoba,14,Calamuchita,14007,Villa Ciudad Parque Los Reartes,14007270,10.365
2022,Córdoba,14,Calamuchita,14007,Villa General Belgrano,14007310,1.5036
2022,Córdoba,14,Calamuchita,14007,Villa Yacanto,14007360,1.51
2022,Córdoba,14,Calamuchita,14007,Atos Pampa,14007A01,11.8048
2022,Córdoba,14,Calamuchita,14007,Cañada de Álvarez,14007A05,1.2
2022,Córdoba,14,Colón,14021,Colonia Caroya,14021050,105.2431
2022,Córdoba,14,Colón,14021,Colonia Vicente Agüero,14021070,6.2275
2022,Córdoba,14,Cruz del Eje,14028,Cruz del Eje,14028050,7
2022,Córdoba,14,Cruz del Eje,14028,Las Playas,14028130,3.6
2022,Córdoba,14,Cruz del Eje,14028,San Marcos Sierra,14028170,1.09
2022,Córdoba,14,Cruz del Eje,14028,Villa de Soto,14028200,1.25
2022,Córdoba,14,Ischilín,14049,Quilino,14049100,8.9356
2022,Córdoba,14,Ischilín,14049,Ischilín,14049A07,10.05
2022,Córdoba,14,Punilla,14091,Charbonier,14091060,0.2575
2022,Córdoba,14,Punilla,14091,Huerta Grande,14091100,0.6801
2022,Córdoba,14,Punilla,14091,La Falda,14091120,1.46
2022,Córdoba,14,Río Cuarto,14098,Las Higueras,14098170,1.8803
2022,Córdoba,14,San Alberto,14126,Las Calles,14126050,4.566
2022,Córdoba,14,San Alberto,14126,Nono,14126110,0.55
2022,Córdoba,14,San Javier,14133,La Población,14133070,1.2
2022,Córdoba,14,San Javier,14133,Las Chacras,14133095,1.2
2022,Córdoba,14,San Javier,14133,Las Tapias,14133100,1.17
2022,Córdoba,14,San Javier,14133,Luyaba,14133150,3.7
2022,Córdoba,14,San Javier,14133,San Javier y Yacanto,14133170,2.55
2022,Córdoba,14,San Javier,14133,San Javier y Yacanto,14133170,4.67
2022,Córdoba,14,San Javier,14133,San José,14133180,15
2022,Córdoba,14,San Javier,14133,Villa de las Rosas,14133190,1.2058
2022,Córdoba,14,San Javier,14133,Rodeo de Piedra,14133A19,0.1262
2022,Córdoba,14,Santa María,14147,Potrero de Garay,14147230,10.26
2022,Córdoba,14,Santa María,14147,Valle de Anisacate,14147300,13
2022,Córdoba,14,Tulumba,14175,San Pedro Norte,14175100,4.42
2022,Córdoba,14,Tulumba,14175,Isla de San Antonio,14175A13,0.585
2022,Córdoba,14,Tulumba,14175,Santa Cruz,14175A37,0.3054
2022,Chubut,26,Biedma,26007,Puerto Madryn,26007020,0.16
2022,Chubut,26,Cushamen,26014,El Hoyo,26014040,22.2681
2022,Chubut,26,Cushamen,26014,Gualjaina,26014070,1.59
2022,Chubut,26,Cushamen,26014,Lago Puelo,26014090,1.61
2022,Chubut,26,Escalante,26021,Rada Tilly,26021050,0.1362
2022,Chubut,26,Futaleufú,26035,Trevelín,26035060,11.01
2022,Chubut,26,Gaiman,26042,Gaiman,26042030,4.202
2022,Chubut,26,Languiñeo,26056,Paso del Sapo,26056040,0.123
2022,Chubut,26,Paso de Indios,26070,Los Altares,26070020,2.5
2022,Chubut,26,Rawson,26077,Trelew,26077040,1.2018
2022,Chubut,26,Sarmiento,26091,Sarmiento,26091020,50.04
2022,Entre Ríos,30,Colón,30008,Arroyo Barú,30008010,0.8
2022,Entre Ríos,30,Colón,30008,Colón,30008020,6.7047
2022,Entre Ríos,30,Colón,30008,San José,30008090,0.45
2022,Entre Ríos,30,Colón,30008,Ubajay,30008100,1.6959
2022,Entre Ríos,30,Colón,30008,Colonia San Anselmo,30008A13,2.48
2022,Entre Ríos,30,Concordia,30015,Calabacilla,30015010,2.8351
2022,Entre Ríos,30,Concordia,30015,Concordia,30015060,5.5
2022,Entre Ríos,30,Concordia,30015,La Criolla,30015090,6.6905
2022,Entre Ríos,30,Diamante,30021,Colonia Ensayo,30021070,2.505
2022,Entre Ríos,30,Diamante,30021,Estación Puiggari,30021150,2
2022,Entre Ríos,30,Diamante,30021,Las Cuevas,30021A08,0.6
2022,Entre Ríos,30,Gualeguaychú,30056,Gualeguaychú,30056070,3.3101
2022,Entre Ríos,30,Gualeguaychú,30056,Urdinarrain,30056110,3.5
2022,Entre Ríos,30,La Paz,30070,La Paz,30070040,2.213
2022,Entre Ríos,30,La Paz,30070,Santa Elena,30070080,0.136
2022,Entre Ríos,30,Nogoyá,30077,Lucas González,30077060,0.25
2022,Entre Ríos,30,Paraná,30084,Aldea María Luisa,30084010,0.11
2022,Entre Ríos,30,Paraná,30084,Crespo,30084070,0.486
2022,Entre Ríos,30,Paraná,30084,La Picada,30084120,0.03
2022,Entre Ríos,30,Paraná,30084,Paraná,30084160,1.0139
2022,Entre Ríos,30,Paraná,30084,Colonia Rivadavia,30084A20,0.75
2022,Entre Ríos,30,Uruguay,30098,Concepción del Uruguay,30098040,1.1183
2022,Entre Ríos,30,Victoria,30105,Antelo,30105010,0.6516
2022,Entre Ríos,30,Victoria,30105,Victoria,30105060,3.2735
2022,Entre Ríos,30,Victoria,30105,Laguna del Pescado,30105A11,8.22
2022,Jujuy,38,El Carmen,38014,Barrio El Milagro,38014020,1.8793
2022,Jujuy,38,El Carmen,38014,Monterrico,38014070,8.4941
2022,Jujuy,38,Dr. Manuel Belgrano,38021,Guerrero,38021010,1.34
2022,Jujuy,38,Humahuaca,38028,Uquía,38028060,4.9774
2022,Jujuy,38,San Antonio,38056,El Ceibal,38056010,1.1304
2022,Jujuy,38,Tilcara,38094,Colonia San José,38094010,3.15
2022,Jujuy,38,Tilcara,38094,Huacalera,38094020,8.41
2022,Jujuy,38,Tilcara,38094,Maimará,38094040,18.5074
2022,Jujuy,38,Tilcara,38094,Tilcara,38094050,3.8761
2022,Jujuy,38,Tumbaya,38098,Purmamarca,38098030,4.2136
2022,Jujuy,38,Tumbaya,38098,Tumbaya,38098040,8
2022,La Pampa,42,Curacó,42042,Gobernador Duval,42042010,10.9
2022,La Pampa,42,Loventué,42098,Telén,42098040,1
2022,La Pampa,42,Puelén,42112,25 de Mayo,42112020,301.8163
2022,La Pampa,42,Rancul,42126,Caleufú,42126010,0.45
2022,La Pampa,42,Rancul,42126,Pichi Huinca,42126050,1.0752
2022,La Pampa,42,Utracán,42154,General Acha,42154040,0.75
2022,La Rioja,46,Castro Barros,46021,Aminga,46021010,170.957
2022,La Rioja,46,Castro Barros,46021,Anillaco,46021020,84.574
2022,La Rioja,46,Castro Barros,46021,San Pedro,46021070,2.4913
2022,La Rioja,46,Castro Barros,46021,Agua Blanca,46021A00,0.401
2022,La Rioja,46,General Felipe Varela,46028,Santa Clara,46028020,28.7249
2022,La Rioja,46,General Felipe Varela,46028,Guandacol,46028020,290.5869
2022,La Rioja,46,General Felipe Varela,46028,Los Palacios,46028030,151.0501
2022,La Rioja,46,General Felipe Varela,46028,Pagancillo,46028040,28.5311
2022,La Rioja,46,General Felipe Varela,46028,Villa Unión,46028050,211.365
2022,La Rioja,46,General Felipe Varela,46028,Banda Florida,46028050,28.9267
2022,La Rioja,46,General Felipe Varela,46028,Paso San Isidro,46028A14,6.025
2022,La Rioja,46,General Felipe Varela,46028,Paso San Isidro,46028A14,4.19
2022,La Rioja,46,Chilecito,46042,Anguinán,46042010,1123.5603
2022,La Rioja,46,Chilecito,46042,Chilecito,46042010,4.05
2022,La Rioja,46,Chilecito,46042,San Miguel,46042010,3.345
2022,La Rioja,46,Chilecito,46042,Los Sarmientos,46042010,2.17
2022,La Rioja,46,Chilecito,46042,La Puntilla,46042010,0.011
2022,La Rioja,46,Chilecito,46042,Colonia Catinzaco,46042030,100.735
2022,La Rioja,46,Chilecito,46042,Guanchín,46042060,12
2022,La Rioja,46,Chilecito,46042,Malligasta,46042070,1198.5217
2022,La Rioja,46,Chilecito,46042,Miranda,46042080,2.232
2022,La Rioja,46,Chilecito,46042,Nonogasta,46042090,1134.0102
2022,La Rioja,46,Chilecito,46042,San Nicolás,46042100,83.0802
2022,La Rioja,46,Chilecito,46042,Sañogasta,46042120,45.8924
2022,La Rioja,46,Chilecito,46042,Tilimuqui,46042130,790.6266
2022,La Rioja,46,Chilecito,46042,Vichigasta,46042140,1338.2225
2022,La Rioja,46,Famatina,46049,Angulos,46049020,44.67
2022,La Rioja,46,Famatina,46049,Antinaco,46049030,29.1
2022,La Rioja,46,Famatina,46049,Bajo Carrizal,46049040,0.08
2022,La Rioja,46,Famatina,46049,Campanas,46049050,1.7
2022,La Rioja,46,Famatina,46049,Chañarmuyo,46049060,91.33
2022,La Rioja,46,Famatina,46049,Famatina,46049070,84.6344
2022,La Rioja,46,Famatina,46049,Famatina,46049070,1.475
2022,La Rioja,46,Famatina,46049,Famatina,46049070,13.04
2022,La Rioja,46,Famatina,46049,Pituil,46049090,80.1964
2022,La Rioja,46,Famatina,46049,Plaza Vieja,46049100,24.405
2022,La Rioja,46,General Lamadrid,46077,Villa Castelli,46077010,60.0064
2022,La Rioja,46,General Lamadrid,46077,Villa Castelli,46077010,6.25
2022,La Rioja,46,Vinchina,46098,Villa San José de Vinchina,46098020,50.0946
2022,La Rioja,46,San Blas de Los Sauces,46119,Alpasinche,46119010,16.3
2022,La Rioja,46,San Blas de Los Sauces,46119,Shaqui,46119010,32.4
2022,La Rioja,46,San Blas de Los Sauces,46119,Chaupihuasi,46119010,7.5306
2022,La Rioja,46,San Blas de Los Sauces,46119,Las Talas,46119010,0.4
2022,La Rioja,46,San Blas de Los Sauces,46119,San Blas,46119010,6.7
2022,La Rioja,46,San Blas de Los Sauces,46119,Los Robles,46119010,0.15
2022,La Rioja,46,Sanagasta,46126,Villa Sanagasta,46126010,19.0144
2022,La Rioja,46,Sanagasta,46126,Huaco,46126A02,11
2022,Mendoza,50,General Alvear,50014,Bowen,50014010,1177.3034
2022,Mendoza,50,General Alvear,50014,Bowen,50014010,30.2628
2022,Mendoza,50,General Alvear,50014,Carmensa,50014020,263.41
2022,Mendoza,50,General Alvear,50014,Carmensa,50014020,7.8
2022,Mendoza,50,General Alvear,50014,General Alvear,50014030,100.265
2022,Mendoza,50,General Alvear,50014,General Alvear,50014030,331.217
2022,Mendoza,50,General Alvear,50014,General Alvear,50014030,198.0275
2022,Mendoza,50,General Alvear,50014,General Alvear,50014030,232.219
2022,Mendoza,50,General Alvear,50014,General Alvear,50014030,21.98
2022,Mendoza,50,General Alvear,50014,Los Compartos,50014040,437.4049
2022,Mendoza,50,General Alvear,50014,Colonia San Pedro del Atuel,50014A04,16
2022,Mendoza,50,General Alvear,50014,El Ceibo,50014A08,12.72
2022,Mendoza,50,General Alvear,50014,El Ceibo,50014A08,83.915
2022,Mendoza,50,General Alvear,50014,La California,50014A12,44.944
2022,Mendoza,50,General Alvear,50014,La Escandinava,50014A14,152.0388
2022,Mendoza,50,General Alvear,50014,La Marsolina,50014A16,361.507
2022,Mendoza,50,General Alvear,50014,La Marsolina,50014A16,7.845
2022,Mendoza,50,General Alvear,50014,La Montilla,50014A17,2.5
2022,Mendoza,50,General Alvear,50014,Los Campamentos,50014A19,65.1392
2022,Mendoza,50,General Alvear,50014,Poste de Fierro,50014A24,100.9726
2022,Mendoza,50,Godoy Cruz,50021,Gobernador Benegas,50021010,0.677
2022,Mendoza,50,Guaymallén,50028,Colonia Segovia,50028010,102.5545
2022,Mendoza,50,Guaymallén,50028,El Sauce,50028020,81.8785
2022,Mendoza,50,Guaymallén,50028,Buena Nueva,50028020,31.699
2022,Mendoza,50,Guaymallén,50028,Dorrego,50028020,22.7322
2022,Mendoza,50,Guaymallén,50028,Rodeo de la Cruz,50028020,45.2049
2022,Mendoza,50,Guaymallén,50028,Villa Nueva,50028020,20.8225
2022,Mendoza,50,Guaymallén,50028,Bermejo,50028020,66.7095
2022,Mendoza,50,Guaymallén,50028,San Francisco del Monte,50028020,2.0029
2022,Mendoza,50,Guaymallén,50028,La Primavera,50028030,2
2022,Mendoza,50,Guaymallén,50028,La Primavera,50028030,22.3045
2022,Mendoza,50,Guaymallén,50028,La Primavera,50028030,11.5064
2022,Mendoza,50,Guaymallén,50028,Los Corralitos,50028040,99.4469
2022,Mendoza,50,Junín,50035,Ingeniero Giagnoni,50035010,44.1592
2022,Mendoza,50,Junín,50035,Junín,50035020,8.75
2022,Mendoza,50,Junín,50035,Junín,50035020,12.4112
2022,Mendoza,50,Junín,50035,Junín,50035020,111.7932
2022,Mendoza,50,Junín,50035,Junín,50035020,1008.4739
2022,Mendoza,50,Junín,50035,La Colonia,50035030,744.3777
2022,Mendoza,50,Junín,50035,Los Barriales,50035040,5.1015
2022,Mendoza,50,Junín,50035,Los Barriales,50035040,1428.412
2022,Mendoza,50,Junín,50035,Los Barriales,50035040,29.396
2022,Mendoza,50,Junín,50035,Medrano,50035050,23.965
2022,Mendoza,50,Junín,50035,Medrano,50035050,50.8793
2022,Mendoza,50,Junín,50035,Medrano,50035050,1794.5738
2022,Mendoza,50,Junín,50035,Phillips,50035060,9.39
2022,Mendoza,50,Junín,50035,Phillips,50035060,2030.7382
2022,Mendoza,50,Junín,50035,Rodríguez Peña,50035070,1144.9735
2022,Mendoza,50,Junín,50035,Algarrobo Grande,50035A00,95.5433
2022,Mendoza,50,Junín,50035,Algarrobo Grande,50035A00,80.119
2022,Mendoza,50,Junín,50035,Algarrobo Grande,50035A00,1677.5733
2022,Mendoza,50,Junín,50035,Alto Verde,50035A01,216.1266
2022,Mendoza,50,Junín,50035,Alto Verde,50035A01,778.4131
2022,Mendoza,50,Junín,50035,Tres Esquinas,50035A02,4.788
2022,Mendoza,50,La Paz,50042,La Paz,50042020,52.2952
2022,Mendoza,50,La Paz,50042,La Paz,50042020,56.86
2022,Mendoza,50,La Paz,50042,Villa Antigua,50042030,40.67
2022,Mendoza,50,La Paz,50042,Las Chacritas,50042A07,19.42
2022,Mendoza,50,Las Heras,50049,Jocolí,50049030,78.3545
2022,Mendoza,50,Las Heras,50049,Las Heras,50049050,25.15
2022,Mendoza,50,Las Heras,50049,El Challao,50049050,13.7
2022,Mendoza,50,Las Heras,50049,El Plumerillo,50049050,33.767
2022,Mendoza,50,Las Heras,50049,Capdevila,50049050,291.9008
2022,Mendoza,50,Las Heras,50049,El Borbollón,50049050,225.5709
2022,Mendoza,50,Las Heras,50049,El Algarrobal,50049050,418.6035
2022,Mendoza,50,Las Heras,50049,Las Heras,50049050,9.6
2022,Mendoza,50,Las Heras,50049,Panquehuá,50049050,46.5869
2022,Mendoza,50,Las Heras,50049,Polvaredas,50049080,6
2022,Mendoza,50,Las Heras,50049,Uspallata,50049110,4
2022,Mendoza,50,Las Heras,50049,El Pastal,50049A04,211.3658
2022,Mendoza,50,Las Heras,50049,El Pastal,50049A04,10
2022,Mendoza,50,Lavalle,50056,Barrio Alto del Olvido,50056010,25.0225
2022,Mendoza,50,Lavalle,50056,Barrio La Palmera,50056030,488.654
2022,Mendoza,50,Lavalle,50056,Barrio La Pega,50056040,237.7616
2022,Mendoza,50,Lavalle,50056,Costa de Araujo,50056080,3901.0848
2022,Mendoza,50,Lavalle,50056,Costa de Araujo,50056080,3.1231
2022,Mendoza,50,Lavalle,50056,Costa de Araujo,50056080,8.3042
2022,Mendoza,50,Lavalle,50056,El Paramillo,50056090,521.995
2022,Mendoza,50,Lavalle,50056,El Vergel,50056100,7
2022,Mendoza,50,Lavalle,50056,El Vergel,50056100,248.4061
2022,Mendoza,50,Lavalle,50056,Ingeniero Gustavo André,50056110,2544.8709
2022,Mendoza,50,Lavalle,50056,Jocolí,50056120,1253.7949
2022,Mendoza,50,Lavalle,50056,Jocolí Viejo,50056130,204.8711
2022,Mendoza,50,Lavalle,50056,Las Violetas,50056140,74.4978
2022,Mendoza,50,Lavalle,50056,3 de Mayo,50056150,905.2636
2022,Mendoza,50,Lavalle,50056,3 de Mayo,50056150,107.7216
2022,Mendoza,50,Lavalle,50056,Villa Tulumaya,50056160,0.6522
2022,Mendoza,50,Lavalle,50056,Villa Tulumaya,50056160,459.6624
2022,Mendoza,50,Lavalle,50056,Villa Tulumaya,50056160,38.5908
2022,Mendoza,50,Lavalle,50056,El Carmen,50056A05,122.4586
2022,Mendoza,50,Lavalle,50056,El Chilcal,50056A06,15.9244
2022,Mendoza,50,Lavalle,50056,El Chilcal,50056A06,283.0819
2022,Mendoza,50,Lavalle,50056,El Plumero,50056A09,832.4233
2022,Mendoza,50,Lavalle,50056,El Plumero,50056A09,18.18
2022,Mendoza,50,Lavalle,50056,El Retiro,50056A12,84.54
2022,Mendoza,50,Lavalle,50056,La Asunción,50056A15,37.16
2022,Mendoza,50,Lavalle,50056,La Holanda,50056A17,76.9646
2022,Mendoza,50,Lavalle,50056,Resurrección,50056A23,8.19
2022,Mendoza,50,Lavalle,50056,San Francisco,50056A24,248.7809
2022,Mendoza,50,Lavalle,50056,San José,50056A26,22.5
2022,Mendoza,50,Lavalle,50056,San José,50056A26,4
2022,Mendoza,50,Luján de Cuyo,50063,Agrelo,50063010,5652.6476
2022,Mendoza,50,Luján de Cuyo,50063,El Carrizal,50063050,2519.4528
2022,Mendoza,50,Luján de Cuyo,50063,Las Compuertas,50063070,374.8596
2022,Mendoza,50,Luján de Cuyo,50063,Carrodilla,50063090,73.5209
2022,Mendoza,50,Luján de Cuyo,50063,Chacras de Coria,50063090,113.8359
2022,Mendoza,50,Luján de Cuyo,50063,Luján de Cuyo,50063090,144.6831
2022,Mendoza,50,Luján de Cuyo,50063,Mayor Drummond,50063090,326.8549
2022,Mendoza,50,Luján de Cuyo,50063,Vistalba,50063090,499.8395
2022,Mendoza,50,Luján de Cuyo,50063,Perdriel,50063100,2
2022,Mendoza,50,Luján de Cuyo,50063,Perdriel,50063100,1371.3067
2022,Mendoza,50,Luján de Cuyo,50063,Potrerillos,50063110,2.0151
2022,Mendoza,50,Luján de Cuyo,50063,Ugarteche,50063120,4180.2478
2022,Mendoza,50,Luján de Cuyo,50063,Anchoris,50063A01,87.1588
2022,Mendoza,50,Luján de Cuyo,50063,Baños Lunlunta,50063A02,28.6
2022,Mendoza,50,Luján de Cuyo,50063,Industrial,50063A03,11.4
2022,Mendoza,50,Maipú,50070,Barrancas,50070010,1.5
2022,Mendoza,50,Maipú,50070,Barrancas,50070010,2828.9112
2022,Mendoza,50,Maipú,50070,Barrio Jesús de Nazaret,50070020,11.477
2022,Mendoza,50,Maipú,50070,Cruz de Piedra,50070030,698.2794
2022,Mendoza,50,Maipú,50070,Cruz de Piedra,50070030,582.3874
2022,Mendoza,50,Maipú,50070,El Pedregal,50070040,38.3
2022,Mendoza,50,Maipú,50070,Fray Luis Beltrán,50070050,3572.1196
2022,Mendoza,50,Maipú,50070,Fray Luis Beltrán,50070050,170.7109
2022,Mendoza,50,Maipú,50070,Fray Luis Beltrán,50070050,202.0979
2022,Mendoza,50,Maipú,50070,Maipú,50070060,38.793
2022,Mendoza,50,Maipú,50070,Coquimbito,50070060,314.6372
2022,Mendoza,50,Maipú,50070,General Gutiérrez,50070060,42.5
2022,Mendoza,50,Maipú,50070,Rodeo del Medio,50070070,944.8124
2022,Mendoza,50,Maipú,50070,Rodeo del Medio,50070070,112.15
2022,Mendoza,50,Maipú,50070,Rodeo del Medio,50070070,22.052
2022,Mendoza,50,Maipú,50070,Rodeo del Medio,50070070,2
2022,Mendoza,50,Maipú,50070,Russell,50070080,432.3459
2022,Mendoza,50,Maipú,50070,San Roque,50070090,223.0417
2022,Mendoza,50,Maipú,50070,San Roque,50070090,463.8965
2022,Mendoza,50,Maipú,50070,El Paraíso,50070A01,170.05
2022,Mendoza,50,Maipú,50070,Los Álamos,50070A02,81.323
2022,Mendoza,50,Malargüe,50077,Malargüe,50077040,0.12
2022,Mendoza,50,Rivadavia,50084,Andrade,50084010,933.714
2022,Mendoza,50,Rivadavia,50084,El Mirador,50084040,2088.144
2022,Mendoza,50,Rivadavia,50084,El Mirador,50084040,67.5136
2022,Mendoza,50,Rivadavia,50084,La Central,50084050,2822.5055
2022,Mendoza,50,Rivadavia,50084,La Libertad,50084080,1049.2407
2022,Mendoza,50,Rivadavia,50084,Los Árboles,50084090,557.3257
2022,Mendoza,50,Rivadavia,50084,Los Campamentos,50084100,3804.8908
2022,Mendoza,50,Rivadavia,50084,Los Campamentos,50084100,4
2022,Mendoza,50,Rivadavia,50084,Medrano,50084110,711.7844
2022,Mendoza,50,Rivadavia,50084,Mundo Nuevo,50084120,113.7206
2022,Mendoza,50,Rivadavia,50084,Reducción de Abajo,50084130,870.1621
2022,Mendoza,50,Rivadavia,50084,Rivadavia,50084140,724.4012
2022,Mendoza,50,Rivadavia,50084,Santa María de Oro,50084150,628.2702
2022,Mendoza,50,San Carlos,50091,Barrio El Cepillo,50091010,532.03
2022,Mendoza,50,San Carlos,50091,Chilecito,50091020,339.4168
2022,Mendoza,50,San Carlos,50091,Eugenio Bustos,50091030,2048.8879
2022,Mendoza,50,San Carlos,50091,La Consulta,50091040,9
2022,Mendoza,50,San Carlos,50091,La Consulta,50091040,5141.9586
2022,Mendoza,50,San Carlos,50091,La Consulta,50091040,107.14
2022,Mendoza,50,San Carlos,50091,Pareditas,50091050,194.5689
2022,Mendoza,50,San Carlos,50091,San Carlos,50091060,382.7744
2022,Mendoza,50,San Carlos,50091,San Carlos,50091060,84.32
2022,Mendoza,50,San Carlos,50091,Casas Viejas,50091A01,53.9264
2022,Mendoza,50,San Carlos,50091,El Capacho,50091A03,20.6
2022,Mendoza,50,San Carlos,50091,Tres Esquinas,50091A17,18.3102
2022,Mendoza,50,San Martín,50098,Alto Verde,50098020,2789.9039
2022,Mendoza,50,San Martín,50098,Chapanay,50098060,4644.9298
2022,Mendoza,50,San Martín,50098,Chivilcoy,50098070,626.8337
2022,Mendoza,50,San Martín,50098,El Espino,50098073,439.3808
2022,Mendoza,50,San Martín,50098,El Ramblón,50098077,1319.0595
2022,Mendoza,50,San Martín,50098,El Ramblón,50098077,765.8445
2022,Mendoza,50,San Martín,50098,Montecaseros,50098080,6137.5513
2022,Mendoza,50,San Martín,50098,Nueva California,50098090,2224.802
2022,Mendoza,50,San Martín,50098,San Martín,50098100,549.8973
2022,Mendoza,50,San Martín,50098,San Martín,50098100,43.8194
2022,Mendoza,50,San Martín,50098,Palmira,50098100,1302.6437
2022,Mendoza,50,San Martín,50098,Tres Porteñas,50098110,1619.316
2022,Mendoza,50,San Martín,50098,Alto Chapanay,50098A00,91.567
2022,Mendoza,50,San Martín,50098,Alto Salvador,50098A01,1330.5691
2022,Mendoza,50,San Martín,50098,Buen Orden,50098A03,555.0176
2022,Mendoza,50,San Martín,50098,El Central,50098A06,1289.865
2022,Mendoza,50,San Martín,50098,El Divisadero,50098A07,1252.8776
2022,Mendoza,50,San Martín,50098,Las Chimbas,50098A09,359.1946
2022,Mendoza,50,San Rafael,50105,Barrio Campos El Toledano,50105010,19.2756
2022,Mendoza,50,San Rafael,50105,Capitán Montoya,50105050,26.1924
2022,Mendoza,50,San Rafael,50105,Cuadro Benegas,50105060,803.1497
2022,Mendoza,50,San Rafael,50105,El Tropezón,50105090,11.6553
2022,Mendoza,50,San Rafael,50105,Goudge,50105100,1115.2358
2022,Mendoza,50,San Rafael,50105,Jaime Prats,50105110,568.8896
2022,Mendoza,50,San Rafael,50105,Jaime Prats,50105110,0.72
2022,Mendoza,50,San Rafael,50105,La Llave Nueva,50105120,72.6826
2022,Mendoza,50,San Rafael,50105,La Llave Nueva,50105120,446.053
2022,Mendoza,50,San Rafael,50105,Las Malvinas,50105130,10.06
2022,Mendoza,50,San Rafael,50105,Monte Comán,50105150,167.8626
2022,Mendoza,50,San Rafael,50105,Punta del Agua,50105170,0.318
2022,Mendoza,50,San Rafael,50105,Rama Caída,50105180,643.8208
2022,Mendoza,50,San Rafael,50105,Rama Caída,50105180,21.572
2022,Mendoza,50,San Rafael,50105,Real del Padre,50105190,1483.5025
2022,Mendoza,50,San Rafael,50105,Salto de las Rosas,50105200,46.6233
2022,Mendoza,50,San Rafael,50105,Cuadro Nacional,50105210,97.597
2022,Mendoza,50,San Rafael,50105,San Rafael,50105210,4
2022,Mendoza,50,San Rafael,50105,San Rafael,50105210,125.2656
2022,Mendoza,50,San Rafael,50105,Cuadro Nacional,50105210,1292.8457
2022,Mendoza,50,San Rafael,50105,San Rafael,50105210,6.045
2022,Mendoza,50,San Rafael,50105,San Rafael,50105210,5.6999
2022,Mendoza,50,San Rafael,50105,25 de Mayo,50105220,37.1255
2022,Mendoza,50,San Rafael,50105,25 de Mayo,50105220,3
2022,Mendoza,50,San Rafael,50105,Villa Atuel,50105230,817.4717
2022,Mendoza,50,San Rafael,50105,Villa Atuel,50105230,463.6973
2022,Mendoza,50,San Rafael,50105,Villa Atuel,50105230,25.93
2022,Mendoza,50,San Rafael,50105,Cañada Seca,50105A04,1964.5126
2022,Mendoza,50,San Rafael,50105,Cañada Seca,50105A04,1.0865
2022,Mendoza,50,San Rafael,50105,Colonia Bombal y Tabanera,50105A06,97.0192
2022,Mendoza,50,San Rafael,50105,Colonia Colomer,50105A07,27.6295
2022,Mendoza,50,San Rafael,50105,Colonia El Usillal,50105A08,161.4525
2022,Mendoza,50,San Rafael,50105,Colonia Elena,50105A09,150.4385
2022,Mendoza,50,San Rafael,50105,Colonia Española,50105A10,25.667
2022,Mendoza,50,San Rafael,50105,Colonia Gelman,50105A11,42.5699
2022,Mendoza,50,San Rafael,50105,Colonia Jáuregui,50105A12,9.6
2022,Mendoza,50,San Rafael,50105,Colonia López,50105A13,214.5759
2022,Mendoza,50,San Rafael,50105,El Algarrobal,50105A20,4.42
2022,Mendoza,50,San Rafael,50105,El Cerrito,50105A22,179.5905
2022,Mendoza,50,San Rafael,50105,La Guevarina,50105A32,45.5
2022,Mendoza,50,San Rafael,50105,La Llave Vieja,50105A35,30.6904
2022,Mendoza,50,San Rafael,50105,Las Paredes,50105A44,1141.1191
2022,Mendoza,50,San Rafael,50105,Las Paredes,50105A44,20.571
2022,Mendoza,50,San Rafael,50105,Los Claveles,50105A46,51.1401
2022,Mendoza,50,San Rafael,50105,Los Sifones,50105A51,8.865
2022,Mendoza,50,San Rafael,50105,Rincón del Atuel,50105A60,10.416
2022,Mendoza,50,San Rafael,50105,Soitué,50105A64,54.4875
2022,Mendoza,50,Santa Rosa,50112,Barrio 12 de Octubre,50112010,739.2701
2022,Mendoza,50,Santa Rosa,50112,Barrio 12 de Octubre,50112010,677.0226
2022,Mendoza,50,Santa Rosa,50112,Barrio Molina Cabrera,50112030,22.05
2022,Mendoza,50,Santa Rosa,50112,La Dormida,50112040,158.0929
2022,Mendoza,50,Santa Rosa,50112,La Dormida,50112040,955.6757
2022,Mendoza,50,Santa Rosa,50112,Las Catitas,50112050,1392.7437
2022,Mendoza,50,Santa Rosa,50112,Santa Rosa,50112060,131.9888
2022,Mendoza,50,Santa Rosa,50112,Santa Rosa,50112060,2845.1236
2022,Mendoza,50,Santa Rosa,50112,Santa Rosa,50112060,676.1755
2022,Mendoza,50,Santa Rosa,50112,Gobernador Civit,50112A05,35.25
2022,Mendoza,50,Santa Rosa,50112,Los Yoles,50112A10,68.938
2022,Mendoza,50,Tunuyán,50119,Campo Los Andes,50119020,232.3848
2022,Mendoza,50,Tunuyán,50119,Colonia Las Rosas,50119030,45.05
2022,Mendoza,50,Tunuyán,50119,El Manzano,50119040,1.5005
2022,Mendoza,50,Tunuyán,50119,Los Sauces,50119050,1063.1678
2022,Mendoza,50,Tunuyán,50119,Tunuyán,50119060,105.388
2022,Mendoza,50,Tunuyán,50119,Tunuyán,50119060,9.8443
2022,Mendoza,50,Tunuyán,50119,Tunuyán,50119060,733.7675
2022,Mendoza,50,Tunuyán,50119,Vista Flores,50119070,2128.0698
2022,Mendoza,50,Tunuyán,50119,El Totoral,50119A02,668.1007
2022,Mendoza,50,Tunuyán,50119,El Totoral,50119A02,157.713
2022,Mendoza,50,Tunuyán,50119,La Primavera,50119A04,350.2962
2022,Mendoza,50,Tunuyán,50119,Las Pintadas,50119A07,532.3965
2022,Mendoza,50,Tunuyán,50119,Los Árboles,50119A08,1922.314
2022,Mendoza,50,Tunuyán,50119,Los Árboles,50119A08,73.6563
2022,Mendoza,50,Tunuyán,50119,Los Chacales,50119A09,1102.3826
2022,Mendoza,50,Tunuyán,50119,Villa Seca,50119A14,853.4514
2022,Mendoza,50,Tupungato,50126,Cordón del Plata,50126020,45.7176
2022,Mendoza,50,Tupungato,50126,Cordón del Plata,50126020,538.6425
2022,Mendoza,50,Tupungato,50126,Cordón del Plata,50126020,1875.4124
2022,Mendoza,50,Tupungato,50126,El Peral,50126030,792.284
2022,Mendoza,50,Tupungato,50126,El Zampal,50126035,905.7413
2022,Mendoza,50,Tupungato,50126,La Arboleda,50126040,1742.401
2022,Mendoza,50,Tupungato,50126,San José,50126050,409.1812
2022,Mendoza,50,Tupungato,50126,Tupungato,50126060,129.2767
2022,Mendoza,50,Tupungato,50126,Tupungato,50126060,3
2022,Mendoza,50,Tupungato,50126,Villa Bastias,50126060,370.6562
2022,Mendoza,50,Tupungato,50126,Tupungato,50126060,478.3762
2022,Mendoza,50,Tupungato,50126,Anchoris,50126A01,403.5133
2022,Mendoza,50,Tupungato,50126,Ancón,50126A02,1.392
2022,Mendoza,50,Tupungato,50126,Gualtallary,50126A05,2546.054
2022,Mendoza,50,Tupungato,50126,Zapata,50126A12,118.245
2022,Misiones,54,Cainguás,54014,Aristóbulo del Valle,54014010,1
2022,Misiones,54,Cainguás,54014,Salto Encantado,54014080,6.8
2022,Misiones,54,Capital,54028,Posadas,54028030,0.5719
2022,Misiones,54,Leandro N. Alem,54070,Cerro Azul,54070040,1.25
2022,Misiones,54,Leandro N. Alem,54070,Leandro N. Alem,54070070,1.05
2022,Misiones,54,Leandro N. Alem,54070,Olegario V. Andrade,54070080,1
2022,Misiones,54,25 de Mayo,54119,Alba Posse,54119010,0.95
2022,Neuquén,58,Añelo,58014,Añelo,58014010,122.07
2022,Neuquén,58,Añelo,58014,San Patricio del Chañar,58014020,1470.1356
2022,Neuquén,58,Collón Curá,58028,Piedra del Águila,58028010,4.841
2022,Neuquén,58,Confluencia,58035,Centenario,58035030,8.785
2022,Neuquén,58,Confluencia,58035,Centenario,58035030,1.994
2022,Neuquén,58,Confluencia,58035,Cutral Có,58035040,4.6645
2022,Neuquén,58,Confluencia,58035,Mari Menuco,58035060,37.8606
2022,Neuquén,58,Confluencia,58035,Neuquén,58035070,0.333
2022,Neuquén,58,Confluencia,58035,Neuquén,58035070,1.78
2022,Neuquén,58,Confluencia,58035,Neuquén,58035070,4.2622
2022,Neuquén,58,Confluencia,58035,Plottier,58035100,33.818
2022,Neuquén,58,Confluencia,58035,Senillosa,58035110,48.3162
2022,Neuquén,58,Chos Malal,58042,Chos Malal,58042010,5.934
2022,Neuquén,58,Lácar,58056,San Martín de los Andes,58056010,0.6415
2022,Neuquén,58,Ñorquín,58084,Taquimilán,58084050,0.6
2022,Neuquén,58,Pehuenches,58091,Buta Ranquil,58091020,3.05
2022,Neuquén,58,Picún Leufú,58098,Picún Leufú,58098020,21.52
2022,Neuquén,58,Picunches,58105,Bajada del Agrio,58105010,1.2
2022,Río Negro,62,Adolfo Alsina,62007,Guardia Mitre,62007040,1.5722
2022,Río Negro,62,Adolfo Alsina,62007,San Javier,62007080,70.7909
2022,Río Negro,62,Adolfo Alsina,62007,Viedma,62007090,27.82
2022,Río Negro,62,Adolfo Alsina,62007,Cubanea,62007A03,2
2022,Río Negro,62,Avellaneda,62014,Chelforó,62014020,2
2022,Río Negro,62,Avellaneda,62014,Chimpay,62014030,0.69
2022,Río Negro,62,Avellaneda,62014,Choele Choel,62014040,7.2
2022,Río Negro,62,Avellaneda,62014,Darwin,62014060,36.465
2022,Río Negro,62,Avellaneda,62014,Lamarque,62014070,2.25
2022,Río Negro,62,Avellaneda,62014,Luis Beltrán,62014080,92.102
2022,Río Negro,62,Avellaneda,62014,Pomona,62014090,65.0565
2022,Río Negro,62,Bariloche,62021,El Bolsón,62021030,1.0203
2022,Río Negro,62,Conesa,62028,Barrio Colonia Conesa,62028010,2.616
2022,Río Negro,62,Conesa,62028,Barrio Colonia Conesa,62028010,6
2022,Río Negro,62,Conesa,62028,General Conesa,62028020,15.515
2022,Río Negro,62,Conesa,62028,Colonia San Juan,62028A02,12.2725
2022,Río Negro,62,El Cuy,62035,El Cuy,62035030,28.8
2022,Río Negro,62,El Cuy,62035,Valle Azul,62035080,31.095
2022,Río Negro,62,General Roca,62042,Allen,62042010,170.8
2022,Río Negro,62,General Roca,62042,Barda del Medio,62042030,15.296
2022,Río Negro,62,General Roca,62042,Barrio Guerrico,62042160,8.6013
2022,Río Negro,62,General Roca,62042,Barrio Pinar,62042297,27
2022,Río Negro,62,General Roca,62042,Catriel,62042360,4.506
2022,Río Negro,62,General Roca,62042,Catriel,62042360,1.5
2022,Río Negro,62,General Roca,62042,Cervantes,62042370,25.747
2022,Río Negro,62,General Roca,62042,Chichinales,62042380,10.05
2022,Río Negro,62,General Roca,62042,Cinco Saltos,62042390,7.151
2022,Río Negro,62,General Roca,62042,Cipolletti,62042400,74.6829
2022,Río Negro,62,General Roca,62042,Contralmirante Cordero,62042410,3
2022,Río Negro,62,General Roca,62042,Ferri,62042420,4.621
2022,Río Negro,62,General Roca,62042,General Enrique Godoy,62042430,23.37
2022,Río Negro,62,General Roca,62042,General Fernández Oro,62042440,36.3418
2022,Río Negro,62,General Roca,62042,General Roca,62042450,156.1765
2022,Río Negro,62,General Roca,62042,General Roca,62042450,21.0414
2022,Río Negro,62,General Roca,62042,General Roca,62042450,0.88
2022,Río Negro,62,General Roca,62042,Ingeniero Luis A. Huergo,62042460,114.9615
2022,Río Negro,62,General Roca,62042,Mainqué,62042480,347.1609
2022,Río Negro,62,General Roca,62042,Villa Alberdi,62042530,0.6426
2022,Río Negro,62,General Roca,62042,Villa Manzano,62042550,23.5089
2022,Río Negro,62,General Roca,62042,Villa Regina,62042560,5.4498
2022,Río Negro,62,Pichi Mahuida,62063,Río Colorado,62063020,61.4896
2022,Salta,66,Cachi,66014,Cachi,66014010,39.1142
2022,Salta,66,Cachi,66014,Payogasta,66014020,60.475
2022,Salta,66,Cachi,66014,La Paya,66014A07,0.38
2022,Salta,66,Cafayate,66021,Cafayate,66021010,1715.9794
2022,Salta,66,Cafayate,66021,Cafayate,66021010,0.355
2022,Salta,66,Cafayate,66021,Cafayate,66021010,326.925
2022,Salta,66,Cafayate,66021,Cafayate,66021010,72.5737
2022,Salta,66,Cafayate,66021,Tolombón,66021020,522.1232
2022,Salta,66,Cafayate,66021,Chuscha,66021A01,3.05
2022,Salta,66,Cafayate,66021,Las Conchas,66021A04,12.4
2022,Salta,66,Cafayate,66021,Yacochuya Norte,66021A05,79.63
2022,Salta,66,Chicoana,66042,San Fernando de Escoipe,66042A12,3
2022,Salta,66,La Viña,66098,Cabra Corral,66098020,4.65
2022,Salta,66,La Viña,66098,Las Curtiembres,66098A08,5.03
2022,Salta,66,Molinos,66119,Molinos,66119020,50.1687
2022,Salta,66,Molinos,66119,Seclantás,66119030,4.96
2022,Salta,66,Molinos,66119,Colomé,66119A06,70.8
2022,Salta,66,Molinos,66119,Colomé,66119A06,6.55
2022,Salta,66,Molinos,66119,Luracatao,66119A10,3.7
2022,Salta,66,San Carlos,66154,Angastaco,66154010,136.0935
2022,Salta,66,San Carlos,66154,Animaná,66154020,415.7674
2022,Salta,66,San Carlos,66154,El Barrial,66154030,0.43
2022,Salta,66,San Carlos,66154,San Carlos,66154040,26
2022,Salta,66,San Carlos,66154,San Carlos,66154040,35.07
2022,Salta,66,San Carlos,66154,Corralito,66154A01,25.9257
2022,Salta,66,San Carlos,66154,Payogastilla,66154A17,1.642
2022,Salta,66,San Carlos,66154,San Lucas,66154A24,6.8
2022,Salta,66,San Carlos,66154,Santa Rosa,66154A26,11.355
2022,San Juan,70,Albardón,70007,El Rincón,70007010,753.5141
2022,San Juan,70,Albardón,70007,El Rincón,70007010,98.329
2022,San Juan,70,Albardón,70007,Villa General San Martín - Campo Afuera,70007020,111.5318
2022,San Juan,70,Albardón,70007,Villa General San Martín - Campo Afuera,70007020,98.5534
2022,San Juan,70,Albardón,70007,Villa General San Martín - Campo Afuera,70007020,3.19
2022,San Juan,70,Albardón,70007,Villa General San Martín - Campo Afuera,70007020,19.6942
2022,San Juan,70,Albardón,70007,Villa General San Martín - Campo Afuera,70007020,14.2505
2022,San Juan,70,Albardón,70007,Villa General San Martín - Campo Afuera,70007020,3.15
2022,San Juan,70,Albardón,70007,Villa General San Martín - Campo Afuera,70007020,186.4224
2022,San Juan,70,Albardón,70007,Baños La Laja,70007A02,0.5802
2022,San Juan,70,Albardón,70007,Baños La Laja,70007A02,8.0226
2022,San Juan,70,Albardón,70007,El Salado,70007A03,62.155
2022,San Juan,70,Albardón,70007,Las Tapias,70007A04,15.2
2022,San Juan,70,Albardón,70007,Las Tapias,70007A04,136.6658
2022,San Juan,70,Angaco,70014,Las Tapias,70014010,315.7311
2022,San Juan,70,Angaco,70014,Las Tapias,70014010,16.1746
2022,San Juan,70,Angaco,70014,Villa El Salvador,70014020,590.2091
2022,San Juan,70,Angaco,70014,Villa Sefair,70014020,254.2717
2022,San Juan,70,Angaco,70014,Villa El Salvador,70014020,92.2911
2022,San Juan,70,Angaco,70014,Villa El Salvador,70014020,119.0733
2022,San Juan,70,Angaco,70014,El Alamito,70014A01,42.2892
2022,San Juan,70,Angaco,70014,El Bosque,70014A02,294.2197
2022,San Juan,70,Angaco,70014,Punta del Monte,70014A05,389.3767
2022,San Juan,70,Calingasta,70021,Barreal - Villa Pituil,70021010,26.8439
2022,San Juan,70,Calingasta,70021,Calingasta,70021020,2.9
2022,San Juan,70,Calingasta,70021,Tamberías,70021030,57.596
2022,San Juan,70,Calingasta,70021,Hilario,70021A10,6.944
2022,San Juan,70,Calingasta,70021,Puchuzún,70021A28,13.7
2022,San Juan,70,Calingasta,70021,Sorocayense,70021A30,84.199
2022,San Juan,70,Calingasta,70021,Villa Corral,70021A31,23.465
2022,San Juan,70,Caucete,70035,Caucete,70035020,0.4395
2022,San Juan,70,Caucete,70035,Caucete,70035020,10.4457
2022,San Juan,70,Caucete,70035,Caucete,70035020,27.892
2022,San Juan,70,Caucete,70035,Caucete,70035020,9.515
2022,San Juan,70,Caucete,70035,Caucete,70035020,2.3328
2022,San Juan,70,Caucete,70035,Caucete,70035020,0.3
2022,San Juan,70,Caucete,70035,Caucete,70035020,2605.3714
2022,San Juan,70,Caucete,70035,El Rincón,70035030,649.7207
2022,San Juan,70,Caucete,70035,Las Talas - Los Médanos,70035040,284.8591
2022,San Juan,70,Caucete,70035,Marayes,70035050,2.452
2022,San Juan,70,Caucete,70035,Pie de Palo,70035060,126.2969
2022,San Juan,70,Caucete,70035,Villa Independencia,70035080,547.0494
2022,San Juan,70,Caucete,70035,La Puntilla,70035A02,1143.0831
2022,San Juan,70,Caucete,70035,Pozo de los Algarrobos,70035A07,1478.5404
2022,San Juan,70,Chimbas,70042,Chimbas,70042010,631.0411
2022,San Juan,70,Chimbas,70042,Chimbas,70042010,103.9798
2022,San Juan,70,Iglesia,70049,Angualasto,70049010,2.5875
2022,San Juan,70,Iglesia,70049,Las Flores,70049040,2.1723
2022,San Juan,70,9 de Julio,70063,Alto de Sierra,70063010,51.5438
2022,San Juan,70,9 de Julio,70063,Las Chacritas,70063030,5.3294
2022,San Juan,70,9 de Julio,70063,Las Chacritas,70063030,43.5014
2022,San Juan,70,9 de Julio,70063,Las Chacritas,70063030,553.7155
2022,San Juan,70,9 de Julio,70063,9 de Julio,70063040,1816.2556
2022,San Juan,70,9 de Julio,70063,La Majadita,70063A00,381.1687
2022,San Juan,70,9 de Julio,70063,Rincón Cercado,70063A02,125.9666
2022,San Juan,70,Pocito,70070,Carpintería,70070020,1814.3374
2022,San Juan,70,Pocito,70070,Las Piedritas,70070025,5.47
2022,San Juan,70,Pocito,70070,Quinto Cuartel,70070030,50.59
2022,San Juan,70,Pocito,70070,Villa Aberastain,70070040,155.5873
2022,San Juan,70,Pocito,70070,Villa Aberastain,70070040,16.47
2022,San Juan,70,Pocito,70070,Villa Aberastain,70070040,599.3916
2022,San Juan,70,Pocito,70070,La Rinconada,70070040,556.8762
2022,San Juan,70,Pocito,70070,Villa Nacusi,70070050,36.7165
2022,San Juan,70,Pocito,70070,Villa Nacusi,70070050,2
2022,San Juan,70,Pocito,70070,Villa Nacusi,70070050,8.01
2022,San Juan,70,Rawson,70077,Rawson,70077010,3.97
2022,San Juan,70,Rawson,70077,Rawson,70077010,30.6611
2022,San Juan,70,Rawson,70077,El Medanito,70077010,155.1564
2022,San Juan,70,Rawson,70077,Rawson,70077010,525.1433
2022,San Juan,70,Rawson,70077,Rawson,70077010,30.7026
2022,San Juan,70,Rawson,70077,Colonia Médano de Oro,70077A00,525.5983
2022,San Juan,70,Rawson,70077,Colonia Rodas,70077A02,84.343
2022,San Juan,70,Rawson,70077,Colonia Rodas,70077A02,43.3535
2022,San Juan,70,Rivadavia,70084,Rivadavia,70084010,64.5955
2022,San Juan,70,Rivadavia,70084,Rivadavia,70084010,67.0012
2022,San Juan,70,Rivadavia,70084,Rivadavia,70084010,65.321
2022,San Juan,70,San Martín,70091,Dos Acequias,70091020,854.3631
2022,San Juan,70,San Martín,70091,San Isidro,70091030,637.7393
2022,San Juan,70,San Martín,70091,Villa Dominguito,70091050,34.07
2022,San Juan,70,San Martín,70091,Villa San Martín,70091070,917.027
2022,San Juan,70,San Martín,70091,Coll,70091A00,5.45
2022,San Juan,70,San Martín,70091,Los Compartos,70091A01,865.9118
2022,San Juan,70,San Martín,70091,Los Compartos,70091A01,55.6665
2022,San Juan,70,San Martín,70091,Los Compartos,70091A01,125.244
2022,San Juan,70,San Martín,70091,Villa Lugano,70091A02,31.5741
2022,San Juan,70,San Martín,70091,Villa Lugano,70091A02,38.2
2022,San Juan,70,Santa Lucía,70098,Colonia Gutiérrez,70098010,22.4548
2022,San Juan,70,Santa Lucía,70098,Colonia Gutiérrez,70098010,353.7957
2022,San Juan,70,Santa Lucía,70098,Colonia Gutiérrez,70098010,80.8619
2022,San Juan,70,Santa Lucía,70098,Santa Lucía,70098010,35.54
2022,San Juan,70,Santa Lucía,70098,Santa Lucía,70098010,50.766
2022,San Juan,70,Santa Lucía,70098,Santa Lucía,70098010,37.012
2022,San Juan,70,Santa Lucía,70098,Santa Lucía,70098010,71.866
2022,San Juan,70,Santa Lucía,70098,Santa Lucía,70098010,346.1526
2022,San Juan,70,Sarmiento,70105,Cañada Honda,70105010,518.9943
2022,San Juan,70,Sarmiento,70105,Colonia Fiscal,70105030,929.6605
2022,San Juan,70,Sarmiento,70105,Guanacache,70105050,21.15
2022,San Juan,70,Sarmiento,70105,Las Lagunas,70105060,580.7959
2022,San Juan,70,Sarmiento,70105,Los Berros,70105070,6.4366
2022,San Juan,70,Sarmiento,70105,Los Berros,70105070,23.1867
2022,San Juan,70,Sarmiento,70105,Pedernal,70105080,778.002
2022,San Juan,70,Sarmiento,70105,Punta del Médano,70105090,193.2004
2022,San Juan,70,Sarmiento,70105,Villa Media Agua,70105100,1303.1421
2022,San Juan,70,Sarmiento,70105,Villa Media Agua,70105100,360.6678
2022,San Juan,70,Sarmiento,70105,Cochagual,70105A01,2032.9748
2022,San Juan,70,Sarmiento,70105,San Carlos,70105A07,225.39
2022,San Juan,70,Sarmiento,70105,Tres Esquinas,70105A08,368.8016
2022,San Juan,70,Ullum,70112,Villa Ibáñez,70112010,28.303
2022,San Juan,70,Ullum,70112,Villa Ibáñez,70112010,1257.0814
2022,San Juan,70,Ullum,70112,La Banderita,70112A04,22.5177
2022,San Juan,70,Valle Fértil,70119,Balde del Rosario,70119020,0.477
2022,San Juan,70,25 de Mayo,70126,Tupelí,70126020,299.8126
2022,San Juan,70,25 de Mayo,70126,Tupelí,70126020,142.348
2022,San Juan,70,25 de Mayo,70126,Villa Borjas - La Chimbera,70126030,1049.691
2022,San Juan,70,25 de Mayo,70126,Villa Santa Rosa,70126050,547.0083
2022,San Juan,70,25 de Mayo,70126,Villa Santa Rosa,70126050,1798.6442
2022,San Juan,70,25 de Mayo,70126,Villa Santa Rosa,70126050,145.3868
2022,San Juan,70,25 de Mayo,70126,Villa Santa Rosa,70126050,102.3548
2022,San Juan,70,25 de Mayo,70126,Villa Santa Rosa,70126050,1411.7686
2022,San Juan,70,25 de Mayo,70126,Algarrobo Verde,70126A00,56.45
2022,San Juan,70,25 de Mayo,70126,Cuatro Esquinas,70126A04,17.1654
2022,San Juan,70,25 de Mayo,70126,Las Casuarinas,70126A06,2054.6186
2022,San Juan,70,25 de Mayo,70126,Punta del Médano,70126A09,59.776
2022,San Juan,70,Zonda,70133,Villa Basilio Nievas,70133010,49.45
2022,San Juan,70,Zonda,70133,Villa Basilio Nievas,70133010,343.099
2022,San Juan,70,Zonda,70133,Villa Basilio Nievas,70133010,223.147
2022,San Juan,70,Zonda,70133,Villa Basilio Nievas,70133010,419.2296
2022,San Juan,70,Zonda,70133,Villa Basilio Nievas,70133010,57.5
2022,San Luis,74,Ayacucho,74007,Candelaria,74007010,10.0799
2022,San Luis,74,Belgrano,74014,Nogolí,74014020,4
2022,San Luis,74,Coronel Pringles,74021,Río Grande,74021080,4.4237
2022,San Luis,74,Junín,74049,Merlo,74049060,1.332
2022,San Luis,74,Junín,74049,Santa Rosa del Conlara,74049070,26.1
2022,San Luis,74,Juan Martín de Pueyrredón,74056,Beazley,74056040,56.934
2022,San Luis,74,Juan Martín de Pueyrredón,74056,San Luis,74056150,6.4949
2022,Santa Cruz,78,Deseado,78014,Caleta Olivia,78014010,0.2
2022,Santa Fe,82,Caseros,82014,Arteaga,82014020,0.3375
2022,Santa Fe,82,Castellanos,82021,Santa Clara de Saguier,82021350,0.6264
2022,Santa Fe,82,Iriondo,82056,Serodino,82056130,0.081
2022,Santa Fe,82,La Capital,82063,Laguna Paiva,82063080,0.09
2022,Santa Fe,82,La Capital,82063,Llambi Campbell,82063090,0.0432
2022,Santa Fe,82,Las Colonias,82070,Humboldt,82070100,0.12
2022,Santa Fe,82,Rosario,82084,Soldini,82084280,0.174
2022,Santa Fe,82,San Cristóbal,82091,Villa Trinidad,82091280,0.116
2022,Santiago del Estero,86,Capital,86049,Vuelta de la Barranca,86049120,8.8
2022,Santiago del Estero,86,Robles,86161,Beltrán,86161010,1.7381
2022,Tucumán,90,Tafí del Valle,90098,Amaicha del Valle,90098010,0.95
2022,Tucumán,90,Tafí del Valle,90098,Amaicha del Valle,90098010,16.7751
2022,Tucumán,90,Tafí del Valle,90098,Colalao del Valle,90098020,63.8611
2022,Tucumán,90,Tafí del Valle,90098,El Bañado,90098A12,7.59
2022,Tucumán,90,Tafí del Valle,90098,El Paso,90098A18,30.9692
2022,Tucumán,90,Tafí del Valle,90098,Los Zazos,90098A40,2.36
2022,Tucumán,90,Tafí del Valle,90098,Quilmes,90098A48,0.32
2022,Tucumán,90,Trancas,90112,Choromoro,90112010,1
2022,Tucumán,90,Trancas,90112,Villa de Trancas,90112030,4.55
2023,Buenos Aires,06,Avellaneda,06035,Sarandí,06035010,1.0341
2023,Buenos Aires,06,Avellaneda,06035,Villa Domínico,06035010,2.7365
2023,Buenos Aires,06,Balcarce,06063,Balcarce,06063010,12.046
2023,Buenos Aires,06,Benito Juárez,06084,Barker,06084010,0.25
2023,Buenos Aires,06,Berisso,06098,Los Talas,06098010,0.0694
2023,Buenos Aires,06,Berisso,06098,Berisso,06098010,20.3474
2023,Buenos Aires,06,Berisso,06098,Isla Paulino,06098A02,0.435
2023,Buenos Aires,06,Campana,06126,Los Cardales,06126010,2.3714
2023,Buenos Aires,06,Cañuelas,06134,Uribelarrea,06134070,1.3579
2023,Buenos Aires,06,Coronel Dorrego,06189,Coronel Dorrego,06189030,0.015
2023,Buenos Aires,06,Coronel Pringles,06196,Coronel Pringles,06196010,2.2869
2023,Buenos Aires,06,Coronel Suárez,06203,Coronel Suárez,06203020,3.47
2023,Buenos Aires,06,Coronel Suárez,06203,Villa La Arcadia,06203100,16
2023,Buenos Aires,06,Daireaux,06231,Daireaux,06231030,0.726
2023,Buenos Aires,06,General Juan Madariaga,06315,General Juan Madariaga,06315010,1.44
2023,Buenos Aires,06,General Juan Madariaga,06315,Macedo,06315A13,0.9
2023,Buenos Aires,06,General Pueyrredón,06357,Batán,06357070,10.1
2023,Buenos Aires,06,General Pueyrredón,06357,Chapadmalal,06357080,26.5988
2023,Buenos Aires,06,Junín,06413,Junín,06413050,0.3564
2023,Buenos Aires,06,La Costa,06420,Mar del Tuyú,06420040,0.2
2023,Buenos Aires,06,Laprida,06448,Laprida,06448010,0.3125
2023,Buenos Aires,06,Mar Chiquita,06518,Coronel Vidal,06518010,0.55
2023,Buenos Aires,06,Saavedra,06700,Pigüé,06700060,18
2023,Buenos Aires,06,San Antonio de Areco,06735,San Antonio de Areco,06735020,0.255
2023,Buenos Aires,06,San Nicolás,06763,San Nicolás de los Arroyos,06763050,0.042
2023,Buenos Aires,06,Tandil,06791,María Ignacia,06791040,5.6985
2023,Buenos Aires,06,Tandil,06791,Tandil,06791050,0.6969
2023,Buenos Aires,06,Tandil,06791,Tandil,06791050,2.1783
2023,Buenos Aires,06,Tornquist,06819,Saldungaray,06819020,9.088
2023,Buenos Aires,06,Tornquist,06819,Villa Ventana,06819070,3
2023,Buenos Aires,06,Villa Gesell,06868,Villa Gesell,06868020,0.3777
2023,Buenos Aires,06,Villarino,06875,Médanos,06875060,24.52
2023,Catamarca,10,Andalgalá,10021,Andalgalá,10021020,3.9125
2023,Catamarca,10,Andalgalá,10021,Andalgalá,10021020,3.22
2023,Catamarca,10,Belén,10035,Belén,10035020,3
2023,Catamarca,10,Belén,10035,Corral Quemado,10035040,3.3
2023,Catamarca,10,Belén,10035,Hualfín,10035070,152.2421
2023,Catamarca,10,Belén,10035,Jacipunco,10035080,1.94
2023,Catamarca,10,Belén,10035,Los Nacimientos,10035120,4.4
2023,Catamarca,10,Belén,10035,Puerta de Corral Quemado,10035130,28.2416
2023,Catamarca,10,Belén,10035,La Ciénaga de Arriba,10035A22,1.5
2023,Catamarca,10,Belén,10035,San Fernando,10035A42,5.75
2023,Catamarca,10,Capayán,10042,Chumbicha,10042040,5.9
2023,Catamarca,10,Capayán,10042,Colonia Nueva Coneta,10042060,2.84
2023,Catamarca,10,Pomán,10084,San Miguel,10084090,19.6
2023,Catamarca,10,Pomán,10084,Saujil,10084100,0.4
2023,Catamarca,10,Pomán,10084,Siján,10084110,19.5708
2023,Catamarca,10,Santa María,10091,Andalhualá,10091010,13.2417
2023,Catamarca,10,Santa María,10091,Chañar Punco,10091030,359.5923
2023,Catamarca,10,Santa María,10091,Lampacito,10091030,18.6155
2023,Catamarca,10,Santa María,10091,Lampacito,10091030,41.93
2023,Catamarca,10,Santa María,10091,Famatanca,10091070,5.6256
2023,Catamarca,10,Santa María,10091,Fuerte Quemado,10091080,76.27
2023,Catamarca,10,Santa María,10091,La Loma,10091100,2.283
2023,Catamarca,10,Santa María,10091,Las Mojarras,10091110,25.95
2023,Catamarca,10,Santa María,10091,El Cerrito,10091110,9.982
2023,Catamarca,10,Santa María,10091,Loro Huasi,10091120,1.4775
2023,Catamarca,10,Santa María,10091,Punta de Balasto,10091130,25.25
2023,Catamarca,10,Santa María,10091,Palo Seco,10091140,0.4
2023,Catamarca,10,Santa María,10091,San José,10091140,20.9355
2023,Catamarca,10,Santa María,10091,Casa de Piedra,10091140,0.16
2023,Catamarca,10,Santa María,10091,Santa María,10091150,126.124
2023,Catamarca,10,Santa María,10091,Santa María,10091150,44.2195
2023,Catamarca,10,Santa María,10091,Yapes,10091160,2.6155
2023,Catamarca,10,Santa María,10091,Entre Ríos,10091A08,0.41
2023,Catamarca,10,Tinogasta,10105,Anillaco,10105010,76.1946
2023,Catamarca,10,Tinogasta,10105,Antinaco,10105020,0.8
2023,Catamarca,10,Tinogasta,10105,Copacabana,10105050,260.3607
2023,Catamarca,10,Tinogasta,10105,El Puesto,10105090,125.9473
2023,Catamarca,10,Tinogasta,10105,El Salado,10105100,3.05
2023,Catamarca,10,Tinogasta,10105,Fiambalá,10105110,366.078
2023,Catamarca,10,Tinogasta,10105,Medanitos,10105130,234.0809
2023,Catamarca,10,Tinogasta,10105,Palo Blanco,10105140,22.4275
2023,Catamarca,10,Tinogasta,10105,Saujil,10105160,21.555
2023,Catamarca,10,Tinogasta,10105,Tinogasta,10105180,7.75
2023,Catamarca,10,Tinogasta,10105,Tinogasta,10105180,113.2438
2023,Catamarca,10,Tinogasta,10105,Tinogasta,10105180,45.4473
2023,Catamarca,10,Tinogasta,10105,Tinogasta,10105180,265.6561
2023,Catamarca,10,Tinogasta,10105,San José Norte,10105A27,233.2878
2023,Catamarca,10,Valle Viejo,10112,Santa Cruz,10112050,0.8
2023,Córdoba,14,Calamuchita,14007,Los Reartes,14007130,1.01
2023,Córdoba,14,Calamuchita,14007,Río de los Sauces,14007170,1.5284
2023,Córdoba,14,Calamuchita,14007,San Agustín,14007180,4
2023,Córdoba,14,Calamuchita,14007,Villa Ciudad Parque Los Reartes,14007270,10.365
2023,Córdoba,14,Calamuchita,14007,Villa General Belgrano,14007310,1.5036
2023,Córdoba,14,Calamuchita,14007,Villa Yacanto,14007360,1.51
2023,Córdoba,14,Calamuchita,14007,Atos Pampa,14007A01,12.839
2023,Córdoba,14,Calamuchita,14007,Cañada de Álvarez,14007A05,2.78
2023,Córdoba,14,Colón,14021,Colonia Caroya,14021050,101.2755
2023,Córdoba,14,Colón,14021,Colonia Vicente Agüero,14021070,6.2275
2023,Córdoba,14,Cruz del Eje,14028,Cruz del Eje,14028050,7
2023,Córdoba,14,Cruz del Eje,14028,Las Playas,14028130,3.6
2023,Córdoba,14,Cruz del Eje,14028,San Marcos Sierra,14028170,1.09
2023,Córdoba,14,Cruz del Eje,14028,Villa de Soto,14028200,1.25
2023,Córdoba,14,Ischilín,14049,Quilino,14049100,8.9356
2023,Córdoba,14,Ischilín,14049,Ischilín,14049A07,10.05
2023,Córdoba,14,Punilla,14091,Capilla del Monte,14091040,0.391
2023,Córdoba,14,Punilla,14091,Charbonier,14091060,0.2575
2023,Córdoba,14,Punilla,14091,Huerta Grande,14091100,0.6801
2023,Córdoba,14,Punilla,14091,La Falda,14091120,1.46
2023,Córdoba,14,Río Cuarto,14098,Las Higueras,14098170,1.8803
2023,Córdoba,14,San Alberto,14126,Las Calles,14126050,4.566
2023,Córdoba,14,San Alberto,14126,Nono,14126110,0.55
2023,Córdoba,14,San Javier,14133,La Población,14133070,1.2
2023,Córdoba,14,San Javier,14133,Las Chacras,14133095,1.2
2023,Córdoba,14,San Javier,14133,Las Tapias,14133100,1.17
2023,Córdoba,14,San Javier,14133,Luyaba,14133150,3.7
2023,Córdoba,14,San Javier,14133,San Javier y Yacanto,14133170,2.55
2023,Córdoba,14,San Javier,14133,San Javier y Yacanto,14133170,4.67
2023,Córdoba,14,San Javier,14133,San José,14133180,14.6
2023,Córdoba,14,San Javier,14133,Villa de las Rosas,14133190,1.2058
2023,Córdoba,14,San Javier,14133,Rodeo de Piedra,14133A19,0.1262
2023,Córdoba,14,Santa María,14147,Potrero de Garay,14147230,10.26
2023,Córdoba,14,Santa María,14147,Valle de Anisacate,14147300,13
2023,Córdoba,14,Tulumba,14175,San Pedro Norte,14175100,4.42
2023,Córdoba,14,Tulumba,14175,Isla de San Antonio,14175A13,0.585
2023,Córdoba,14,Tulumba,14175,Santa Cruz,14175A37,0.3054
2023,Chaco,22,General Güemes,22063,Juan José Castelli,22063060,2.2069
2023,Chubut,26,Biedma,26007,Puerto Madryn,26007020,0.16
2023,Chubut,26,Cushamen,26014,El Hoyo,26014040,22.5181
2023,Chubut,26,Cushamen,26014,Gualjaina,26014070,1.59
2023,Chubut,26,Cushamen,26014,Lago Puelo,26014090,2.315
2023,Chubut,26,Escalante,26021,Bahía Bustamante,26021020,0.526
2023,Chubut,26,Escalante,26021,Rada Tilly,26021050,0.1362
2023,Chubut,26,Futaleufú,26035,Trevelín,26035060,12.48
2023,Chubut,26,Gaiman,26042,Gaiman,26042030,4.202
2023,Chubut,26,Languiñeo,26056,Paso del Sapo,26056040,1.123
2023,Chubut,26,Paso de Indios,26070,Los Altares,26070020,2.5
2023,Chubut,26,Rawson,26077,Trelew,26077040,1.2018
2023,Chubut,26,Río Senguer,26084,Alto Río Senguer,26084030,0.235
2023,Chubut,26,Sarmiento,26091,Sarmiento,26091020,57.8542
2023,Entre Ríos,30,Colón,30008,Arroyo Barú,30008010,0.8
2023,Entre Ríos,30,Colón,30008,Colón,30008020,4.9686
2023,Entre Ríos,30,Colón,30008,San José,30008090,0.45
2023,Entre Ríos,30,Colón,30008,Ubajay,30008100,1.6959
2023,Entre Ríos,30,Colón,30008,Colonia San Anselmo,30008A13,2.48
2023,Entre Ríos,30,Concordia,30015,Calabacilla,30015010,2.8351
2023,Entre Ríos,30,Concordia,30015,Concordia,30015060,5.5
2023,Entre Ríos,30,Concordia,30015,La Criolla,30015090,6.6905
2023,Entre Ríos,30,Diamante,30021,Colonia Ensayo,30021070,2.505
2023,Entre Ríos,30,Diamante,30021,Estación Puiggari,30021150,2
2023,Entre Ríos,30,Diamante,30021,Las Cuevas,30021A08,0.63
2023,Entre Ríos,30,Gualeguaychú,30056,Gualeguaychú,30056070,4.2596
2023,Entre Ríos,30,Gualeguaychú,30056,Urdinarrain,30056110,3.5
2023,Entre Ríos,30,La Paz,30070,La Paz,30070040,2.213
2023,Entre Ríos,30,La Paz,30070,Santa Elena,30070080,0.136
2023,Entre Ríos,30,Nogoyá,30077,Lucas González,30077060,0.25
2023,Entre Ríos,30,Paraná,30084,Aldea María Luisa,30084010,0.11
2023,Entre Ríos,30,Paraná,30084,Crespo,30084070,0.486
2023,Entre Ríos,30,Paraná,30084,Hasenkamp,30084100,0.048
2023,Entre Ríos,30,Paraná,30084,La Picada,30084120,0.03
2023,Entre Ríos,30,Paraná,30084,Paraná,30084160,1.0139
2023,Entre Ríos,30,Paraná,30084,Paraná,30084160,0.9075
2023,Entre Ríos,30,Paraná,30084,Colonia Rivadavia,30084A20,0.75
2023,Entre Ríos,30,Uruguay,30098,Concepción del Uruguay,30098040,1.1183
2023,Entre Ríos,30,Victoria,30105,Antelo,30105010,0.6516
2023,Entre Ríos,30,Victoria,30105,Victoria,30105060,3.2735
2023,Entre Ríos,30,Victoria,30105,Laguna del Pescado,30105A11,8.22
2023,Entre Ríos,30,Villaguay,30113,Lucas Sur 2do.,30113A29,0.315
2023,Jujuy,38,El Carmen,38014,Barrio El Milagro,38014020,1.8793
2023,Jujuy,38,El Carmen,38014,Monterrico,38014070,10.0191
2023,Jujuy,38,El Carmen,38014,Puesto Viejo,38014100,1.32
2023,Jujuy,38,Dr. Manuel Belgrano,38021,Guerrero,38021010,1.34
2023,Jujuy,38,Humahuaca,38028,Uquía,38028060,4.9774
2023,Jujuy,38,San Antonio,38056,El Ceibal,38056010,1.1304
2023,Jujuy,38,Tilcara,38094,Colonia San José,38094010,5.3063
2023,Jujuy,38,Tilcara,38094,Huacalera,38094020,8.99
2023,Jujuy,38,Tilcara,38094,Maimará,38094040,18.5474
2023,Jujuy,38,Tilcara,38094,Tilcara,38094050,4.0577
2023,Jujuy,38,Tumbaya,38098,Purmamarca,38098030,7.5842
2023,Jujuy,38,Tumbaya,38098,Tumbaya,38098040,8
2023,La Pampa,42,Curacó,42042,Gobernador Duval,42042010,11.9
2023,La Pampa,42,Loventué,42098,Telén,42098040,1
2023,La Pampa,42,Puelén,42112,25 de Mayo,42112020,306.2448
2023,La Pampa,42,Rancul,42126,Caleufú,42126010,0.45
2023,La Pampa,42,Rancul,42126,Pichi Huinca,42126050,1.0752
2023,La Pampa,42,Toay,42140,Toay,42140020,0.2455
2023,La Pampa,42,Utracán,42154,General Acha,42154040,0.75
2023,La Rioja,46,Castro Barros,46021,Aminga,46021010,170.957
2023,La Rioja,46,Castro Barros,46021,Anillaco,46021020,84.574
2023,La Rioja,46,Castro Barros,46021,San Pedro,46021070,2.4913
2023,La Rioja,46,Castro Barros,46021,Agua Blanca,46021A00,0.401
2023,La Rioja,46,General Felipe Varela,46028,Santa Clara,46028020,28.7249
2023,La Rioja,46,General Felipe Varela,46028,Guandacol,46028020,292.5789
2023,La Rioja,46,General Felipe Varela,46028,Los Palacios,46028030,150.0501
2023,La Rioja,46,General Felipe Varela,46028,Pagancillo,46028040,28.5311
2023,La Rioja,46,General Felipe Varela,46028,Villa Unión,46028050,215.4245
2023,La Rioja,46,General Felipe Varela,46028,Banda Florida,46028050,28.9267
2023,La Rioja,46,General Felipe Varela,46028,Paso San Isidro,46028A14,4.19
2023,La Rioja,46,General Felipe Varela,46028,Paso San Isidro,46028A14,6.025
2023,La Rioja,46,Chilecito,46042,La Puntilla,46042010,0.011
2023,La Rioja,46,Chilecito,46042,Anguinán,46042010,1116.9303
2023,La Rioja,46,Chilecito,46042,Chilecito,46042010,4.05
2023,La Rioja,46,Chilecito,46042,Los Sarmientos,46042010,2.17
2023,La Rioja,46,Chilecito,46042,San Miguel,46042010,3.345
2023,La Rioja,46,Chilecito,46042,Colonia Catinzaco,46042030,100.735
2023,La Rioja,46,Chilecito,46042,Guanchín,46042060,12
2023,La Rioja,46,Chilecito,46042,Malligasta,46042070,1103.5107
2023,La Rioja,46,Chilecito,46042,Miranda,46042080,2.232
2023,La Rioja,46,Chilecito,46042,Nonogasta,46042090,1101.5952
2023,La Rioja,46,Chilecito,46042,San Nicolás,46042100,83.0802
2023,La Rioja,46,Chilecito,46042,Sañogasta,46042120,45.8924
2023,La Rioja,46,Chilecito,46042,Tilimuqui,46042130,670.9271
2023,La Rioja,46,Chilecito,46042,Vichigasta,46042140,1326.7519
2023,La Rioja,46,Famatina,46049,Angulos,46049020,44.67
2023,La Rioja,46,Famatina,46049,Antinaco,46049030,29.1
2023,La Rioja,46,Famatina,46049,Bajo Carrizal,46049040,0.08
2023,La Rioja,46,Famatina,46049,Campanas,46049050,1.7
2023,La Rioja,46,Famatina,46049,Chañarmuyo,46049060,103.032
2023,La Rioja,46,Famatina,46049,Famatina,46049070,13.039
2023,La Rioja,46,Famatina,46049,Famatina,46049070,1.475
2023,La Rioja,46,Famatina,46049,Famatina,46049070,84.6344
2023,La Rioja,46,Famatina,46049,Pituil,46049090,80.1964
2023,La Rioja,46,Famatina,46049,Plaza Vieja,46049100,24.405
2023,La Rioja,46,General Lamadrid,46077,Villa Castelli,46077010,6.25
2023,La Rioja,46,General Lamadrid,46077,Villa Castelli,46077010,61.4664
2023,La Rioja,46,Vinchina,46098,Villa San José de Vinchina,46098020,50.0946
2023,La Rioja,46,San Blas de Los Sauces,46119,Alpasinche,46119010,16.3
2023,La Rioja,46,San Blas de Los Sauces,46119,Shaqui,46119010,32.4
2023,La Rioja,46,San Blas de Los Sauces,46119,Las Talas,46119010,0.4
2023,La Rioja,46,San Blas de Los Sauces,46119,Los Robles,46119010,0.15
2023,La Rioja,46,San Blas de Los Sauces,46119,San Blas,46119010,6.7
2023,La Rioja,46,San Blas de Los Sauces,46119,Chaupihuasi,46119010,7.5306
2023,La Rioja,46,Sanagasta,46126,Villa Sanagasta,46126010,19.0144
2023,La Rioja,46,Sanagasta,46126,Huaco,46126A02,11
2023,Mendoza,50,General Alvear,50014,Bowen,50014010,1162.2967
2023,Mendoza,50,General Alvear,50014,Bowen,50014010,30.2628
2023,Mendoza,50,General Alvear,50014,Carmensa,50014020,7.8
2023,Mendoza,50,General Alvear,50014,Carmensa,50014020,260.91
2023,Mendoza,50,General Alvear,50014,General Alvear,50014030,188.5275
2023,Mendoza,50,General Alvear,50014,General Alvear,50014030,228.869
2023,Mendoza,50,General Alvear,50014,General Alvear,50014030,23.455
2023,Mendoza,50,General Alvear,50014,General Alvear,50014030,319.0251
2023,Mendoza,50,General Alvear,50014,General Alvear,50014030,98.665
2023,Mendoza,50,General Alvear,50014,Los Compartos,50014040,419.3649
2023,Mendoza,50,General Alvear,50014,Colonia San Pedro del Atuel,50014A04,16
2023,Mendoza,50,General Alvear,50014,El Ceibo,50014A08,12.72
2023,Mendoza,50,General Alvear,50014,El Ceibo,50014A08,69.84
2023,Mendoza,50,General Alvear,50014,La California,50014A12,44.944
2023,Mendoza,50,General Alvear,50014,La Escandinava,50014A14,147.9988
2023,Mendoza,50,General Alvear,50014,La Marsolina,50014A16,13.645
2023,Mendoza,50,General Alvear,50014,La Marsolina,50014A16,356.827
2023,Mendoza,50,General Alvear,50014,La Montilla,50014A17,2.5
2023,Mendoza,50,General Alvear,50014,Los Campamentos,50014A19,52.1392
2023,Mendoza,50,General Alvear,50014,Poste de Fierro,50014A24,100.9726
2023,Mendoza,50,Godoy Cruz,50021,Gobernador Benegas,50021010,0.677
2023,Mendoza,50,Guaymallén,50028,Colonia Segovia,50028010,96.4595
2023,Mendoza,50,Guaymallén,50028,Dorrego,50028020,22.7322
2023,Mendoza,50,Guaymallén,50028,Buena Nueva,50028020,31.699
2023,Mendoza,50,Guaymallén,50028,Villa Nueva,50028020,20.8225
2023,Mendoza,50,Guaymallén,50028,Bermejo,50028020,59.1083
2023,Mendoza,50,Guaymallén,50028,San Francisco del Monte,50028020,2.0029
2023,Mendoza,50,Guaymallén,50028,Rodeo de la Cruz,50028020,41.9449
2023,Mendoza,50,Guaymallén,50028,El Sauce,50028020,74.2805
2023,Mendoza,50,Guaymallén,50028,La Primavera,50028030,22.3045
2023,Mendoza,50,Guaymallén,50028,La Primavera,50028030,13.2064
2023,Mendoza,50,Guaymallén,50028,La Primavera,50028030,2
2023,Mendoza,50,Guaymallén,50028,Los Corralitos,50028040,98.4669
2023,Mendoza,50,Junín,50035,Ingeniero Giagnoni,50035010,44.1592
2023,Mendoza,50,Junín,50035,Junín,50035020,111.7932
2023,Mendoza,50,Junín,50035,Junín,50035020,1005.163
2023,Mendoza,50,Junín,50035,Junín,50035020,4.25
2023,Mendoza,50,Junín,50035,Junín,50035020,12.4112
2023,Mendoza,50,Junín,50035,La Colonia,50035030,733.3793
2023,Mendoza,50,Junín,50035,Los Barriales,50035040,30.8786
2023,Mendoza,50,Junín,50035,Los Barriales,50035040,5.1015
2023,Mendoza,50,Junín,50035,Los Barriales,50035040,1438.8428
2023,Mendoza,50,Junín,50035,Medrano,50035050,1795.1702
2023,Mendoza,50,Junín,50035,Medrano,50035050,23.965
2023,Mendoza,50,Junín,50035,Medrano,50035050,50.8793
2023,Mendoza,50,Junín,50035,Phillips,50035060,2027.5284
2023,Mendoza,50,Junín,50035,Phillips,50035060,9.39
2023,Mendoza,50,Junín,50035,Rodríguez Peña,50035070,1142.2634
2023,Mendoza,50,Junín,50035,Algarrobo Grande,50035A00,95.5433
2023,Mendoza,50,Junín,50035,Algarrobo Grande,50035A00,1645.6953
2023,Mendoza,50,Junín,50035,Algarrobo Grande,50035A00,80.119
2023,Mendoza,50,Junín,50035,Alto Verde,50035A01,777.7937
2023,Mendoza,50,Junín,50035,Alto Verde,50035A01,211.5566
2023,Mendoza,50,Junín,50035,Tres Esquinas,50035A02,4.788
2023,Mendoza,50,La Paz,50042,La Paz,50042020,24.4952
2023,Mendoza,50,La Paz,50042,La Paz,50042020,56.86
2023,Mendoza,50,La Paz,50042,Villa Antigua,50042030,40.67
2023,Mendoza,50,La Paz,50042,Las Chacritas,50042A07,19.42
2023,Mendoza,50,Las Heras,50049,Jocolí,50049030,78.3545
2023,Mendoza,50,Las Heras,50049,El Borbollón,50049050,225.1409
2023,Mendoza,50,Las Heras,50049,Las Heras,50049050,25.15
2023,Mendoza,50,Las Heras,50049,Las Heras,50049050,9.6
2023,Mendoza,50,Las Heras,50049,El Plumerillo,50049050,31.767
2023,Mendoza,50,Las Heras,50049,Panquehuá,50049050,46.5869
2023,Mendoza,50,Las Heras,50049,El Challao,50049050,13.7
2023,Mendoza,50,Las Heras,50049,El Algarrobal,50049050,356.7435
2023,Mendoza,50,Las Heras,50049,Capdevila,50049050,294.0532
2023,Mendoza,50,Las Heras,50049,Polvaredas,50049080,6
2023,Mendoza,50,Las Heras,50049,Uspallata,50049110,4
2023,Mendoza,50,Las Heras,50049,El Pastal,50049A04,194.0658
2023,Mendoza,50,Las Heras,50049,El Pastal,50049A04,10
2023,Mendoza,50,Lavalle,50056,Barrio Alto del Olvido,50056010,25.0225
2023,Mendoza,50,Lavalle,50056,Barrio La Palmera,50056030,495.5382
2023,Mendoza,50,Lavalle,50056,Barrio La Pega,50056040,237.1356
2023,Mendoza,50,Lavalle,50056,Costa de Araujo,50056080,3.1231
2023,Mendoza,50,Lavalle,50056,Costa de Araujo,50056080,8.3042
2023,Mendoza,50,Lavalle,50056,Costa de Araujo,50056080,3911.1781
2023,Mendoza,50,Lavalle,50056,El Paramillo,50056090,473.995
2023,Mendoza,50,Lavalle,50056,El Vergel,50056100,225.0461
2023,Mendoza,50,Lavalle,50056,El Vergel,50056100,3
2023,Mendoza,50,Lavalle,50056,Ingeniero Gustavo André,50056110,2433.8415
2023,Mendoza,50,Lavalle,50056,Jocolí,50056120,1263.2528
2023,Mendoza,50,Lavalle,50056,Jocolí Viejo,50056130,200.3186
2023,Mendoza,50,Lavalle,50056,Las Violetas,50056140,71.9978
2023,Mendoza,50,Lavalle,50056,3 de Mayo,50056150,867.7816
2023,Mendoza,50,Lavalle,50056,3 de Mayo,50056150,84.7216
2023,Mendoza,50,Lavalle,50056,Villa Tulumaya,50056160,0.6522
2023,Mendoza,50,Lavalle,50056,Villa Tulumaya,50056160,451.8164
2023,Mendoza,50,Lavalle,50056,Villa Tulumaya,50056160,38.5908
2023,Mendoza,50,Lavalle,50056,El Carmen,50056A05,122.4586
2023,Mendoza,50,Lavalle,50056,El Chilcal,50056A06,15.9244
2023,Mendoza,50,Lavalle,50056,El Chilcal,50056A06,287.9139
2023,Mendoza,50,Lavalle,50056,El Plumero,50056A09,819.6549
2023,Mendoza,50,Lavalle,50056,El Plumero,50056A09,18.18
2023,Mendoza,50,Lavalle,50056,El Retiro,50056A12,73.64
2023,Mendoza,50,Lavalle,50056,La Asunción,50056A15,37.16
2023,Mendoza,50,Lavalle,50056,La Holanda,50056A17,76.9646
2023,Mendoza,50,Lavalle,50056,Resurrección,50056A23,8.19
2023,Mendoza,50,Lavalle,50056,San Francisco,50056A24,236.2809
2023,Mendoza,50,Lavalle,50056,San José,50056A26,22.5
2023,Mendoza,50,Lavalle,50056,San José,50056A26,4
2023,Mendoza,50,Luján de Cuyo,50063,Agrelo,50063010,5646.5465
2023,Mendoza,50,Luján de Cuyo,50063,Cacheuta,50063030,3.094
2023,Mendoza,50,Luján de Cuyo,50063,El Carrizal,50063050,2469.1728
2023,Mendoza,50,Luján de Cuyo,50063,Las Compuertas,50063070,372.4966
2023,Mendoza,50,Luján de Cuyo,50063,Luján de Cuyo,50063090,141.5661
2023,Mendoza,50,Luján de Cuyo,50063,Vistalba,50063090,486.4495
2023,Mendoza,50,Luján de Cuyo,50063,Carrodilla,50063090,65.056
2023,Mendoza,50,Luján de Cuyo,50063,Chacras de Coria,50063090,98.469
2023,Mendoza,50,Luján de Cuyo,50063,Mayor Drummond,50063090,310.1887
2023,Mendoza,50,Luján de Cuyo,50063,Perdriel,50063100,1380.7248
2023,Mendoza,50,Luján de Cuyo,50063,Perdriel,50063100,2
2023,Mendoza,50,Luján de Cuyo,50063,Potrerillos,50063110,2.0151
2023,Mendoza,50,Luján de Cuyo,50063,Ugarteche,50063120,4113.9117
2023,Mendoza,50,Luján de Cuyo,50063,Anchoris,50063A01,86.3588
2023,Mendoza,50,Luján de Cuyo,50063,Baños Lunlunta,50063A02,28.6
2023,Mendoza,50,Luján de Cuyo,50063,Industrial,50063A03,11.4
2023,Mendoza,50,Maipú,50070,Barrancas,50070010,2853.3344
2023,Mendoza,50,Maipú,50070,Barrancas,50070010,1.5
2023,Mendoza,50,Maipú,50070,Barrio Jesús de Nazaret,50070020,11.477
2023,Mendoza,50,Maipú,50070,Cruz de Piedra,50070030,710.2133
2023,Mendoza,50,Maipú,50070,Cruz de Piedra,50070030,575.1199
2023,Mendoza,50,Maipú,50070,El Pedregal,50070040,38.3
2023,Mendoza,50,Maipú,50070,Fray Luis Beltrán,50070050,3427.6941
2023,Mendoza,50,Maipú,50070,Fray Luis Beltrán,50070050,170.4609
2023,Mendoza,50,Maipú,50070,Fray Luis Beltrán,50070050,215.0979
2023,Mendoza,50,Maipú,50070,Maipú,50070060,38.588
2023,Mendoza,50,Maipú,50070,General Gutiérrez,50070060,41
2023,Mendoza,50,Maipú,50070,Coquimbito,50070060,316.8042
2023,Mendoza,50,Maipú,50070,Rodeo del Medio,50070070,926.1142
2023,Mendoza,50,Maipú,50070,Rodeo del Medio,50070070,2
2023,Mendoza,50,Maipú,50070,Rodeo del Medio,50070070,112.15
2023,Mendoza,50,Maipú,50070,Rodeo del Medio,50070070,22.052
2023,Mendoza,50,Maipú,50070,Russell,50070080,424.3643
2023,Mendoza,50,Maipú,50070,San Roque,50070090,221.5417
2023,Mendoza,50,Maipú,50070,San Roque,50070090,454.3824
2023,Mendoza,50,Maipú,50070,El Paraíso,50070A01,240.05
2023,Mendoza,50,Maipú,50070,Los Álamos,50070A02,75.353
2023,Mendoza,50,Malargüe,50077,Malargüe,50077040,0.12
2023,Mendoza,50,Rivadavia,50084,Andrade,50084010,916.8712
2023,Mendoza,50,Rivadavia,50084,El Mirador,50084040,2065.2808
2023,Mendoza,50,Rivadavia,50084,El Mirador,50084040,69.0136
2023,Mendoza,50,Rivadavia,50084,La Central,50084050,2828.1667
2023,Mendoza,50,Rivadavia,50084,La Libertad,50084080,1052.7739
2023,Mendoza,50,Rivadavia,50084,Los Árboles,50084090,555.9183
2023,Mendoza,50,Rivadavia,50084,Los Campamentos,50084100,3740.1211
2023,Mendoza,50,Rivadavia,50084,Los Campamentos,50084100,4
2023,Mendoza,50,Rivadavia,50084,Medrano,50084110,703.6078
2023,Mendoza,50,Rivadavia,50084,Mundo Nuevo,50084120,117.7481
2023,Mendoza,50,Rivadavia,50084,Reducción de Abajo,50084130,858.9355
2023,Mendoza,50,Rivadavia,50084,Rivadavia,50084140,727.342
2023,Mendoza,50,Rivadavia,50084,Santa María de Oro,50084150,624.1233
2023,Mendoza,50,San Carlos,50091,Barrio El Cepillo,50091010,495.0557
2023,Mendoza,50,San Carlos,50091,Chilecito,50091020,291.1214
2023,Mendoza,50,San Carlos,50091,Eugenio Bustos,50091030,1990.3778
2023,Mendoza,50,San Carlos,50091,La Consulta,50091040,103.65
2023,Mendoza,50,San Carlos,50091,La Consulta,50091040,5083.6352
2023,Mendoza,50,San Carlos,50091,La Consulta,50091040,9
2023,Mendoza,50,San Carlos,50091,Pareditas,50091050,164.6724
2023,Mendoza,50,San Carlos,50091,San Carlos,50091060,84.32
2023,Mendoza,50,San Carlos,50091,San Carlos,50091060,369.0744
2023,Mendoza,50,San Carlos,50091,Casas Viejas,50091A01,53.9264
2023,Mendoza,50,San Carlos,50091,El Capacho,50091A03,20.6
2023,Mendoza,50,San Carlos,50091,Tres Esquinas,50091A17,31.2302
2023,Mendoza,50,San Martín,50098,Alto Verde,50098020,2749.1446
2023,Mendoza,50,San Martín,50098,Chapanay,50098060,4616.0189
2023,Mendoza,50,San Martín,50098,Chivilcoy,50098070,626.3393
2023,Mendoza,50,San Martín,50098,El Espino,50098073,440.6708
2023,Mendoza,50,San Martín,50098,El Ramblón,50098077,1324.4205
2023,Mendoza,50,San Martín,50098,El Ramblón,50098077,751.315
2023,Mendoza,50,San Martín,50098,Montecaseros,50098080,6101.3102
2023,Mendoza,50,San Martín,50098,Nueva California,50098090,2213.0977
2023,Mendoza,50,San Martín,50098,San Martín,50098100,43.8194
2023,Mendoza,50,San Martín,50098,Palmira,50098100,1290.4149
2023,Mendoza,50,San Martín,50098,San Martín,50098100,503.4011
2023,Mendoza,50,San Martín,50098,Tres Porteñas,50098110,1497.2801
2023,Mendoza,50,San Martín,50098,Alto Chapanay,50098A00,91.567
2023,Mendoza,50,San Martín,50098,Alto Salvador,50098A01,1326.7497
2023,Mendoza,50,San Martín,50098,Buen Orden,50098A03,549.3006
2023,Mendoza,50,San Martín,50098,El Central,50098A06,1317.2556
2023,Mendoza,50,San Martín,50098,El Divisadero,50098A07,1005.3541
2023,Mendoza,50,San Martín,50098,Las Chimbas,50098A09,329.277
2023,Mendoza,50,San Rafael,50105,Barrio Campos El Toledano,50105010,14.5964
2023,Mendoza,50,San Rafael,50105,Capitán Montoya,50105050,26.1924
2023,Mendoza,50,San Rafael,50105,Cuadro Benegas,50105060,797.1241
2023,Mendoza,50,San Rafael,50105,El Tropezón,50105090,11.6553
2023,Mendoza,50,San Rafael,50105,Goudge,50105100,1005.5976
2023,Mendoza,50,San Rafael,50105,Jaime Prats,50105110,0.72
2023,Mendoza,50,San Rafael,50105,Jaime Prats,50105110,549.9146
2023,Mendoza,50,San Rafael,50105,La Llave Nueva,50105120,441.4136
2023,Mendoza,50,San Rafael,50105,La Llave Nueva,50105120,53.6826
2023,Mendoza,50,San Rafael,50105,Las Malvinas,50105130,10.06
2023,Mendoza,50,San Rafael,50105,Monte Comán,50105150,164.8826
2023,Mendoza,50,San Rafael,50105,Punta del Agua,50105170,0.318
2023,Mendoza,50,San Rafael,50105,Rama Caída,50105180,21.572
2023,Mendoza,50,San Rafael,50105,Rama Caída,50105180,631.3853
2023,Mendoza,50,San Rafael,50105,Real del Padre,50105190,1416.1975
2023,Mendoza,50,San Rafael,50105,Salto de las Rosas,50105200,42.6233
2023,Mendoza,50,San Rafael,50105,San Rafael,50105210,4
2023,Mendoza,50,San Rafael,50105,San Rafael,50105210,6.045
2023,Mendoza,50,San Rafael,50105,Cuadro Nacional,50105210,1267.8905
2023,Mendoza,50,San Rafael,50105,Cuadro Nacional,50105210,98.947
2023,Mendoza,50,San Rafael,50105,San Rafael,50105210,5.6999
2023,Mendoza,50,San Rafael,50105,San Rafael,50105210,119.8756
2023,Mendoza,50,San Rafael,50105,25 de Mayo,50105220,3
2023,Mendoza,50,San Rafael,50105,25 de Mayo,50105220,37.1255
2023,Mendoza,50,San Rafael,50105,Villa Atuel,50105230,452.9473
2023,Mendoza,50,San Rafael,50105,Villa Atuel,50105230,817.4717
2023,Mendoza,50,San Rafael,50105,Villa Atuel,50105230,25.93
2023,Mendoza,50,San Rafael,50105,Cañada Seca,50105A04,1.0865
2023,Mendoza,50,San Rafael,50105,Cañada Seca,50105A04,1924.799
2023,Mendoza,50,San Rafael,50105,Colonia Bombal y Tabanera,50105A06,97.9192
2023,Mendoza,50,San Rafael,50105,Colonia Colomer,50105A07,27.6295
2023,Mendoza,50,San Rafael,50105,Colonia El Usillal,50105A08,161.4525
2023,Mendoza,50,San Rafael,50105,Colonia Elena,50105A09,150.4385
2023,Mendoza,50,San Rafael,50105,Colonia Española,50105A10,25.667
2023,Mendoza,50,San Rafael,50105,Colonia Gelman,50105A11,42.5699
2023,Mendoza,50,San Rafael,50105,Colonia Jáuregui,50105A12,9.6
2023,Mendoza,50,San Rafael,50105,Colonia López,50105A13,205.1545
2023,Mendoza,50,San Rafael,50105,El Algarrobal,50105A20,4.42
2023,Mendoza,50,San Rafael,50105,El Cerrito,50105A22,179.5405
2023,Mendoza,50,San Rafael,50105,La Guevarina,50105A32,45.5
2023,Mendoza,50,San Rafael,50105,La Llave Vieja,50105A35,30.6904
2023,Mendoza,50,San Rafael,50105,Las Paredes,50105A44,20.571
2023,Mendoza,50,San Rafael,50105,Las Paredes,50105A44,1136.0704
2023,Mendoza,50,San Rafael,50105,Los Claveles,50105A46,23.1161
2023,Mendoza,50,San Rafael,50105,Los Sifones,50105A51,7.865
2023,Mendoza,50,San Rafael,50105,Rincón del Atuel,50105A60,10.416
2023,Mendoza,50,San Rafael,50105,Soitué,50105A64,39.5475
2023,Mendoza,50,Santa Rosa,50112,Barrio 12 de Octubre,50112010,682.7415
2023,Mendoza,50,Santa Rosa,50112,Barrio 12 de Octubre,50112010,679.8926
2023,Mendoza,50,Santa Rosa,50112,Barrio Molina Cabrera,50112030,22.05
2023,Mendoza,50,Santa Rosa,50112,La Dormida,50112040,942.1657
2023,Mendoza,50,Santa Rosa,50112,La Dormida,50112040,158.0929
2023,Mendoza,50,Santa Rosa,50112,Las Catitas,50112050,1346.5065
2023,Mendoza,50,Santa Rosa,50112,Santa Rosa,50112060,645.1496
2023,Mendoza,50,Santa Rosa,50112,Santa Rosa,50112060,2860.2011
2023,Mendoza,50,Santa Rosa,50112,Santa Rosa,50112060,131.5888
2023,Mendoza,50,Santa Rosa,50112,Gobernador Civit,50112A05,35.25
2023,Mendoza,50,Santa Rosa,50112,Los Yoles,50112A10,68.938
2023,Mendoza,50,Tunuyán,50119,Campo Los Andes,50119020,221.3013
2023,Mendoza,50,Tunuyán,50119,Colonia Las Rosas,50119030,41.42
2023,Mendoza,50,Tunuyán,50119,Los Sauces,50119050,1115.8397
2023,Mendoza,50,Tunuyán,50119,Tunuyán,50119060,9.8443
2023,Mendoza,50,Tunuyán,50119,Tunuyán,50119060,729.9207
2023,Mendoza,50,Tunuyán,50119,Tunuyán,50119060,105.388
2023,Mendoza,50,Tunuyán,50119,Vista Flores,50119070,2051.3445
2023,Mendoza,50,Tunuyán,50119,El Totoral,50119A02,154.769
2023,Mendoza,50,Tunuyán,50119,El Totoral,50119A02,659.8672
2023,Mendoza,50,Tunuyán,50119,La Primavera,50119A04,299.1562
2023,Mendoza,50,Tunuyán,50119,Las Pintadas,50119A07,532.3965
2023,Mendoza,50,Tunuyán,50119,Los Árboles,50119A08,60
2023,Mendoza,50,Tunuyán,50119,Los Árboles,50119A08,1923.7204
2023,Mendoza,50,Tunuyán,50119,Los Chacales,50119A09,1224.4927
2023,Mendoza,50,Tunuyán,50119,Villa Seca,50119A14,1045.9514
2023,Mendoza,50,Tupungato,50126,Cordón del Plata,50126020,45.7176
2023,Mendoza,50,Tupungato,50126,Cordón del Plata,50126020,1886.6294
2023,Mendoza,50,Tupungato,50126,Cordón del Plata,50126020,519.4025
2023,Mendoza,50,Tupungato,50126,El Peral,50126030,842.0374
2023,Mendoza,50,Tupungato,50126,El Zampal,50126035,904.8921
2023,Mendoza,50,Tupungato,50126,La Arboleda,50126040,1709.7512
2023,Mendoza,50,Tupungato,50126,San José,50126050,409.1812
2023,Mendoza,50,Tupungato,50126,Tupungato,50126060,455.3728
2023,Mendoza,50,Tupungato,50126,Villa Bastias,50126060,371.9041
2023,Mendoza,50,Tupungato,50126,Tupungato,50126060,129.2767
2023,Mendoza,50,Tupungato,50126,Anchoris,50126A01,394.5133
2023,Mendoza,50,Tupungato,50126,Ancón,50126A02,1.392
2023,Mendoza,50,Tupungato,50126,Gualtallary,50126A05,2604.5569
2023,Mendoza,50,Tupungato,50126,Zapata,50126A12,118.245
2023,Misiones,54,Cainguás,54014,Aristóbulo del Valle,54014010,1
2023,Misiones,54,Cainguás,54014,Salto Encantado,54014080,6.8
2023,Misiones,54,Capital,54028,Posadas,54028030,0.5719
2023,Misiones,54,Leandro N. Alem,54070,Cerro Azul,54070040,1.25
2023,Misiones,54,Leandro N. Alem,54070,Leandro N. Alem,54070070,1.05
2023,Misiones,54,Leandro N. Alem,54070,Olegario V. Andrade,54070080,1
2023,Misiones,54,25 de Mayo,54119,Alba Posse,54119010,0.95
2023,Neuquén,58,Añelo,58014,Añelo,58014010,122.07
2023,Neuquén,58,Añelo,58014,San Patricio del Chañar,58014020,1498.2543
2023,Neuquén,58,Collón Curá,58028,Piedra del Águila,58028010,4.841
2023,Neuquén,58,Confluencia,58035,Centenario,58035030,8.785
2023,Neuquén,58,Confluencia,58035,Centenario,58035030,1.994
2023,Neuquén,58,Confluencia,58035,Cutral Có,58035040,4.6645
2023,Neuquén,58,Confluencia,58035,Mari Menuco,58035060,29.0606
2023,Neuquén,58,Confluencia,58035,Neuquén,58035070,4.2622
2023,Neuquén,58,Confluencia,58035,Neuquén,58035070,0.333
2023,Neuquén,58,Confluencia,58035,Neuquén,58035070,1.9025
2023,Neuquén,58,Confluencia,58035,Plaza Huincul,58035090,0.45
2023,Neuquén,58,Confluencia,58035,Plottier,58035100,33.818
2023,Neuquén,58,Confluencia,58035,Senillosa,58035110,48.4962
2023,Neuquén,58,Chos Malal,58042,Chos Malal,58042010,5.934
2023,Neuquén,58,Lácar,58056,San Martín de los Andes,58056010,0.6415
2023,Neuquén,58,Ñorquín,58084,Taquimilán,58084050,0.6
2023,Neuquén,58,Pehuenches,58091,Buta Ranquil,58091020,3.05
2023,Neuquén,58,Picún Leufú,58098,Picún Leufú,58098020,21.52
2023,Neuquén,58,Picunches,58105,Bajada del Agrio,58105010,1.2
2023,Río Negro,62,Adolfo Alsina,62007,Guardia Mitre,62007040,1.5722
2023,Río Negro,62,Adolfo Alsina,62007,San Javier,62007080,70.7909
2023,Río Negro,62,Adolfo Alsina,62007,Viedma,62007090,27.82
2023,Río Negro,62,Adolfo Alsina,62007,Cubanea,62007A03,2
2023,Río Negro,62,Avellaneda,62014,Chimpay,62014030,0.69
2023,Río Negro,62,Avellaneda,62014,Choele Choel,62014040,7.2
2023,Río Negro,62,Avellaneda,62014,Darwin,62014060,36.465
2023,Río Negro,62,Avellaneda,62014,Lamarque,62014070,2.25
2023,Río Negro,62,Avellaneda,62014,Luis Beltrán,62014080,92.152
2023,Río Negro,62,Avellaneda,62014,Pomona,62014090,69.6065
2023,Río Negro,62,Bariloche,62021,El Bolsón,62021030,1.1553
2023,Río Negro,62,Conesa,62028,Barrio Colonia Conesa,62028010,6
2023,Río Negro,62,Conesa,62028,Barrio Colonia Conesa,62028010,2.616
2023,Río Negro,62,Conesa,62028,General Conesa,62028020,15.515
2023,Río Negro,62,Conesa,62028,Colonia San Juan,62028A02,12.2725
2023,Río Negro,62,El Cuy,62035,El Cuy,62035030,28.8
2023,Río Negro,62,El Cuy,62035,Valle Azul,62035080,31.095
2023,Río Negro,62,General Roca,62042,Allen,62042010,147.7
2023,Río Negro,62,General Roca,62042,Barda del Medio,62042030,15.296
2023,Río Negro,62,General Roca,62042,Barrio Guerrico,62042160,8.6013
2023,Río Negro,62,General Roca,62042,Barrio Pinar,62042297,27
2023,Río Negro,62,General Roca,62042,Catriel,62042360,1.5
2023,Río Negro,62,General Roca,62042,Catriel,62042360,4.506
2023,Río Negro,62,General Roca,62042,Cervantes,62042370,22.387
2023,Río Negro,62,General Roca,62042,Cinco Saltos,62042390,7.151
2023,Río Negro,62,General Roca,62042,Cipolletti,62042400,75.6829
2023,Río Negro,62,General Roca,62042,Contralmirante Cordero,62042410,3
2023,Río Negro,62,General Roca,62042,Ferri,62042420,4.621
2023,Río Negro,62,General Roca,62042,General Enrique Godoy,62042430,23.37
2023,Río Negro,62,General Roca,62042,General Fernández Oro,62042440,36.3418
2023,Río Negro,62,General Roca,62042,General Roca,62042450,0.88
2023,Río Negro,62,General Roca,62042,General Roca,62042450,150.506
2023,Río Negro,62,General Roca,62042,General Roca,62042450,21.0414
2023,Río Negro,62,General Roca,62042,Ingeniero Luis A. Huergo,62042460,115.7785
2023,Río Negro,62,General Roca,62042,Mainqué,62042480,330.9661
2023,Río Negro,62,General Roca,62042,Villa Alberdi,62042530,0.6426
2023,Río Negro,62,General Roca,62042,Villa Manzano,62042550,23.5089
2023,Río Negro,62,General Roca,62042,Villa Regina,62042560,9.4498
2023,Río Negro,62,Pichi Mahuida,62063,Río Colorado,62063020,61.4896
2023,Río Negro,62,Pilcaniyeu,62070,Villa Llanquín,62070080,0.45
2023,Salta,66,Cachi,66014,Cachi,66014010,39.8252
2023,Salta,66,Cachi,66014,Payogasta,66014020,74.211
2023,Salta,66,Cachi,66014,La Paya,66014A07,0.38
2023,Salta,66,Cafayate,66021,Cafayate,66021010,1742.7094
2023,Salta,66,Cafayate,66021,Cafayate,66021010,0.355
2023,Salta,66,Cafayate,66021,Cafayate,66021010,326.925
2023,Salta,66,Cafayate,66021,Cafayate,66021010,72.5737
2023,Salta,66,Cafayate,66021,Tolombón,66021020,587.3232
2023,Salta,66,Cafayate,66021,Chuscha,66021A01,3.05
2023,Salta,66,Cafayate,66021,Las Conchas,66021A04,12.4
2023,Salta,66,Cafayate,66021,Yacochuya Norte,66021A05,79.63
2023,Salta,66,Chicoana,66042,Chicoana,66042010,0.11
2023,Salta,66,Chicoana,66042,San Fernando de Escoipe,66042A12,3
2023,Salta,66,La Viña,66098,Cabra Corral,66098020,4.65
2023,Salta,66,La Viña,66098,Las Curtiembres,66098A08,5.03
2023,Salta,66,Molinos,66119,Molinos,66119020,47.0787
2023,Salta,66,Molinos,66119,Seclantás,66119030,4.96
2023,Salta,66,Molinos,66119,Colomé,66119A06,6.55
2023,Salta,66,Molinos,66119,Colomé,66119A06,70.8
2023,Salta,66,Molinos,66119,Luracatao,66119A10,3.7
2023,Salta,66,San Carlos,66154,Angastaco,66154010,146.07
2023,Salta,66,San Carlos,66154,Animaná,66154020,449.8474
2023,Salta,66,San Carlos,66154,El Barrial,66154030,0.43
2023,Salta,66,San Carlos,66154,San Carlos,66154040,36
2023,Salta,66,San Carlos,66154,San Carlos,66154040,35.07
2023,Salta,66,San Carlos,66154,Corralito,66154A01,25.9257
2023,Salta,66,San Carlos,66154,Payogastilla,66154A17,1.642
2023,Salta,66,San Carlos,66154,San Lucas,66154A24,6.8
2023,Salta,66,San Carlos,66154,Santa Rosa,66154A26,11.355
2023,San Juan,70,Albardón,70007,El Rincón,70007010,98.329
2023,San Juan,70,Albardón,70007,El Rincón,70007010,755.1141
2023,San Juan,70,Albardón,70007,Villa General San Martín - Campo Afuera,70007020,19.6942
2023,San Juan,70,Albardón,70007,Villa General San Martín - Campo Afuera,70007020,98.5534
2023,San Juan,70,Albardón,70007,Villa General San Martín - Campo Afuera,70007020,14.2505
2023,San Juan,70,Albardón,70007,Villa General San Martín - Campo Afuera,70007020,186.4224
2023,San Juan,70,Albardón,70007,Villa General San Martín - Campo Afuera,70007020,108.6318
2023,San Juan,70,Albardón,70007,Villa General San Martín - Campo Afuera,70007020,3.15
2023,San Juan,70,Albardón,70007,Villa General San Martín - Campo Afuera,70007020,3.19
2023,San Juan,70,Albardón,70007,Baños La Laja,70007A02,0.5802
2023,San Juan,70,Albardón,70007,Baños La Laja,70007A02,8.0226
2023,San Juan,70,Albardón,70007,El Salado,70007A03,62.155
2023,San Juan,70,Albardón,70007,Las Tapias,70007A04,137.6658
2023,San Juan,70,Albardón,70007,Las Tapias,70007A04,15.2
2023,San Juan,70,Angaco,70014,Las Tapias,70014010,16.1746
2023,San Juan,70,Angaco,70014,Las Tapias,70014010,312.4717
2023,San Juan,70,Angaco,70014,Villa El Salvador,70014020,595.5691
2023,San Juan,70,Angaco,70014,Villa El Salvador,70014020,118.2933
2023,San Juan,70,Angaco,70014,Villa Sefair,70014020,249.2909
2023,San Juan,70,Angaco,70014,Villa El Salvador,70014020,92.2911
2023,San Juan,70,Angaco,70014,El Alamito,70014A01,42.2892
2023,San Juan,70,Angaco,70014,El Bosque,70014A02,297.9697
2023,San Juan,70,Angaco,70014,Punta del Monte,70014A05,403.8767
2023,San Juan,70,Calingasta,70021,Barreal - Villa Pituil,70021010,29.4939
2023,San Juan,70,Calingasta,70021,Barreal - Villa Pituil,70021010,17
2023,San Juan,70,Calingasta,70021,Calingasta,70021020,15.6
2023,San Juan,70,Calingasta,70021,Tamberías,70021030,57.596
2023,San Juan,70,Calingasta,70021,Hilario,70021A10,7.152
2023,San Juan,70,Calingasta,70021,Puchuzún,70021A28,13.7
2023,San Juan,70,Calingasta,70021,Sorocayense,70021A30,84.199
2023,San Juan,70,Calingasta,70021,Villa Corral,70021A31,23.465
2023,San Juan,70,Caucete,70035,Caucete,70035020,2.3328
2023,San Juan,70,Caucete,70035,Caucete,70035020,10.4457
2023,San Juan,70,Caucete,70035,Caucete,70035020,27.892
2023,San Juan,70,Caucete,70035,Caucete,70035020,0.4395
2023,San Juan,70,Caucete,70035,Caucete,70035020,9.515
2023,San Juan,70,Caucete,70035,Caucete,70035020,27.91
2023,San Juan,70,Caucete,70035,Caucete,70035020,0.3
2023,San Juan,70,Caucete,70035,Caucete,70035020,2608.4559
2023,San Juan,70,Caucete,70035,El Rincón,70035030,623.8707
2023,San Juan,70,Caucete,70035,Las Talas - Los Médanos,70035040,284.8591
2023,San Juan,70,Caucete,70035,Marayes,70035050,2.452
2023,San Juan,70,Caucete,70035,Pie de Palo,70035060,126.2961
2023,San Juan,70,Caucete,70035,Villa Independencia,70035080,539.6696
2023,San Juan,70,Caucete,70035,La Puntilla,70035A02,1162.6961
2023,San Juan,70,Caucete,70035,Pozo de los Algarrobos,70035A07,1493.5981
2023,San Juan,70,Chimbas,70042,Chimbas,70042010,638.4861
2023,San Juan,70,Chimbas,70042,Chimbas,70042010,100.6298
2023,San Juan,70,Iglesia,70049,Angualasto,70049010,2.6475
2023,San Juan,70,Iglesia,70049,Las Flores,70049040,2.1723
2023,San Juan,70,9 de Julio,70063,Alto de Sierra,70063010,52.2438
2023,San Juan,70,9 de Julio,70063,Las Chacritas,70063030,43.5014
2023,San Juan,70,9 de Julio,70063,Las Chacritas,70063030,516.6055
2023,San Juan,70,9 de Julio,70063,Las Chacritas,70063030,5.3294
2023,San Juan,70,9 de Julio,70063,9 de Julio,70063040,1788.6593
2023,San Juan,70,9 de Julio,70063,La Majadita,70063A00,388.3943
2023,San Juan,70,9 de Julio,70063,Rincón Cercado,70063A02,125.9666
2023,San Juan,70,Pocito,70070,Carpintería,70070020,1786.2864
2023,San Juan,70,Pocito,70070,Las Piedritas,70070025,5.47
2023,San Juan,70,Pocito,70070,Quinto Cuartel,70070030,53.62
2023,San Juan,70,Pocito,70070,La Rinconada,70070040,556.8762
2023,San Juan,70,Pocito,70070,Villa Aberastain,70070040,155.5873
2023,San Juan,70,Pocito,70070,Villa Aberastain,70070040,16.47
2023,San Juan,70,Pocito,70070,Villa Aberastain,70070040,600.7816
2023,San Juan,70,Pocito,70070,Villa Nacusi,70070050,36.7165
2023,San Juan,70,Pocito,70070,Villa Nacusi,70070050,8.01
2023,San Juan,70,Pocito,70070,Villa Nacusi,70070050,2
2023,San Juan,70,Rawson,70077,Rawson,70077010,3.97
2023,San Juan,70,Rawson,70077,Rawson,70077010,30.6611
2023,San Juan,70,Rawson,70077,Rawson,70077010,456.9583
2023,San Juan,70,Rawson,70077,El Medanito,70077010,158.5064
2023,San Juan,70,Rawson,70077,Rawson,70077010,26.8826
2023,San Juan,70,Rawson,70077,Colonia Médano de Oro,70077A00,614.0783
2023,San Juan,70,Rawson,70077,Colonia Rodas,70077A02,84.343
2023,San Juan,70,Rawson,70077,Colonia Rodas,70077A02,43.3535
2023,San Juan,70,Rivadavia,70084,Rivadavia,70084010,75.806
2023,San Juan,70,Rivadavia,70084,Rivadavia,70084010,64.5955
2023,San Juan,70,Rivadavia,70084,Rivadavia,70084010,56.937
2023,San Juan,70,San Martín,70091,Dos Acequias,70091020,854.8601
2023,San Juan,70,San Martín,70091,San Isidro,70091030,640.6726
2023,San Juan,70,San Martín,70091,Villa Dominguito,70091050,34.07
2023,San Juan,70,San Martín,70091,Villa San Martín,70091070,951.9865
2023,San Juan,70,San Martín,70091,Coll,70091A00,5.45
2023,San Juan,70,San Martín,70091,Los Compartos,70091A01,120.2725
2023,San Juan,70,San Martín,70091,Los Compartos,70091A01,869.0618
2023,San Juan,70,San Martín,70091,Los Compartos,70091A01,55.6665
2023,San Juan,70,San Martín,70091,Villa Lugano,70091A02,38.2
2023,San Juan,70,San Martín,70091,Villa Lugano,70091A02,31.5741
2023,San Juan,70,Santa Lucía,70098,Colonia Gutiérrez,70098010,15.8111
2023,San Juan,70,Santa Lucía,70098,Santa Lucía,70098010,71.866
2023,San Juan,70,Santa Lucía,70098,Santa Lucía,70098010,344.9026
2023,San Juan,70,Santa Lucía,70098,Santa Lucía,70098010,35.444
2023,San Juan,70,Santa Lucía,70098,Colonia Gutiérrez,70098010,74.8619
2023,San Juan,70,Santa Lucía,70098,Colonia Gutiérrez,70098010,353.7957
2023,San Juan,70,Santa Lucía,70098,Santa Lucía,70098010,50.766
2023,San Juan,70,Santa Lucía,70098,Santa Lucía,70098010,37.012
2023,San Juan,70,Sarmiento,70105,Cañada Honda,70105010,518.9943
2023,San Juan,70,Sarmiento,70105,Colonia Fiscal,70105030,933.6605
2023,San Juan,70,Sarmiento,70105,Guanacache,70105050,50.88
2023,San Juan,70,Sarmiento,70105,Las Lagunas,70105060,580.7959
2023,San Juan,70,Sarmiento,70105,Los Berros,70105070,23.1867
2023,San Juan,70,Sarmiento,70105,Los Berros,70105070,6.4366
2023,San Juan,70,Sarmiento,70105,Pedernal,70105080,778.002
2023,San Juan,70,Sarmiento,70105,Punta del Médano,70105090,179.6004
2023,San Juan,70,Sarmiento,70105,Villa Media Agua,70105100,359.6678
2023,San Juan,70,Sarmiento,70105,Villa Media Agua,70105100,1188.16
2023,San Juan,70,Sarmiento,70105,Cochagual,70105A01,2043.8182
2023,San Juan,70,Sarmiento,70105,San Carlos,70105A07,232.39
2023,San Juan,70,Sarmiento,70105,Tres Esquinas,70105A08,368.8016
2023,San Juan,70,Ullum,70112,Villa Ibáñez,70112010,28.303
2023,San Juan,70,Ullum,70112,Villa Ibáñez,70112010,1306.6998
2023,San Juan,70,Ullum,70112,La Banderita,70112A04,22.5177
2023,San Juan,70,Valle Fértil,70119,Balde del Rosario,70119020,0.784
2023,San Juan,70,25 de Mayo,70126,Tupelí,70126020,142.348
2023,San Juan,70,25 de Mayo,70126,Tupelí,70126020,298.2413
2023,San Juan,70,25 de Mayo,70126,Villa Borjas - La Chimbera,70126030,921.504
2023,San Juan,70,25 de Mayo,70126,Villa Santa Rosa,70126050,1787.9704
2023,San Juan,70,25 de Mayo,70126,Villa Santa Rosa,70126050,102.3548
2023,San Juan,70,25 de Mayo,70126,Villa Santa Rosa,70126050,157.0239
2023,San Juan,70,25 de Mayo,70126,Villa Santa Rosa,70126050,1405.7622
2023,San Juan,70,25 de Mayo,70126,Villa Santa Rosa,70126050,547.0083
2023,San Juan,70,25 de Mayo,70126,Algarrobo Verde,70126A00,96.95
2023,San Juan,70,25 de Mayo,70126,Cuatro Esquinas,70126A04,15.8254
2023,San Juan,70,25 de Mayo,70126,Las Casuarinas,70126A06,1966.6267
2023,San Juan,70,25 de Mayo,70126,Punta del Médano,70126A09,59.776
2023,San Juan,70,Zonda,70133,Villa Basilio Nievas,70133010,423.6076
2023,San Juan,70,Zonda,70133,Villa Basilio Nievas,70133010,49.45
2023,San Juan,70,Zonda,70133,Villa Basilio Nievas,70133010,343.099
2023,San Juan,70,Zonda,70133,Villa Basilio Nievas,70133010,57.5
2023,San Juan,70,Zonda,70133,Villa Basilio Nievas,70133010,223.147
2023,San Luis,74,Ayacucho,74007,Candelaria,74007010,10.0799
2023,San Luis,74,Belgrano,74014,Nogolí,74014020,4
2023,San Luis,74,Coronel Pringles,74021,Río Grande,74021080,4.4237
2023,San Luis,74,Junín,74049,Merlo,74049060,1.332
2023,San Luis,74,Junín,74049,Santa Rosa del Conlara,74049070,26.1
2023,San Luis,74,Juan Martín de Pueyrredón,74056,Beazley,74056040,56.934
2023,San Luis,74,Juan Martín de Pueyrredón,74056,San Luis,74056150,6.4949
2023,Santa Cruz,78,Deseado,78014,Caleta Olivia,78014010,0.25
2023,Santa Fe,82,Belgrano,82007,Las Parejas,82007030,0.013
2023,Santa Fe,82,Caseros,82014,Arteaga,82014020,0.3375
2023,Santa Fe,82,Castellanos,82021,Santa Clara de Saguier,82021350,0.6264
2023,Santa Fe,82,Iriondo,82056,Serodino,82056130,0.081
2023,Santa Fe,82,Iriondo,82056,Totoras,82056140,0.006
2023,Santa Fe,82,La Capital,82063,Laguna Paiva,82063080,0.09
2023,Santa Fe,82,La Capital,82063,Llambi Campbell,82063090,0.0432
2023,Santa Fe,82,Las Colonias,82070,Humboldt,82070100,0.12
2023,Santa Fe,82,Rosario,82084,Soldini,82084280,0.174
2023,Santa Fe,82,San Cristóbal,82091,Villa Trinidad,82091280,0.116
2023,Santiago del Estero,86,Belgrano,86042,Bandera,86042010,1.55
2023,Santiago del Estero,86,Capital,86049,Vuelta de la Barranca,86049120,8.8
2023,Santiago del Estero,86,Robles,86161,Beltrán,86161010,6.7381
2023,Santiago del Estero,86,Robles,86161,Vilmer,86161050,0.26
2023,Tucumán,90,Tafí del Valle,90098,Amaicha del Valle,90098010,0.95
2023,Tucumán,90,Tafí del Valle,90098,Amaicha del Valle,90098010,21.8751
2023,Tucumán,90,Tafí del Valle,90098,Colalao del Valle,90098020,63.8611
2023,Tucumán,90,Tafí del Valle,90098,Tafí del Valle,90098040,1
2023,Tucumán,90,Tafí del Valle,90098,El Bañado,90098A12,7.59
2023,Tucumán,90,Tafí del Valle,90098,El Paso,90098A18,30.9692
2023,Tucumán,90,Tafí del Valle,90098,La Fronterita,90098A29,0.45
2023,Tucumán,90,Tafí del Valle,90098,Los Zazos,90098A40,9.35
2023,Tucumán,90,Tafí del Valle,90098,Quilmes,90098A48,0.87
2023,Tucumán,90,Tafí Viejo,90105,Villa Las Flores,90105090,2.3
2023,Tucumán,90,Trancas,90112,Choromoro,90112010,1
2023,Tucumán,90,Trancas,90112,Villa de Trancas,90112030,4.55
2024,Buenos Aires,06,Avellaneda,06035,Sarandí,06035010,1.0341
2024,Buenos Aires,06,Avellaneda,06035,Villa Domínico,06035010,2.7365
2024,Buenos Aires,06,Balcarce,06063,Balcarce,06063010,14.9194
2024,Buenos Aires,06,Benito Juárez,06084,Barker,06084010,0.25
2024,Buenos Aires,06,Berisso,06098,Los Talas,06098010,0.0694
2024,Buenos Aires,06,Berisso,06098,Berisso,06098010,18.5544
2024,Buenos Aires,06,Berisso,06098,Isla Paulino,06098A02,0.435
2024,Buenos Aires,06,Campana,06126,Los Cardales,06126010,1.7251
2024,Buenos Aires,06,Cañuelas,06134,Uribelarrea,06134070,1.7026
2024,Buenos Aires,06,Cañuelas,06134,La Noria,06134A03,1.7026
2024,Buenos Aires,06,Coronel Dorrego,06189,Coronel Dorrego,06189030,0.015
2024,Buenos Aires,06,Coronel Pringles,06196,Coronel Pringles,06196010,3.9829
2024,Buenos Aires,06,Coronel Suárez,06203,Coronel Suárez,06203020,3.47
2024,Buenos Aires,06,Coronel Suárez,06203,Villa La Arcadia,06203100,16
2024,Buenos Aires,06,Daireaux,06231,Daireaux,06231030,0.726
2024,Buenos Aires,06,Dolores,06238,Dolores,06238010,2.02
2024,Buenos Aires,06,General Juan Madariaga,06315,General Juan Madariaga,06315010,1.44
2024,Buenos Aires,06,General Juan Madariaga,06315,Macedo,06315A13,0.9
2024,Buenos Aires,06,General Pueyrredón,06357,Batán,06357070,10.1
2024,Buenos Aires,06,General Pueyrredón,06357,Chapadmalal,06357080,27.6048
2024,Buenos Aires,06,General Pueyrredón,06357,Estación Chapadmalal,06357100,6
2024,Buenos Aires,06,General Villegas,06392,General Villegas,06392050,3.1
2024,Buenos Aires,06,Junín,06413,Junín,06413050,0.3564
2024,Buenos Aires,06,La Costa,06420,Mar del Tuyú,06420040,0.2
2024,Buenos Aires,06,Laprida,06448,Laprida,06448010,0.3125
2024,Buenos Aires,06,Mar Chiquita,06518,Coronel Vidal,06518010,0.55
2024,Buenos Aires,06,Mercedes,06532,Altamira,06532A00,0.576
2024,Buenos Aires,06,Ramallo,06665,El Paraíso,06665010,0.6166
2024,Buenos Aires,06,Saavedra,06700,Pigüé,06700060,18
2024,Buenos Aires,06,San Antonio de Areco,06735,San Antonio de Areco,06735020,0.255
2024,Buenos Aires,06,San Nicolás,06763,San Nicolás de los Arroyos,06763050,0.042
2024,Buenos Aires,06,Tandil,06791,María Ignacia,06791040,5.6985
2024,Buenos Aires,06,Tandil,06791,Tandil,06791050,2.1783
2024,Buenos Aires,06,Tandil,06791,Tandil,06791050,0.6969
2024,Buenos Aires,06,Tornquist,06819,Saldungaray,06819020,9.088
2024,Buenos Aires,06,Tornquist,06819,Villa Ventana,06819070,3
2024,Buenos Aires,06,Tres Arroyos,06833,Tres Arroyos,06833100,1.5
2024,Buenos Aires,06,Villa Gesell,06868,Villa Gesell,06868020,0.3777
2024,Buenos Aires,06,Villarino,06875,Médanos,06875060,24.52
2024,Catamarca,10,Andalgalá,10021,Andalgalá,10021020,1.6625
2024,Catamarca,10,Belén,10035,Belén,10035020,3
2024,Catamarca,10,Belén,10035,Corral Quemado,10035040,3.3
2024,Catamarca,10,Belén,10035,Hualfín,10035070,144.9325
2024,Catamarca,10,Belén,10035,Jacipunco,10035080,1.94
2024,Catamarca,10,Belén,10035,Los Nacimientos,10035120,3.48
2024,Catamarca,10,Belén,10035,Puerta de Corral Quemado,10035130,28.2416
2024,Catamarca,10,Belén,10035,La Ciénaga de Arriba,10035A22,1.5
2024,Catamarca,10,Belén,10035,San Fernando,10035A42,5.75
2024,Catamarca,10,Capayán,10042,Chumbicha,10042040,5.9
2024,Catamarca,10,Pomán,10084,San Miguel,10084090,8.5
2024,Catamarca,10,Pomán,10084,Siján,10084110,16.195
2024,Catamarca,10,Santa María,10091,Andalhualá,10091010,4.2517
2024,Catamarca,10,Santa María,10091,Lampacito,10091030,32.43
2024,Catamarca,10,Santa María,10091,Chañar Punco,10091030,357.2623
2024,Catamarca,10,Santa María,10091,Lampacito,10091030,11.606
2024,Catamarca,10,Santa María,10091,Famatanca,10091070,3.7356
2024,Catamarca,10,Santa María,10091,Fuerte Quemado,10091080,75.52
2024,Catamarca,10,Santa María,10091,La Loma,10091100,1.24
2024,Catamarca,10,Santa María,10091,El Cerrito,10091110,8
2024,Catamarca,10,Santa María,10091,Las Mojarras,10091110,34.7
2024,Catamarca,10,Santa María,10091,Loro Huasi,10091120,0.735
2024,Catamarca,10,Santa María,10091,Punta de Balasto,10091130,23.7
2024,Catamarca,10,Santa María,10091,San José,10091140,13.6005
2024,Catamarca,10,Santa María,10091,Palo Seco,10091140,0.4
2024,Catamarca,10,Santa María,10091,Santa María,10091150,125.624
2024,Catamarca,10,Santa María,10091,Santa María,10091150,44.1695
2024,Catamarca,10,Santa María,10091,Yapes,10091160,0.2205
2024,Catamarca,10,Santa María,10091,Entre Ríos,10091A08,0.4
2024,Catamarca,10,Tinogasta,10105,Anillaco,10105010,76.1946
2024,Catamarca,10,Tinogasta,10105,Antinaco,10105020,0.8
2024,Catamarca,10,Tinogasta,10105,Copacabana,10105050,258.4607
2024,Catamarca,10,Tinogasta,10105,El Puesto,10105090,125.4473
2024,Catamarca,10,Tinogasta,10105,Fiambalá,10105110,364.143
2024,Catamarca,10,Tinogasta,10105,Medanitos,10105130,235.3109
2024,Catamarca,10,Tinogasta,10105,Palo Blanco,10105140,22.4275
2024,Catamarca,10,Tinogasta,10105,Saujil,10105160,22.555
2024,Catamarca,10,Tinogasta,10105,Tinogasta,10105180,258.2861
2024,Catamarca,10,Tinogasta,10105,Tinogasta,10105180,40.5149
2024,Catamarca,10,Tinogasta,10105,Tinogasta,10105180,93.5638
2024,Catamarca,10,Tinogasta,10105,Tinogasta,10105180,7.75
2024,Catamarca,10,Tinogasta,10105,San José Norte,10105A27,225.32
2024,Catamarca,10,Valle Viejo,10112,Santa Cruz,10112050,0.8
2024,Córdoba,14,Calamuchita,14007,Los Reartes,14007130,1.01
2024,Córdoba,14,Calamuchita,14007,Río de los Sauces,14007170,1.5284
2024,Córdoba,14,Calamuchita,14007,San Agustín,14007180,4
2024,Córdoba,14,Calamuchita,14007,Villa Ciudad Parque Los Reartes,14007270,13.725
2024,Córdoba,14,Calamuchita,14007,Villa General Belgrano,14007310,1.5036
2024,Córdoba,14,Calamuchita,14007,Villa Yacanto,14007360,1.51
2024,Córdoba,14,Calamuchita,14007,Atos Pampa,14007A01,12.839
2024,Córdoba,14,Calamuchita,14007,Cañada de Álvarez,14007A05,2.78
2024,Córdoba,14,Colón,14021,Colonia Caroya,14021050,98.5521
2024,Córdoba,14,Colón,14021,Colonia Vicente Agüero,14021070,5.3035
2024,Córdoba,14,Cruz del Eje,14028,Cruz del Eje,14028050,7
2024,Córdoba,14,Cruz del Eje,14028,Las Playas,14028130,3.6
2024,Córdoba,14,Cruz del Eje,14028,San Marcos Sierra,14028170,1.09
2024,Córdoba,14,Cruz del Eje,14028,Villa de Soto,14028200,1.25
2024,Córdoba,14,Ischilín,14049,Quilino,14049100,8.9356
2024,Córdoba,14,Ischilín,14049,Ischilín,14049A07,10.05
2024,Córdoba,14,Punilla,14091,Capilla del Monte,14091040,0.391
2024,Córdoba,14,Punilla,14091,Charbonier,14091060,0.2575
2024,Córdoba,14,Punilla,14091,Huerta Grande,14091100,0.6801
2024,Córdoba,14,Punilla,14091,La Falda,14091120,1.46
2024,Córdoba,14,Río Cuarto,14098,Las Higueras,14098170,1.8803
2024,Córdoba,14,San Alberto,14126,Las Calles,14126050,4.566
2024,Córdoba,14,San Alberto,14126,Nono,14126110,0.55
2024,Córdoba,14,San Javier,14133,La Población,14133070,1.2
2024,Córdoba,14,San Javier,14133,Las Chacras,14133095,1.2
2024,Córdoba,14,San Javier,14133,Las Tapias,14133100,1.17
2024,Córdoba,14,San Javier,14133,Luyaba,14133150,3.7
2024,Córdoba,14,San Javier,14133,San Javier y Yacanto,14133170,2.55
2024,Córdoba,14,San Javier,14133,San Javier y Yacanto,14133170,5.98
2024,Córdoba,14,San Javier,14133,San José,14133180,14.6
2024,Córdoba,14,San Javier,14133,Villa de las Rosas,14133190,1.2058
2024,Córdoba,14,San Javier,14133,Rodeo de Piedra,14133A19,0.1262
2024,Córdoba,14,Santa María,14147,Potrero de Garay,14147230,10.26
2024,Córdoba,14,Santa María,14147,Valle de Anisacate,14147300,13
2024,Córdoba,14,Tulumba,14175,San Pedro Norte,14175100,4.42
2024,Córdoba,14,Tulumba,14175,Santa Cruz,14175A37,0.3054
2024,Chaco,22,General Güemes,22063,Juan José Castelli,22063060,2.2069
2024,Chubut,26,Biedma,26007,Puerto Madryn,26007020,0.46
2024,Chubut,26,Cushamen,26014,El Hoyo,26014040,22.5181
2024,Chubut,26,Cushamen,26014,Gualjaina,26014070,1.59
2024,Chubut,26,Cushamen,26014,Lago Puelo,26014090,2.371
2024,Chubut,26,Escalante,26021,Bahía Bustamante,26021020,0.526
2024,Chubut,26,Escalante,26021,Rada Tilly,26021050,0.1362
2024,Chubut,26,Futaleufú,26035,Trevelín,26035060,14.59
2024,Chubut,26,Gaiman,26042,Gaiman,26042030,5.312
2024,Chubut,26,Languiñeo,26056,Paso del Sapo,26056040,1.123
2024,Chubut,26,Paso de Indios,26070,Los Altares,26070020,8.47
2024,Chubut,26,Rawson,26077,Trelew,26077040,2.0901
2024,Chubut,26,Río Senguer,26084,Alto Río Senguer,26084030,0.235
2024,Chubut,26,Sarmiento,26091,Sarmiento,26091020,57.8542
2024,Entre Ríos,30,Colón,30008,Arroyo Barú,30008010,0.8
2024,Entre Ríos,30,Colón,30008,Colón,30008020,4.9686
2024,Entre Ríos,30,Colón,30008,San José,30008090,0.724
2024,Entre Ríos,30,Colón,30008,Ubajay,30008100,1.6959
2024,Entre Ríos,30,Colón,30008,Colonia San Anselmo,30008A13,2.48
2024,Entre Ríos,30,Concordia,30015,Calabacilla,30015010,4.2351
2024,Entre Ríos,30,Concordia,30015,Concordia,30015060,5.5
2024,Entre Ríos,30,Concordia,30015,La Criolla,30015090,6.6905
2024,Entre Ríos,30,Diamante,30021,Colonia Ensayo,30021070,2.505
2024,Entre Ríos,30,Diamante,30021,Estación Puiggari,30021150,2
2024,Entre Ríos,30,Diamante,30021,Las Cuevas,30021A08,0.63
2024,Entre Ríos,30,Gualeguaychú,30056,Gualeguaychú,30056070,4.3854
2024,Entre Ríos,30,Gualeguaychú,30056,Urdinarrain,30056110,1.5
2024,Entre Ríos,30,La Paz,30070,La Paz,30070040,2.213
2024,Entre Ríos,30,La Paz,30070,Santa Elena,30070080,0.136
2024,Entre Ríos,30,Nogoyá,30077,Lucas González,30077060,0.25
2024,Entre Ríos,30,Paraná,30084,Aldea María Luisa,30084010,0.11
2024,Entre Ríos,30,Paraná,30084,Crespo,30084070,0.486
2024,Entre Ríos,30,Paraná,30084,Hasenkamp,30084100,0.048
2024,Entre Ríos,30,Paraná,30084,La Picada,30084120,0.03
2024,Entre Ríos,30,Paraná,30084,Paraná,30084160,1.0139
2024,Entre Ríos,30,Paraná,30084,Paraná,30084160,0.9075
2024,Entre Ríos,30,Paraná,30084,Colonia Rivadavia,30084A20,0.75
2024,Entre Ríos,30,Uruguay,30098,Concepción del Uruguay,30098040,0.8683
2024,Entre Ríos,30,Victoria,30105,Antelo,30105010,0.6516
2024,Entre Ríos,30,Victoria,30105,Victoria,30105060,3.2735
2024,Entre Ríos,30,Victoria,30105,Laguna del Pescado,30105A11,8.22
2024,Entre Ríos,30,Villaguay,30113,Lucas Sur 2do.,30113A29,0.315
2024,Jujuy,38,El Carmen,38014,Barrio El Milagro,38014020,1.8793
2024,Jujuy,38,El Carmen,38014,Monterrico,38014070,10.0191
2024,Jujuy,38,El Carmen,38014,Puesto Viejo,38014100,1.32
2024,Jujuy,38,Dr. Manuel Belgrano,38021,Guerrero,38021010,1.34
2024,Jujuy,38,Humahuaca,38028,Uquía,38028060,4.9774
2024,Jujuy,38,San Antonio,38056,El Ceibal,38056010,1.1304
2024,Jujuy,38,Tilcara,38094,Colonia San José,38094010,5.3063
2024,Jujuy,38,Tilcara,38094,Huacalera,38094020,8.99
2024,Jujuy,38,Tilcara,38094,Maimará,38094040,18.8024
2024,Jujuy,38,Tilcara,38094,Tilcara,38094050,4.0577
2024,Jujuy,38,Tumbaya,38098,Purmamarca,38098030,7.4844
2024,Jujuy,38,Tumbaya,38098,Tumbaya,38098040,8
2024,La Pampa,42,Curacó,42042,Gobernador Duval,42042010,11.9
2024,La Pampa,42,Loventué,42098,Telén,42098040,1
2024,La Pampa,42,Puelén,42112,25 de Mayo,42112020,306.2448
2024,La Pampa,42,Rancul,42126,Caleufú,42126010,0.45
2024,La Pampa,42,Rancul,42126,Pichi Huinca,42126050,1.0752
2024,La Pampa,42,Toay,42140,Toay,42140020,0.2455
2024,La Pampa,42,Utracán,42154,General Acha,42154040,0.75
2024,La Rioja,46,Castro Barros,46021,Aminga,46021010,170.457
2024,La Rioja,46,Castro Barros,46021,Anillaco,46021020,85.874
2024,La Rioja,46,Castro Barros,46021,Agua Blanca,46021A00,0.401
2024,La Rioja,46,General Felipe Varela,46028,Guandacol,46028020,292.5789
2024,La Rioja,46,General Felipe Varela,46028,Santa Clara,46028020,28.7249
2024,La Rioja,46,General Felipe Varela,46028,Los Palacios,46028030,110.9666
2024,La Rioja,46,General Felipe Varela,46028,Pagancillo,46028040,28.5311
2024,La Rioja,46,General Felipe Varela,46028,Banda Florida,46028050,28.9267
2024,La Rioja,46,General Felipe Varela,46028,Villa Unión,46028050,196.751
2024,La Rioja,46,General Felipe Varela,46028,Paso San Isidro,46028A14,4.19
2024,La Rioja,46,General Felipe Varela,46028,Paso San Isidro,46028A14,6.025
2024,La Rioja,46,Chilecito,46042,Los Sarmientos,46042010,1.59
2024,La Rioja,46,Chilecito,46042,Chilecito,46042010,4.05
2024,La Rioja,46,Chilecito,46042,San Miguel,46042010,2.2
2024,La Rioja,46,Chilecito,46042,Anguinán,46042010,1068.2154
2024,La Rioja,46,Chilecito,46042,Colonia Catinzaco,46042030,82.895
2024,La Rioja,46,Chilecito,46042,Guanchín,46042060,12
2024,La Rioja,46,Chilecito,46042,Malligasta,46042070,1043.7815
2024,La Rioja,46,Chilecito,46042,Miranda,46042080,2.232
2024,La Rioja,46,Chilecito,46042,Nonogasta,46042090,1067.1166
2024,La Rioja,46,Chilecito,46042,San Nicolás,46042100,80.5328
2024,La Rioja,46,Chilecito,46042,Sañogasta,46042120,40.9924
2024,La Rioja,46,Chilecito,46042,Tilimuqui,46042130,677.4545
2024,La Rioja,46,Chilecito,46042,Vichigasta,46042140,1247.5512
2024,La Rioja,46,Famatina,46049,Angulos,46049020,44.67
2024,La Rioja,46,Famatina,46049,Antinaco,46049030,29.1
2024,La Rioja,46,Famatina,46049,Bajo Carrizal,46049040,0.08
2024,La Rioja,46,Famatina,46049,Campanas,46049050,1.7
2024,La Rioja,46,Famatina,46049,Chañarmuyo,46049060,263.836
2024,La Rioja,46,Famatina,46049,Famatina,46049070,10.339
2024,La Rioja,46,Famatina,46049,Famatina,46049070,76.747
2024,La Rioja,46,Famatina,46049,Famatina,46049070,1.46
2024,La Rioja,46,Famatina,46049,Pituil,46049090,79.9464
2024,La Rioja,46,Famatina,46049,Plaza Vieja,46049100,17.19
2024,La Rioja,46,General Lamadrid,46077,Villa Castelli,46077010,6.25
2024,La Rioja,46,General Lamadrid,46077,Villa Castelli,46077010,61.4664
2024,La Rioja,46,Vinchina,46098,Villa San José de Vinchina,46098020,50.0946
2024,La Rioja,46,San Blas de Los Sauces,46119,Shaqui,46119010,32.4
2024,La Rioja,46,San Blas de Los Sauces,46119,Alpasinche,46119010,16
2024,La Rioja,46,San Blas de Los Sauces,46119,San Blas,46119010,6.7
2024,La Rioja,46,San Blas de Los Sauces,46119,Chaupihuasi,46119010,4.9
2024,La Rioja,46,Sanagasta,46126,Villa Sanagasta,46126010,12.16
2024,La Rioja,46,Sanagasta,46126,Huaco,46126A02,11
2024,Mendoza,50,General Alvear,50014,Bowen,50014010,1008.9677
2024,Mendoza,50,General Alvear,50014,Bowen,50014010,27.5628
2024,Mendoza,50,General Alvear,50014,Carmensa,50014020,7
2024,Mendoza,50,General Alvear,50014,Carmensa,50014020,171.58
2024,Mendoza,50,General Alvear,50014,General Alvear,50014030,23.455
2024,Mendoza,50,General Alvear,50014,General Alvear,50014030,216.109
2024,Mendoza,50,General Alvear,50014,General Alvear,50014030,172.7375
2024,Mendoza,50,General Alvear,50014,General Alvear,50014030,86.615
2024,Mendoza,50,General Alvear,50014,General Alvear,50014030,282.6676
2024,Mendoza,50,General Alvear,50014,Los Compartos,50014040,360.7468
2024,Mendoza,50,General Alvear,50014,Colonia San Pedro del Atuel,50014A04,11.5
2024,Mendoza,50,General Alvear,50014,El Ceibo,50014A08,67.39
2024,Mendoza,50,General Alvear,50014,El Ceibo,50014A08,17.72
2024,Mendoza,50,General Alvear,50014,La California,50014A12,41.593
2024,Mendoza,50,General Alvear,50014,La Escandinava,50014A14,126.7688
2024,Mendoza,50,General Alvear,50014,La Marsolina,50014A16,13.645
2024,Mendoza,50,General Alvear,50014,La Marsolina,50014A16,318.96
2024,Mendoza,50,General Alvear,50014,La Montilla,50014A17,2.5
2024,Mendoza,50,General Alvear,50014,Los Campamentos,50014A19,48.1392
2024,Mendoza,50,General Alvear,50014,Poste de Fierro,50014A24,89.4726
2024,Mendoza,50,Godoy Cruz,50021,Gobernador Benegas,50021010,0.677
2024,Mendoza,50,Guaymallén,50028,Colonia Segovia,50028010,96.5095
2024,Mendoza,50,Guaymallén,50028,Bermejo,50028020,59.1083
2024,Mendoza,50,Guaymallén,50028,Dorrego,50028020,22.7322
2024,Mendoza,50,Guaymallén,50028,Buena Nueva,50028020,31.699
2024,Mendoza,50,Guaymallén,50028,El Sauce,50028020,73.4605
2024,Mendoza,50,Guaymallén,50028,Rodeo de la Cruz,50028020,35.191
2024,Mendoza,50,Guaymallén,50028,Villa Nueva,50028020,20.8225
2024,Mendoza,50,Guaymallén,50028,San Francisco del Monte,50028020,2.0029
2024,Mendoza,50,Guaymallén,50028,La Primavera,50028030,13.2064
2024,Mendoza,50,Guaymallén,50028,La Primavera,50028030,22.3045
2024,Mendoza,50,Guaymallén,50028,La Primavera,50028030,2
2024,Mendoza,50,Guaymallén,50028,Los Corralitos,50028040,96.9669
2024,Mendoza,50,Guaymallén,50028,Puente de Hierro,50028050,4.5
2024,Mendoza,50,Junín,50035,Ingeniero Giagnoni,50035010,42.8872
2024,Mendoza,50,Junín,50035,Junín,50035020,4.25
2024,Mendoza,50,Junín,50035,Junín,50035020,12.4112
2024,Mendoza,50,Junín,50035,Junín,50035020,996.4366
2024,Mendoza,50,Junín,50035,Junín,50035020,111.7932
2024,Mendoza,50,Junín,50035,La Colonia,50035030,702.9193
2024,Mendoza,50,Junín,50035,Los Barriales,50035040,5.1015
2024,Mendoza,50,Junín,50035,Los Barriales,50035040,28.8186
2024,Mendoza,50,Junín,50035,Los Barriales,50035040,1384.8217
2024,Mendoza,50,Junín,50035,Medrano,50035050,1789.4275
2024,Mendoza,50,Junín,50035,Medrano,50035050,23.965
2024,Mendoza,50,Junín,50035,Medrano,50035050,50.8793
2024,Mendoza,50,Junín,50035,Phillips,50035060,1998.3458
2024,Mendoza,50,Junín,50035,Phillips,50035060,9.39
2024,Mendoza,50,Junín,50035,Rodríguez Peña,50035070,1119.0562
2024,Mendoza,50,Junín,50035,Algarrobo Grande,50035A00,1627.2611
2024,Mendoza,50,Junín,50035,Algarrobo Grande,50035A00,95.5433
2024,Mendoza,50,Junín,50035,Algarrobo Grande,50035A00,80.119
2024,Mendoza,50,Junín,50035,Alto Verde,50035A01,210.388
2024,Mendoza,50,Junín,50035,Alto Verde,50035A01,782.4227
2024,Mendoza,50,Junín,50035,Tres Esquinas,50035A02,4.788
2024,Mendoza,50,La Paz,50042,La Paz,50042020,24.4952
2024,Mendoza,50,La Paz,50042,La Paz,50042020,56.86
2024,Mendoza,50,La Paz,50042,Villa Antigua,50042030,39.77
2024,Mendoza,50,La Paz,50042,Las Chacritas,50042A07,14.37
2024,Mendoza,50,Las Heras,50049,Jocolí,50049030,78.3545
2024,Mendoza,50,Las Heras,50049,El Plumerillo,50049050,31.767
2024,Mendoza,50,Las Heras,50049,El Borbollón,50049050,219.1409
2024,Mendoza,50,Las Heras,50049,Las Heras,50049050,25.15
2024,Mendoza,50,Las Heras,50049,Capdevila,50049050,299.468
2024,Mendoza,50,Las Heras,50049,El Challao,50049050,13.7
2024,Mendoza,50,Las Heras,50049,Panquehuá,50049050,46.5869
2024,Mendoza,50,Las Heras,50049,Las Heras,50049050,9.6
2024,Mendoza,50,Las Heras,50049,El Algarrobal,50049050,345.961
2024,Mendoza,50,Las Heras,50049,Polvaredas,50049080,6
2024,Mendoza,50,Las Heras,50049,Uspallata,50049110,4
2024,Mendoza,50,Las Heras,50049,El Pastal,50049A04,193.7583
2024,Mendoza,50,Las Heras,50049,El Pastal,50049A04,10
2024,Mendoza,50,Lavalle,50056,Barrio Alto del Olvido,50056010,25.0225
2024,Mendoza,50,Lavalle,50056,Barrio La Palmera,50056030,495.5382
2024,Mendoza,50,Lavalle,50056,Barrio La Pega,50056040,219.6064
2024,Mendoza,50,Lavalle,50056,Costa de Araujo,50056080,3.1231
2024,Mendoza,50,Lavalle,50056,Costa de Araujo,50056080,8.3042
2024,Mendoza,50,Lavalle,50056,Costa de Araujo,50056080,3843.5601
2024,Mendoza,50,Lavalle,50056,El Paramillo,50056090,473.995
2024,Mendoza,50,Lavalle,50056,El Vergel,50056100,3
2024,Mendoza,50,Lavalle,50056,El Vergel,50056100,225.0461
2024,Mendoza,50,Lavalle,50056,Ingeniero Gustavo André,50056110,2385.3821
2024,Mendoza,50,Lavalle,50056,Jocolí,50056120,1210.2528
2024,Mendoza,50,Lavalle,50056,Jocolí Viejo,50056130,200.0266
2024,Mendoza,50,Lavalle,50056,Las Violetas,50056140,73.9978
2024,Mendoza,50,Lavalle,50056,3 de Mayo,50056150,822.2239
2024,Mendoza,50,Lavalle,50056,3 de Mayo,50056150,84.7216
2024,Mendoza,50,Lavalle,50056,Villa Tulumaya,50056160,0.6522
2024,Mendoza,50,Lavalle,50056,Villa Tulumaya,50056160,38.5908
2024,Mendoza,50,Lavalle,50056,Villa Tulumaya,50056160,484.6604
2024,Mendoza,50,Lavalle,50056,El Carmen,50056A05,127.8586
2024,Mendoza,50,Lavalle,50056,El Chilcal,50056A06,15.9244
2024,Mendoza,50,Lavalle,50056,El Chilcal,50056A06,287.9139
2024,Mendoza,50,Lavalle,50056,El Plumero,50056A09,834.1809
2024,Mendoza,50,Lavalle,50056,El Plumero,50056A09,8.5
2024,Mendoza,50,Lavalle,50056,El Retiro,50056A12,72
2024,Mendoza,50,Lavalle,50056,La Asunción,50056A15,37.16
2024,Mendoza,50,Lavalle,50056,La Holanda,50056A17,76.9646
2024,Mendoza,50,Lavalle,50056,Resurrección,50056A23,8.19
2024,Mendoza,50,Lavalle,50056,San Francisco,50056A24,225.2509
2024,Mendoza,50,Lavalle,50056,San José,50056A26,4
2024,Mendoza,50,Luján de Cuyo,50063,Agrelo,50063010,5670.5505
2024,Mendoza,50,Luján de Cuyo,50063,Cacheuta,50063030,3.094
2024,Mendoza,50,Luján de Cuyo,50063,El Carrizal,50063050,2443.2907
2024,Mendoza,50,Luján de Cuyo,50063,Las Compuertas,50063070,386.6126
2024,Mendoza,50,Luján de Cuyo,50063,Chacras de Coria,50063090,96.7535
2024,Mendoza,50,Luján de Cuyo,50063,Carrodilla,50063090,67.1793
2024,Mendoza,50,Luján de Cuyo,50063,Mayor Drummond,50063090,309.2787
2024,Mendoza,50,Luján de Cuyo,50063,Vistalba,50063090,464.7011
2024,Mendoza,50,Luján de Cuyo,50063,Luján de Cuyo,50063090,166.6456
2024,Mendoza,50,Luján de Cuyo,50063,Perdriel,50063100,2
2024,Mendoza,50,Luján de Cuyo,50063,Perdriel,50063100,1365.9098
2024,Mendoza,50,Luján de Cuyo,50063,Potrerillos,50063110,2.0151
2024,Mendoza,50,Luján de Cuyo,50063,Ugarteche,50063120,4106.809
2024,Mendoza,50,Luján de Cuyo,50063,Anchoris,50063A01,86.0648
2024,Mendoza,50,Luján de Cuyo,50063,Baños Lunlunta,50063A02,28.0272
2024,Mendoza,50,Luján de Cuyo,50063,Industrial,50063A03,11.4
2024,Mendoza,50,Maipú,50070,Barrancas,50070010,2723.0011
2024,Mendoza,50,Maipú,50070,Barrancas,50070010,1.5
2024,Mendoza,50,Maipú,50070,Barrio Jesús de Nazaret,50070020,11.0195
2024,Mendoza,50,Maipú,50070,Cruz de Piedra,50070030,564.5416
2024,Mendoza,50,Maipú,50070,Cruz de Piedra,50070030,746.071
2024,Mendoza,50,Maipú,50070,El Pedregal,50070040,38.3
2024,Mendoza,50,Maipú,50070,Fray Luis Beltrán,50070050,202.18
2024,Mendoza,50,Maipú,50070,Fray Luis Beltrán,50070050,3362.1533
2024,Mendoza,50,Maipú,50070,Fray Luis Beltrán,50070050,170.4609
2024,Mendoza,50,Maipú,50070,Coquimbito,50070060,314.3042
2024,Mendoza,50,Maipú,50070,General Gutiérrez,50070060,41
2024,Mendoza,50,Maipú,50070,Maipú,50070060,34.888
2024,Mendoza,50,Maipú,50070,Rodeo del Medio,50070070,907.8316
2024,Mendoza,50,Maipú,50070,Rodeo del Medio,50070070,112.15
2024,Mendoza,50,Maipú,50070,Rodeo del Medio,50070070,2
2024,Mendoza,50,Maipú,50070,Rodeo del Medio,50070070,22.052
2024,Mendoza,50,Maipú,50070,Russell,50070080,426.4438
2024,Mendoza,50,Maipú,50070,San Roque,50070090,447.1578
2024,Mendoza,50,Maipú,50070,San Roque,50070090,220.6517
2024,Mendoza,50,Maipú,50070,El Paraíso,50070A01,218.02
2024,Mendoza,50,Maipú,50070,Los Álamos,50070A02,87.099
2024,Mendoza,50,Malargüe,50077,Malargüe,50077040,0.12
2024,Mendoza,50,Rivadavia,50084,Andrade,50084010,918.6712
2024,Mendoza,50,Rivadavia,50084,El Mirador,50084040,2001.5674
2024,Mendoza,50,Rivadavia,50084,El Mirador,50084040,69.0136
2024,Mendoza,50,Rivadavia,50084,La Central,50084050,2819.6825
2024,Mendoza,50,Rivadavia,50084,La Libertad,50084080,1033.8855
2024,Mendoza,50,Rivadavia,50084,Los Árboles,50084090,555.0483
2024,Mendoza,50,Rivadavia,50084,Los Campamentos,50084100,3671.967
2024,Mendoza,50,Rivadavia,50084,Medrano,50084110,702.8078
2024,Mendoza,50,Rivadavia,50084,Mundo Nuevo,50084120,117.1906
2024,Mendoza,50,Rivadavia,50084,Reducción de Abajo,50084130,853.6234
2024,Mendoza,50,Rivadavia,50084,Rivadavia,50084140,629.0958
2024,Mendoza,50,Rivadavia,50084,Santa María de Oro,50084150,616.0769
2024,Mendoza,50,San Carlos,50091,Barrio El Cepillo,50091010,501.8427
2024,Mendoza,50,San Carlos,50091,Chilecito,50091020,283.1214
2024,Mendoza,50,San Carlos,50091,Eugenio Bustos,50091030,2023.7178
2024,Mendoza,50,San Carlos,50091,La Consulta,50091040,5182.8465
2024,Mendoza,50,San Carlos,50091,La Consulta,50091040,103.65
2024,Mendoza,50,San Carlos,50091,La Consulta,50091040,9
2024,Mendoza,50,San Carlos,50091,Pareditas,50091050,164.6724
2024,Mendoza,50,San Carlos,50091,San Carlos,50091060,366.1144
2024,Mendoza,50,San Carlos,50091,San Carlos,50091060,84.32
2024,Mendoza,50,San Carlos,50091,Casas Viejas,50091A01,53.9264
2024,Mendoza,50,San Carlos,50091,El Capacho,50091A03,20.6
2024,Mendoza,50,San Carlos,50091,Tres Esquinas,50091A17,31.2302
2024,Mendoza,50,San Martín,50098,Alto Verde,50098020,2750.91
2024,Mendoza,50,San Martín,50098,Chapanay,50098060,4499.9602
2024,Mendoza,50,San Martín,50098,Chivilcoy,50098070,615.2993
2024,Mendoza,50,San Martín,50098,El Espino,50098073,443.7408
2024,Mendoza,50,San Martín,50098,El Ramblón,50098077,738.865
2024,Mendoza,50,San Martín,50098,El Ramblón,50098077,1345.4608
2024,Mendoza,50,San Martín,50098,Montecaseros,50098080,5868.9383
2024,Mendoza,50,San Martín,50098,Nueva California,50098090,2206.1827
2024,Mendoza,50,San Martín,50098,San Martín,50098100,43.8194
2024,Mendoza,50,San Martín,50098,Palmira,50098100,1279.1733
2024,Mendoza,50,San Martín,50098,San Martín,50098100,476.3242
2024,Mendoza,50,San Martín,50098,Tres Porteñas,50098110,1510.7961
2024,Mendoza,50,San Martín,50098,Alto Chapanay,50098A00,91.567
2024,Mendoza,50,San Martín,50098,Alto Salvador,50098A01,1311.3526
2024,Mendoza,50,San Martín,50098,Buen Orden,50098A03,546.1774
2024,Mendoza,50,San Martín,50098,El Central,50098A06,1312.4264
2024,Mendoza,50,San Martín,50098,El Divisadero,50098A07,1000.0541
2024,Mendoza,50,San Martín,50098,Las Chimbas,50098A09,322.187
2024,Mendoza,50,San Rafael,50105,Barrio Campos El Toledano,50105010,14.5964
2024,Mendoza,50,San Rafael,50105,Capitán Montoya,50105050,23.3
2024,Mendoza,50,San Rafael,50105,Cuadro Benegas,50105060,784.0717
2024,Mendoza,50,San Rafael,50105,El Tropezón,50105090,11.6553
2024,Mendoza,50,San Rafael,50105,Goudge,50105100,979.5661
2024,Mendoza,50,San Rafael,50105,Jaime Prats,50105110,405.6462
2024,Mendoza,50,San Rafael,50105,Jaime Prats,50105110,0.72
2024,Mendoza,50,San Rafael,50105,La Llave Nueva,50105120,44.304
2024,Mendoza,50,San Rafael,50105,La Llave Nueva,50105120,402.1921
2024,Mendoza,50,San Rafael,50105,Las Malvinas,50105130,3.41
2024,Mendoza,50,San Rafael,50105,Monte Comán,50105150,148.3764
2024,Mendoza,50,San Rafael,50105,Punta del Agua,50105170,0.318
2024,Mendoza,50,San Rafael,50105,Rama Caída,50105180,611.6911
2024,Mendoza,50,San Rafael,50105,Rama Caída,50105180,21.572
2024,Mendoza,50,San Rafael,50105,Real del Padre,50105190,1341.8545
2024,Mendoza,50,San Rafael,50105,Salto de las Rosas,50105200,38.6233
2024,Mendoza,50,San Rafael,50105,San Rafael,50105210,117.0756
2024,Mendoza,50,San Rafael,50105,San Rafael,50105210,5.6999
2024,Mendoza,50,San Rafael,50105,Cuadro Nacional,50105210,1215.8274
2024,Mendoza,50,San Rafael,50105,San Rafael,50105210,4
2024,Mendoza,50,San Rafael,50105,San Rafael,50105210,6.045
2024,Mendoza,50,San Rafael,50105,Cuadro Nacional,50105210,75.112
2024,Mendoza,50,San Rafael,50105,25 de Mayo,50105220,3
2024,Mendoza,50,San Rafael,50105,25 de Mayo,50105220,37.1255
2024,Mendoza,50,San Rafael,50105,Villa Atuel,50105230,739.4717
2024,Mendoza,50,San Rafael,50105,Villa Atuel,50105230,435.2203
2024,Mendoza,50,San Rafael,50105,Villa Atuel,50105230,25.93
2024,Mendoza,50,San Rafael,50105,Cañada Seca,50105A04,1.0865
2024,Mendoza,50,San Rafael,50105,Cañada Seca,50105A04,1880.3302
2024,Mendoza,50,San Rafael,50105,Colonia Bombal y Tabanera,50105A06,96.2692
2024,Mendoza,50,San Rafael,50105,Colonia Colomer,50105A07,27.6295
2024,Mendoza,50,San Rafael,50105,Colonia El Usillal,50105A08,155.7025
2024,Mendoza,50,San Rafael,50105,Colonia Elena,50105A09,141.7141
2024,Mendoza,50,San Rafael,50105,Colonia Española,50105A10,22.287
2024,Mendoza,50,San Rafael,50105,Colonia Gelman,50105A11,36.2699
2024,Mendoza,50,San Rafael,50105,Colonia Jáuregui,50105A12,9.6
2024,Mendoza,50,San Rafael,50105,Colonia López,50105A13,202.4745
2024,Mendoza,50,San Rafael,50105,El Algarrobal,50105A20,1
2024,Mendoza,50,San Rafael,50105,El Cerrito,50105A22,177.1605
2024,Mendoza,50,San Rafael,50105,La Guevarina,50105A32,43.375
2024,Mendoza,50,San Rafael,50105,La Llave Vieja,50105A35,27.9684
2024,Mendoza,50,San Rafael,50105,Las Paredes,50105A44,1070.504
2024,Mendoza,50,San Rafael,50105,Las Paredes,50105A44,20.571
2024,Mendoza,50,San Rafael,50105,Los Claveles,50105A46,17.74
2024,Mendoza,50,San Rafael,50105,Los Sifones,50105A51,7.865
2024,Mendoza,50,San Rafael,50105,Rincón del Atuel,50105A60,4.9
2024,Mendoza,50,San Rafael,50105,Soitué,50105A64,37.0475
2024,Mendoza,50,Santa Rosa,50112,Barrio 12 de Octubre,50112010,584.4123
2024,Mendoza,50,Santa Rosa,50112,Barrio 12 de Octubre,50112010,682.7415
2024,Mendoza,50,Santa Rosa,50112,Barrio Molina Cabrera,50112030,22.05
2024,Mendoza,50,Santa Rosa,50112,La Dormida,50112040,885.8886
2024,Mendoza,50,Santa Rosa,50112,La Dormida,50112040,151.3429
2024,Mendoza,50,Santa Rosa,50112,Las Catitas,50112050,1184.2627
2024,Mendoza,50,Santa Rosa,50112,Santa Rosa,50112060,2752.2566
2024,Mendoza,50,Santa Rosa,50112,Santa Rosa,50112060,619.1358
2024,Mendoza,50,Santa Rosa,50112,Santa Rosa,50112060,130.165
2024,Mendoza,50,Santa Rosa,50112,Gobernador Civit,50112A05,35.25
2024,Mendoza,50,Santa Rosa,50112,Los Yoles,50112A10,63.208
2024,Mendoza,50,Tunuyán,50119,Campo Los Andes,50119020,222.0693
2024,Mendoza,50,Tunuyán,50119,Colonia Las Rosas,50119030,41.42
2024,Mendoza,50,Tunuyán,50119,Los Sauces,50119050,631.1781
2024,Mendoza,50,Tunuyán,50119,Tunuyán,50119060,744.9393
2024,Mendoza,50,Tunuyán,50119,Tunuyán,50119060,14.3443
2024,Mendoza,50,Tunuyán,50119,Tunuyán,50119060,105.388
2024,Mendoza,50,Tunuyán,50119,Vista Flores,50119070,2003.1978
2024,Mendoza,50,Tunuyán,50119,El Totoral,50119A02,154.769
2024,Mendoza,50,Tunuyán,50119,El Totoral,50119A02,659.8772
2024,Mendoza,50,Tunuyán,50119,La Primavera,50119A04,308.4562
2024,Mendoza,50,Tunuyán,50119,Las Pintadas,50119A07,532.3965
2024,Mendoza,50,Tunuyán,50119,Los Árboles,50119A08,60
2024,Mendoza,50,Tunuyán,50119,Los Árboles,50119A08,1953.2771
2024,Mendoza,50,Tunuyán,50119,Los Chacales,50119A09,1754.8394
2024,Mendoza,50,Tunuyán,50119,Villa Seca,50119A14,1071.3165
2024,Mendoza,50,Tupungato,50126,Cordón del Plata,50126020,517.1525
2024,Mendoza,50,Tupungato,50126,Cordón del Plata,50126020,1996.0122
2024,Mendoza,50,Tupungato,50126,Cordón del Plata,50126020,45.7176
2024,Mendoza,50,Tupungato,50126,El Peral,50126030,812.6146
2024,Mendoza,50,Tupungato,50126,El Zampal,50126035,914.9981
2024,Mendoza,50,Tupungato,50126,La Arboleda,50126040,1728.1513
2024,Mendoza,50,Tupungato,50126,San José,50126050,406.7806
2024,Mendoza,50,Tupungato,50126,Tupungato,50126060,458.0252
2024,Mendoza,50,Tupungato,50126,Villa Bastias,50126060,367.7041
2024,Mendoza,50,Tupungato,50126,Tupungato,50126060,51.6123
2024,Mendoza,50,Tupungato,50126,Anchoris,50126A01,394.5133
2024,Mendoza,50,Tupungato,50126,Ancón,50126A02,1.392
2024,Mendoza,50,Tupungato,50126,Gualtallary,50126A05,2714.3064
2024,Mendoza,50,Tupungato,50126,Zapata,50126A12,118.245
2024,Misiones,54,Cainguás,54014,Aristóbulo del Valle,54014010,1
2024,Misiones,54,Cainguás,54014,Salto Encantado,54014080,6.8
2024,Misiones,54,Capital,54028,Posadas,54028030,0.5719
2024,Misiones,54,Leandro N. Alem,54070,Cerro Azul,54070040,1.25
2024,Misiones,54,Leandro N. Alem,54070,Leandro N. Alem,54070070,1.05
2024,Misiones,54,Leandro N. Alem,54070,Olegario V. Andrade,54070080,1
2024,Misiones,54,25 de Mayo,54119,Alba Posse,54119010,0.95
2024,Neuquén,58,Añelo,58014,Añelo,58014010,122.07
2024,Neuquén,58,Añelo,58014,San Patricio del Chañar,58014020,1229.6253
2024,Neuquén,58,Collón Curá,58028,Piedra del Águila,58028010,4.841
2024,Neuquén,58,Confluencia,58035,Centenario,58035030,1.994
2024,Neuquén,58,Confluencia,58035,Centenario,58035030,3.835
2024,Neuquén,58,Confluencia,58035,Cutral Có,58035040,4.6645
2024,Neuquén,58,Confluencia,58035,Mari Menuco,58035060,29.0606
2024,Neuquén,58,Confluencia,58035,Neuquén,58035070,4.2622
2024,Neuquén,58,Confluencia,58035,Neuquén,58035070,0.333
2024,Neuquén,58,Confluencia,58035,Neuquén,58035070,2.1525
2024,Neuquén,58,Confluencia,58035,Plaza Huincul,58035090,0.45
2024,Neuquén,58,Confluencia,58035,Plottier,58035100,13.814
2024,Neuquén,58,Confluencia,58035,Senillosa,58035110,48.4962
2024,Neuquén,58,Chos Malal,58042,Chos Malal,58042010,5.934
2024,Neuquén,58,Lácar,58056,San Martín de los Andes,58056010,0.6415
2024,Neuquén,58,Ñorquín,58084,Taquimilán,58084050,0.6
2024,Neuquén,58,Pehuenches,58091,Buta Ranquil,58091020,3.05
2024,Neuquén,58,Picún Leufú,58098,Picún Leufú,58098020,21.52
2024,Neuquén,58,Picunches,58105,Bajada del Agrio,58105010,1.2
2024,Río Negro,62,Adolfo Alsina,62007,Guardia Mitre,62007040,1.5722
2024,Río Negro,62,Adolfo Alsina,62007,San Javier,62007080,70.7909
2024,Río Negro,62,Adolfo Alsina,62007,Viedma,62007090,27.82
2024,Río Negro,62,Adolfo Alsina,62007,Cubanea,62007A03,2
2024,Río Negro,62,Avellaneda,62014,Chimpay,62014030,0.69
2024,Río Negro,62,Avellaneda,62014,Choele Choel,62014040,7.2
2024,Río Negro,62,Avellaneda,62014,Darwin,62014060,36.465
2024,Río Negro,62,Avellaneda,62014,Lamarque,62014070,2.25
2024,Río Negro,62,Avellaneda,62014,Luis Beltrán,62014080,67.743
2024,Río Negro,62,Avellaneda,62014,Pomona,62014090,69.6065
2024,Río Negro,62,Bariloche,62021,El Bolsón,62021030,1.0159
2024,Río Negro,62,Bariloche,62021,San Carlos de Bariloche,62021060,0.0221
2024,Río Negro,62,Conesa,62028,Barrio Colonia Conesa,62028010,2.616
2024,Río Negro,62,Conesa,62028,Barrio Colonia Conesa,62028010,6
2024,Río Negro,62,Conesa,62028,General Conesa,62028020,15.515
2024,Río Negro,62,Conesa,62028,Colonia San Juan,62028A02,12.2725
2024,Río Negro,62,El Cuy,62035,El Cuy,62035030,28.8
2024,Río Negro,62,El Cuy,62035,Valle Azul,62035080,31.095
2024,Río Negro,62,General Roca,62042,Allen,62042010,110.16
2024,Río Negro,62,General Roca,62042,Barda del Medio,62042030,12.27
2024,Río Negro,62,General Roca,62042,Barrio Guerrico,62042160,8.6013
2024,Río Negro,62,General Roca,62042,Barrio Pinar,62042297,3.5
2024,Río Negro,62,General Roca,62042,Catriel,62042360,4.506
2024,Río Negro,62,General Roca,62042,Catriel,62042360,1.5
2024,Río Negro,62,General Roca,62042,Cervantes,62042370,19.6848
2024,Río Negro,62,General Roca,62042,Cinco Saltos,62042390,1.901
2024,Río Negro,62,General Roca,62042,Cipolletti,62042400,32.4829
2024,Río Negro,62,General Roca,62042,Contralmirante Cordero,62042410,3
2024,Río Negro,62,General Roca,62042,Ferri,62042420,4.621
2024,Río Negro,62,General Roca,62042,General Enrique Godoy,62042430,22.57
2024,Río Negro,62,General Roca,62042,General Fernández Oro,62042440,35.8118
2024,Río Negro,62,General Roca,62042,General Roca,62042450,19.9914
2024,Río Negro,62,General Roca,62042,General Roca,62042450,150.506
2024,Río Negro,62,General Roca,62042,Ingeniero Luis A. Huergo,62042460,96.7785
2024,Río Negro,62,General Roca,62042,Mainqué,62042480,281.3118
2024,Río Negro,62,General Roca,62042,Villa Alberdi,62042530,0.6426
2024,Río Negro,62,General Roca,62042,Villa Manzano,62042550,22.0089
2024,Río Negro,62,General Roca,62042,Villa Regina,62042560,9.4498
2024,Río Negro,62,Pichi Mahuida,62063,Río Colorado,62063020,61.4896
2024,Río Negro,62,Pilcaniyeu,62070,Villa Llanquín,62070080,0.45
2024,Salta,66,Cachi,66014,Cachi,66014010,38.7141
2024,Salta,66,Cachi,66014,Payogasta,66014020,77.751
2024,Salta,66,Cachi,66014,La Paya,66014A07,0.38
2024,Salta,66,Cafayate,66021,Cafayate,66021010,324.675
2024,Salta,66,Cafayate,66021,Cafayate,66021010,72.4517
2024,Salta,66,Cafayate,66021,Cafayate,66021010,1742.5694
2024,Salta,66,Cafayate,66021,Cafayate,66021010,0.355
2024,Salta,66,Cafayate,66021,Tolombón,66021020,529.5132
2024,Salta,66,Cafayate,66021,Chuscha,66021A01,3.05
2024,Salta,66,Cafayate,66021,Las Conchas,66021A04,12.4
2024,Salta,66,Cafayate,66021,Yacochuya Norte,66021A05,79.63
2024,Salta,66,Chicoana,66042,Chicoana,66042010,0.11
2024,Salta,66,Chicoana,66042,San Fernando de Escoipe,66042A12,3
2024,Salta,66,La Viña,66098,Cabra Corral,66098020,4.65
2024,Salta,66,La Viña,66098,Las Curtiembres,66098A08,5.03
2024,Salta,66,Molinos,66119,Molinos,66119020,47.0787
2024,Salta,66,Molinos,66119,Seclantás,66119030,4.96
2024,Salta,66,Molinos,66119,Colomé,66119A06,6.55
2024,Salta,66,Molinos,66119,Colomé,66119A06,70.7
2024,Salta,66,Molinos,66119,Luracatao,66119A10,3.7
2024,Salta,66,San Carlos,66154,Angastaco,66154010,122.25
2024,Salta,66,San Carlos,66154,Animaná,66154020,446.8289
2024,Salta,66,San Carlos,66154,San Carlos,66154040,30
2024,Salta,66,San Carlos,66154,San Carlos,66154040,30
2024,Salta,66,San Carlos,66154,Corralito,66154A01,24.1132
2024,Salta,66,San Carlos,66154,Payogastilla,66154A17,1.642
2024,Salta,66,San Carlos,66154,San Lucas,66154A24,6.8
2024,Salta,66,San Carlos,66154,Santa Rosa,66154A26,11.355
2024,San Juan,70,Albardón,70007,El Rincón,70007010,712.5526
2024,San Juan,70,Albardón,70007,El Rincón,70007010,99.625
2024,San Juan,70,Albardón,70007,Villa General San Martín - Campo Afuera,70007020,2.94
2024,San Juan,70,Albardón,70007,Villa General San Martín - Campo Afuera,70007020,98.5534
2024,San Juan,70,Albardón,70007,Villa General San Martín - Campo Afuera,70007020,12.7505
2024,San Juan,70,Albardón,70007,Villa General San Martín - Campo Afuera,70007020,180.1824
2024,San Juan,70,Albardón,70007,Villa General San Martín - Campo Afuera,70007020,103.3449
2024,San Juan,70,Albardón,70007,Villa General San Martín - Campo Afuera,70007020,3.15
2024,San Juan,70,Albardón,70007,Villa General San Martín - Campo Afuera,70007020,18.6247
2024,San Juan,70,Albardón,70007,Baños La Laja,70007A02,4.9226
2024,San Juan,70,Albardón,70007,El Salado,70007A03,62.155
2024,San Juan,70,Albardón,70007,Las Tapias,70007A04,15.2
2024,San Juan,70,Albardón,70007,Las Tapias,70007A04,132.3658
2024,San Juan,70,Angaco,70014,Las Tapias,70014010,10.7746
2024,San Juan,70,Angaco,70014,Las Tapias,70014010,317.7736
2024,San Juan,70,Angaco,70014,Villa El Salvador,70014020,90.4161
2024,San Juan,70,Angaco,70014,Villa Sefair,70014020,243.373
2024,San Juan,70,Angaco,70014,Villa El Salvador,70014020,178.4333
2024,San Juan,70,Angaco,70014,Villa El Salvador,70014020,576.2518
2024,San Juan,70,Angaco,70014,El Alamito,70014A01,37.5692
2024,San Juan,70,Angaco,70014,El Bosque,70014A02,264.8848
2024,San Juan,70,Angaco,70014,Punta del Monte,70014A05,369.6682
2024,San Juan,70,Calingasta,70021,Barreal - Villa Pituil,70021010,22.745
2024,San Juan,70,Calingasta,70021,Barreal - Villa Pituil,70021010,17
2024,San Juan,70,Calingasta,70021,Calingasta,70021020,15.6
2024,San Juan,70,Calingasta,70021,Tamberías,70021030,57.596
2024,San Juan,70,Calingasta,70021,Hilario,70021A10,8.652
2024,San Juan,70,Calingasta,70021,Puchuzún,70021A28,13.7
2024,San Juan,70,Calingasta,70021,Sorocayense,70021A30,94.3815
2024,San Juan,70,Calingasta,70021,Villa Corral,70021A31,23.465
2024,San Juan,70,Caucete,70035,Caucete,70035020,2.3328
2024,San Juan,70,Caucete,70035,Caucete,70035020,9.515
2024,San Juan,70,Caucete,70035,Caucete,70035020,27.892
2024,San Juan,70,Caucete,70035,Caucete,70035020,2536.479
2024,San Juan,70,Caucete,70035,Caucete,70035020,10.4457
2024,San Juan,70,Caucete,70035,Caucete,70035020,0.3
2024,San Juan,70,Caucete,70035,Caucete,70035020,0.4395
2024,San Juan,70,Caucete,70035,Caucete,70035020,27.91
2024,San Juan,70,Caucete,70035,El Rincón,70035030,605.6547
2024,San Juan,70,Caucete,70035,Las Talas - Los Médanos,70035040,284.0111
2024,San Juan,70,Caucete,70035,Marayes,70035050,2.452
2024,San Juan,70,Caucete,70035,Pie de Palo,70035060,126.2961
2024,San Juan,70,Caucete,70035,Villa Independencia,70035080,523.2876
2024,San Juan,70,Caucete,70035,La Puntilla,70035A02,1137.5052
2024,San Juan,70,Caucete,70035,Pozo de los Algarrobos,70035A07,1402.9524
2024,San Juan,70,Chimbas,70042,Chimbas,70042010,75.2991
2024,San Juan,70,Chimbas,70042,Chimbas,70042010,624.7786
2024,San Juan,70,Iglesia,70049,Angualasto,70049010,2.6475
2024,San Juan,70,Iglesia,70049,Las Flores,70049040,2.1723
2024,San Juan,70,9 de Julio,70063,Alto de Sierra,70063010,51.8438
2024,San Juan,70,9 de Julio,70063,Las Chacritas,70063030,2.8294
2024,San Juan,70,9 de Julio,70063,Las Chacritas,70063030,541.2455
2024,San Juan,70,9 de Julio,70063,Las Chacritas,70063030,27.1514
2024,San Juan,70,9 de Julio,70063,9 de Julio,70063040,1701.1807
2024,San Juan,70,9 de Julio,70063,La Majadita,70063A00,377.2481
2024,San Juan,70,9 de Julio,70063,Rincón Cercado,70063A02,128.5296
2024,San Juan,70,Pocito,70070,Carpintería,70070020,1708.7828
2024,San Juan,70,Pocito,70070,Las Piedritas,70070025,5.47
2024,San Juan,70,Pocito,70070,Quinto Cuartel,70070030,28.878
2024,San Juan,70,Pocito,70070,Villa Aberastain,70070040,16.47
2024,San Juan,70,Pocito,70070,Villa Aberastain,70070040,470.2712
2024,San Juan,70,Pocito,70070,La Rinconada,70070040,452.282
2024,San Juan,70,Pocito,70070,Villa Aberastain,70070040,134.5602
2024,San Juan,70,Pocito,70070,Villa Nacusi,70070050,25.7165
2024,San Juan,70,Pocito,70070,Villa Nacusi,70070050,8.01
2024,San Juan,70,Pocito,70070,Villa Nacusi,70070050,2
2024,San Juan,70,Rawson,70077,El Medanito,70077010,137.9124
2024,San Juan,70,Rawson,70077,Rawson,70077010,26.8826
2024,San Juan,70,Rawson,70077,Rawson,70077010,2.97
2024,San Juan,70,Rawson,70077,Rawson,70077010,30.6611
2024,San Juan,70,Rawson,70077,Rawson,70077010,439.9607
2024,San Juan,70,Rawson,70077,Colonia Médano de Oro,70077A00,573.4631
2024,San Juan,70,Rawson,70077,Colonia Rodas,70077A02,36.9252
2024,San Juan,70,Rawson,70077,Colonia Rodas,70077A02,84.343
2024,San Juan,70,Rivadavia,70084,Rivadavia,70084010,53.0575
2024,San Juan,70,Rivadavia,70084,Rivadavia,70084010,64.5955
2024,San Juan,70,Rivadavia,70084,Rivadavia,70084010,69.57
2024,San Juan,70,San Martín,70091,Dos Acequias,70091020,840.9263
2024,San Juan,70,San Martín,70091,San Isidro,70091030,623.1726
2024,San Juan,70,San Martín,70091,Villa Dominguito,70091050,34.07
2024,San Juan,70,San Martín,70091,Villa San Martín,70091070,953.9365
2024,San Juan,70,San Martín,70091,Coll,70091A00,5.45
2024,San Juan,70,San Martín,70091,Los Compartos,70091A01,55.6665
2024,San Juan,70,San Martín,70091,Los Compartos,70091A01,112.647
2024,San Juan,70,San Martín,70091,Los Compartos,70091A01,865.1218
2024,San Juan,70,San Martín,70091,Villa Lugano,70091A02,28.7741
2024,San Juan,70,San Martín,70091,Villa Lugano,70091A02,38.2
2024,San Juan,70,Santa Lucía,70098,Colonia Gutiérrez,70098010,56.5219
2024,San Juan,70,Santa Lucía,70098,Santa Lucía,70098010,34.792
2024,San Juan,70,Santa Lucía,70098,Santa Lucía,70098010,49.435
2024,San Juan,70,Santa Lucía,70098,Santa Lucía,70098010,62.066
2024,San Juan,70,Santa Lucía,70098,Colonia Gutiérrez,70098010,327.5711
2024,San Juan,70,Santa Lucía,70098,Santa Lucía,70098010,37.012
2024,San Juan,70,Santa Lucía,70098,Santa Lucía,70098010,296.414
2024,San Juan,70,Santa Lucía,70098,Colonia Gutiérrez,70098010,15.8111
2024,San Juan,70,Sarmiento,70105,Cañada Honda,70105010,518.9943
2024,San Juan,70,Sarmiento,70105,Colonia Fiscal,70105030,905.3005
2024,San Juan,70,Sarmiento,70105,Guanacache,70105050,50.88
2024,San Juan,70,Sarmiento,70105,Las Lagunas,70105060,563.3286
2024,San Juan,70,Sarmiento,70105,Los Berros,70105070,23.1867
2024,San Juan,70,Sarmiento,70105,Los Berros,70105070,6.4366
2024,San Juan,70,Sarmiento,70105,Pedernal,70105080,778.002
2024,San Juan,70,Sarmiento,70105,Punta del Médano,70105090,185.8004
2024,San Juan,70,Sarmiento,70105,Villa Media Agua,70105100,364.7671
2024,San Juan,70,Sarmiento,70105,Villa Media Agua,70105100,1140.7547
2024,San Juan,70,Sarmiento,70105,Cochagual,70105A01,1954.4132
2024,San Juan,70,Sarmiento,70105,San Carlos,70105A07,223.39
2024,San Juan,70,Sarmiento,70105,Tres Esquinas,70105A08,330.1307
2024,San Juan,70,Ullum,70112,Villa Ibáñez,70112010,25.303
2024,San Juan,70,Ullum,70112,Villa Ibáñez,70112010,1143.081
2024,San Juan,70,Ullum,70112,La Banderita,70112A04,22.5177
2024,San Juan,70,Valle Fértil,70119,Balde del Rosario,70119020,0.784
2024,San Juan,70,25 de Mayo,70126,Tupelí,70126020,131.473
2024,San Juan,70,25 de Mayo,70126,Tupelí,70126020,298.2413
2024,San Juan,70,25 de Mayo,70126,Villa Borjas - La Chimbera,70126030,1013.624
2024,San Juan,70,25 de Mayo,70126,Villa Santa Rosa,70126050,1844.2468
2024,San Juan,70,25 de Mayo,70126,Villa Santa Rosa,70126050,1394.5366
2024,San Juan,70,25 de Mayo,70126,Villa Santa Rosa,70126050,160.0238
2024,San Juan,70,25 de Mayo,70126,Villa Santa Rosa,70126050,527.5183
2024,San Juan,70,25 de Mayo,70126,Villa Santa Rosa,70126050,102.3548
2024,San Juan,70,25 de Mayo,70126,Algarrobo Verde,70126A00,96.95
2024,San Juan,70,25 de Mayo,70126,Cuatro Esquinas,70126A04,15.8254
2024,San Juan,70,25 de Mayo,70126,Las Casuarinas,70126A06,1949.7467
2024,San Juan,70,25 de Mayo,70126,Punta del Médano,70126A09,59.776
2024,San Juan,70,Zonda,70133,Villa Basilio Nievas,70133010,360.8536
2024,San Juan,70,Zonda,70133,Villa Basilio Nievas,70133010,57.5
2024,San Juan,70,Zonda,70133,Villa Basilio Nievas,70133010,49.45
2024,San Juan,70,Zonda,70133,Villa Basilio Nievas,70133010,212.2603
2024,San Juan,70,Zonda,70133,Villa Basilio Nievas,70133010,340.821
2024,San Luis,74,Belgrano,74014,Nogolí,74014020,4
2024,San Luis,74,Coronel Pringles,74021,Río Grande,74021080,4.4237
2024,San Luis,74,Coronel Pringles,74021,El Durazno,74021A08,3.965
2024,San Luis,74,Junín,74049,Merlo,74049060,1.332
2024,San Luis,74,Junín,74049,Santa Rosa del Conlara,74049070,26.1
2024,San Luis,74,Juan Martín de Pueyrredón,74056,Beazley,74056040,56.934
2024,San Luis,74,Juan Martín de Pueyrredón,74056,San Luis,74056150,6.4949
2024,Santa Cruz,78,Deseado,78014,Caleta Olivia,78014010,0.25
2024,Santa Cruz,78,Deseado,78014,Cañadón Seco,78014020,0.0576
2024,Santa Fe,82,Belgrano,82007,Las Parejas,82007030,2.0752
2024,Santa Fe,82,Caseros,82014,Arteaga,82014020,0.3375
2024,Santa Fe,82,Castellanos,82021,Bella Italia,82021070,2.564
2024,Santa Fe,82,Castellanos,82021,Santa Clara de Saguier,82021350,0.6264
2024,Santa Fe,82,Iriondo,82056,Serodino,82056130,0.081
2024,Santa Fe,82,Iriondo,82056,Totoras,82056140,0.006
2024,Santa Fe,82,La Capital,82063,Laguna Paiva,82063080,0.12
2024,Santa Fe,82,La Capital,82063,Llambi Campbell,82063090,0.2862
2024,Santa Fe,82,Las Colonias,82070,Humboldt,82070100,0.12
2024,Santa Fe,82,Rosario,82084,Soldini,82084280,0.174
2024,Santa Fe,82,San Cristóbal,82091,Villa Trinidad,82091280,0.116
2024,Santiago del Estero,86,Belgrano,86042,Bandera,86042010,1.55
2024,Santiago del Estero,86,Capital,86049,Vuelta de la Barranca,86049120,8.8
2024,Santiago del Estero,86,Robles,86161,Beltrán,86161010,6.7381
2024,Santiago del Estero,86,Robles,86161,Vilmer,86161050,0.26
2024,Tucumán,90,Tafí del Valle,90098,Amaicha del Valle,90098010,21.8751
2024,Tucumán,90,Tafí del Valle,90098,Amaicha del Valle,90098010,0.95
2024,Tucumán,90,Tafí del Valle,90098,Colalao del Valle,90098020,64.1711
2024,Tucumán,90,Tafí del Valle,90098,Tafí del Valle,90098040,1
2024,Tucumán,90,Tafí del Valle,90098,El Bañado,90098A12,7.59
2024,Tucumán,90,Tafí del Valle,90098,El Paso,90098A18,30.9692
2024,Tucumán,90,Tafí del Valle,90098,La Fronterita,90098A29,0.45
2024,Tucumán,90,Tafí del Valle,90098,Los Zazos,90098A40,9.35
2024,Tucumán,90,Tafí del Valle,90098,Quilmes,90098A48,0.87
2024,Tucumán,90,Tafí Viejo,90105,Villa Las Flores,90105090,2.3
2024,Tucumán,90,Trancas,90112,Choromoro,90112010,1
2024,Tucumán,90,Trancas,90112,Villa de Trancas,90112030,4.55
